relative_path,size_bytes,sha256
.gitignore,331,f71142b402596a719648e96c7a1ce33a7bc0f74003b1b526979cb8255e5d1530
00_protocol/ANALYSIS_PLAN_LOCKED.md,3566,80388139d21a5c86040243098f089e7a087c88c3dfe580edc63de27c7d019da5
00_protocol/BOOTSTRAP_METHOD_AND_GUARDRAILS.md,2615,e84f4bcb99f411794a8c09e0b9244891b2354933b5bcc2eed0de130bb0dd4265
00_protocol/MERGE_DECISION_LOG.md,1728,62cd9c07bd0c1fce5629a87af1c5ba50f0315f980e6139707529c6844a7045e1
00_protocol/PROVISIONAL_SCIENTIFIC_FINDINGS.md,4836,5312747ed0b932d617c3066aeeccd9685b565bd8063ae3c820ab0a9514043948
00_protocol/ROBUSTNESS_CLOSURE_REPORT.md,2929,725ce2e37860fd5d5aef6e80f7a14f6431e5192f6356905fcd500a76830984c3
00_protocol/SCOPE_AND_CLAIMS_GUARDRAIL.md,1607,36bd7b982775a46142a7086db7dda0f1192110a161b1b543746eb80440bb54e6
00_protocol/TARGET_AND_SCOPE_DECISION.md,1633,b5aa2c16cfceec301f5e9585734c926500b197564f9075ca114999897e996de8
00_protocol/TECHNICAL_AUDIT_TRAIL_V0_4_2.md,12152,2a310321b8a7e0381cb635c866824c2e5362235eae84b05daed3ab3a87c64ef5
00_protocol/TECHNICAL_AUDIT_TRAIL_V0_4_3.md,3166,456e5c1caf3f84ce6a9a12075abe7a71619d3866e6356afd4aaf6cd85b7d12c0
00_protocol/UNCERTAINTY_QUANTIFIED_FINDINGS.md,1366,488ad759a546ea0f9450399992b0858e44a158774769a1bce7511184ae516725
00_protocol/VERSION_NOTES_V0_3.md,1495,6fd1c22b5f740155a69243c29a9581e29c10313f9de1d7ec1caaa9da953058df
00_protocol/VERSION_NOTES_V0_4.md,1248,5cc47b29bd5b62cb155dd866887cd54ab62c29a8c61a9e25dea5ef121c33dfc5
00_protocol/VERSION_NOTES_V0_4_1.md,1054,167bce50adfda31722595642a05fed43f10d960690317ae41d6cf19d78a3ef63
00_protocol/VERSION_NOTES_V0_4_2.md,3954,08c7f3e54a95b015165a998c514818e5960d384bcfd596c59d38b69c0c3f2691
00_protocol/VERSION_NOTES_V0_4_3.md,1515,10923a6c86c9c94c314c77002068656ada847c07acd6afdfaa7b28a0cfd7b716
01_raw_data/README_SOURCES.md,2178,4abeeab7811e6eaf135231bca0be6bcbff5b490fb50bb7c2c9d8f65be846bd54
01_raw_data/world_bank/WB_ELECTRICITY_ACCESS_PCT.xls,205312,dfdf9a6a1d6602ffb383bb1205bfbd1f3193296074d39c797a8aff2c81481017
01_raw_data/world_bank/WB_FDI_NET_INFLOWS_CURRENT_USD.xls,323072,411d3f7d2bcd9571d660c50d68a4ca45db5add41b6d73ced7d795e4b357355b2
01_raw_data/world_bank/WB_FDI_NET_INFLOWS_GDP_PCT.xls,346112,82b1fc49379d9b01d90a44f40cbd133e899bb47a0d401fec1e394c4a7fd1f958
01_raw_data/world_bank/WB_GDP_CURRENT_USD.xls,398336,4bd127c714ae910f11a212092e4f51631273c679f96c7f18c3976932efd53339
01_raw_data/world_bank/WB_GDP_GROWTH_ANNUAL_PCT.xls,393216,380d1543572316326ec6c2f6d092c439d9341214bed5cb26e13278880bb88d96
01_raw_data/world_bank/WB_INFLATION_CPI_ANNUAL_PCT.xls,342016,b103fb711abe064d4ac96120985d1a91135ea700f7eff069d84334350b53f68f
01_raw_data/world_bank/WB_OIL_RENTS_GDP_PCT.xls,285184,029840736cbe5f56e03a55e4fb401fea4303c8dfe457853d17bd07d0dd830c4e
01_raw_data/world_bank/WB_POPULATION_TOTAL.xls,262656,24bfc549cdc893b74777c3b89f95cdfc6ef546666ff8317e53a150a3a227a7cd
01_raw_data/world_bank/WB_TRADE_GDP_PCT.xls,337408,9486bb4234860721fd2ca5d405337382870ed5f660fcc092e58b03584c3234fb
01_raw_data/world_bank/WGI_2025_Governance_Estimates_and_Scores.xlsx,10423344,25a2f9eabb90b0092973392c0b31571aa58b691cc5786292e504b52f693e1eb8
02_forensic_archive/BROKEN_WDI_RQ_EXPORT_DO_NOT_USE.xls,229376,e3b1864e95e6705466c206490954aa614d8b8b8303165ee92fa9a74e2c86de5e
02_forensic_archive/LEGACY_INVESTMENT_SIGNAL_AUDIT_OIL_UPGRADED.csv,5942065,a01eed4d6a272170902cc5c95f043d2062049d37bc3057c80f5d33fdcaafa6d2
02_forensic_archive/LEGACY_audit_outputs/Decision_Rule_Summary.csv,591,4d3a856a9eb88f7a46e22d88c8fcd4ac24ce6d4281bde3e5204e88d5fe36d190
02_forensic_archive/LEGACY_audit_outputs/Table1_Dataset_Coverage.csv,1260,d6d6b282b7e2869a4dffe0aee6b5d78bf14bccf6f81023b7fecefc249b79994e
02_forensic_archive/LEGACY_audit_outputs/Table2_Target_Comparison.csv,755,cfd4394424c3f56684b4e03759c1f29cedfc3da69d8b795ac42d38084d21e71c
02_forensic_archive/LEGACY_audit_outputs/Table3_CV_Results.csv,8738,66fba00d6d307f96437baa4d3183b09e3627512c9f74f2fbb5effa7e3993d58e
02_forensic_archive/LEGACY_audit_outputs/Table3b_CV_Robustness_Target.csv,9185,fffe25d8218fb75ba752060f35342be3428547fac9e270e4335172ebdef4996c
02_forensic_archive/LEGACY_audit_outputs/Table4_Time_Split_Results.csv,2821,2266186e01f97c42afa5e676cf79d29ce3cc4e118e4b1b301667a2d54992202a
02_forensic_archive/LEGACY_audit_outputs/Table5_Incremental_Value.csv,3356,0f92451dfc6828d9d9afecd8ae987f1fbc9f2ff407359ae333f7a0ccc3e83c44
02_forensic_archive/LEGACY_audit_outputs/Table6_M4_Linear_Coef.csv,578,39c0777339f09225f125d16866f96344bd1a306b741e423c4ccc8d3cbf846c59
02_forensic_archive/LEGACY_audit_outputs/Table6_M4_RF_Perm_Importance.csv,662,7d1e5654dc3f15dc797c94526e9b3f1230a6e16e269987d70d4bf13552c94f71
02_forensic_archive/LEGACY_audit_outputs/Table6_M5_Linear_Coef.csv,854,261dc1913c85e0284860d5af649a9a08dd5cd62fe12c912247b31942bd5237e8
02_forensic_archive/LEGACY_audit_outputs/Table6_M5_RF_Perm_Importance.csv,1028,1c2626576ac51a7592f978e1aeabcadf5ac18d510e7bb0e66d3c85ccb5077134
02_forensic_archive/LEGACY_audit_outputs/Table7_EITI_Track_CV.csv,1422,486176fbce7217e817521b6f6340cd77d1a5d3ea226fb0380d54577e3ed10dcd
02_forensic_archive/LEGACY_investment_nb.py,46736,e5e0ab29bb43eb2fcc968f40f0b24421c96551bfa369b25e28508255f59198e2
02_forensic_archive/LEGACY_signal_audit_nb.py,26920,adbccf0dccd8010bc25871f32fda7687f735d7e2527419ebd405b18f669c4a0d
02_forensic_archive/README_FORENSIC_ONLY.md,626,348a06d80bf4b5b7a989ca1d844c59183db04cad749e3141c59d0d271c511f30
03_config/analysis_config.json,4542,d065d558fdc33cfca22dc6e4d4bbd992fbcb6398f4d6c07d250d9a140db112d7
04_pipeline/01_validate_raw_sources.py,3675,3d0f0c0832f381922314fb9657fe3b7ac824d0a1e1ff3c1a9510633b9a027ae6
04_pipeline/02_build_panel_v3.py,12946,4047cff6b5c583f30d98ce68ba63c78164253192662a81c709cf5240780655e6
04_pipeline/03_assign_country_folds.py,866,4ec13be569d7b78e9ac2a45e8f6e54968312b82fd3f8b838db6a8c66752c6eb6
04_pipeline/04_lock_samples.py,6696,5555bd1d7181700d4996700aba7864dafee2c3e12517b182e46059a9061d5387
04_pipeline/05_run_corrected_audit.py,19764,5e974dba55bb2e7313327a0115f7ec24a4ad46e994243ea87ed803ad67e15554
04_pipeline/06_bootstrap_uncertainty.py,34371,f452cdd741d51d41715d496c41ef584954cee9f1618e598cc77dc1769b59f4d8
04_pipeline/06_generate_decisions_and_coverage.py,22259,6b29b454bfce86086a33060626b6a9ef51ead168d6ddf113323422c672c21011
04_pipeline/07_build_reproducibility_report.py,8851,b7ff5e6ff8b29208e05ba201f49b8d85a0057a2267c0f3db47cf5c65cc657f4b
04_pipeline/07_integrate_bootstrap_verdicts.py,4683,7205d993fa08197271ce73c328c2598a1ce772a441d2ddd922b786a7ff366861
04_pipeline/07_verify_deterministic_rerun.py,5089,c1f179a67900349005c1b526259b1546a7c81296bea692f51021356f50bb78a8
04_pipeline/08_persistence_baseline_forensics.py,8043,5e3230d3aab89c0b6874569530fa4e4d5338dd8cf5f6e8c6fb0b9b445f958875
04_pipeline/09_generate_manuscript_reporting.py,14540,df49f4dbc278e554958e14df7d2b8df9872dd2ae175e4ac508f10268e05f3854
04_pipeline/common.py,3477,177d4125d20dd11771489a1772b452057b49b52f41c628429210c821e21b25b6
05_processed_data/Data_Dictionary_V3.csv,4285,9c66013f78bf9ad92a4845e1070a22103ec5bc25b9f41cddada31c881206897b
05_processed_data/Flow_GDP_Ratio_Consistency_Summary.csv,291,38d8b399dea8a890192cfde1dc6e4c8d46940ee970f3c6beb94706f8207a6b24
05_processed_data/Flow_GDP_Ratio_Consistency_Top100.csv,6596,15edd8cc3801266ce01438ef1738df2ee197356d756f039d7269403c9543fae3
05_processed_data/MS2_SIGNAL_ADMISSIBILITY_PANEL_V3.csv,3676062,6b5ea7e62c6ff7ec96e8e86ab8b869c9e2da8578c894ffa8a9cd72b820f7ece5
05_processed_data/Missingness_and_Coverage.csv,1862,924144b8140dfe1a6c1b2863c925b2abb3f5d9283fecd570c60fed3098070696
05_processed_data/Source_Provenance_Log.csv,1743,6bbeba72f2ca64ae1d0978d9411bc399dbd6826f3de66534ba6ad87913b05308
06_locked_design/Country_Fold_Assignments.csv,12102,05c948003b4a55a8c1b209573d01e09f03b27d9ce65a15b1300db6926f059feb
06_locked_design/Country_Fold_Counts.csv,54,0ccfb8a966d64a0deb1bfc00dfb22d5a177ba027b68edd732e40ee0cad279ace
06_locked_design/Country_Universe.csv,14499,bb67dacf00d6980d0d138ef5872873133ccd39bd8d2c1a66b14be90ea754a4c7
06_locked_design/Feature_Set_Manifest.csv,5166,8c43cb1e82dfb2bb63baa545d3083e87501d4ee8d5ff34600d7e5349d2b895b0
06_locked_design/Matched_Sample_Feasibility.csv,5760,a32ea1671e2fce5b7a6dcc2f38b8466b278ebebd74bbf20d62b90b42f5bacdc8
06_locked_design/Matched_Sample_Registry.csv,14927,d1709b075e39c496d783a3d24b43e83e2748e9d88e1e852b89cc8e4fd3accd5a
06_locked_design/Matched_Sample__M1_Macro_vs_M2_Macro_Oil__normalized__All_Eligible.csv,740578,f98c9ebeaf36125b87e6d3198e9327232a0b7b65017d3f590aaaec8fafa72325
06_locked_design/Matched_Sample__M1_Macro_vs_M2_Macro_Oil__normalized__Oil_Rent_Intensive_Pre2016_ge10pct.csv,127811,89fd0d4263d2d91ca35caf6911d2bb37ac6e8e5692f2957174f656b12f55d610
06_locked_design/Matched_Sample__M1_Macro_vs_M2_Macro_Oil__normalized__Oil_Rent_Intensive_Pre2016_ge15pct.csv,112307,7bc96a02da1e0b7aa9e7613937dae1705ee344957c98fc3bc365c9c8604ca23d
06_locked_design/Matched_Sample__M1_Macro_vs_M2_Macro_Oil__normalized__Oil_Rent_Intensive_Pre2016_ge1pct.csv,275152,d45efcd6cdae19e603104df2d12da12c5dba581a1643402f231aee4b3016fc2e
06_locked_design/Matched_Sample__M1_Macro_vs_M2_Macro_Oil__normalized__Oil_Rent_Intensive_Pre2016_ge5pct.csv,176143,30bccc228e819e1f6be2721b1564f1cad33c1e51e15437c6ef2a4a7cf30ba17e
06_locked_design/Matched_Sample__M1_Macro_vs_M2_Macro_Oil__primary__All_Eligible.csv,736144,02a2232bee5956de747d8c126827ea53454699aa200136c6af0f6646356fdf62
06_locked_design/Matched_Sample__M1_Macro_vs_M2_Macro_Oil__primary__Oil_Rent_Intensive_Pre2016_ge10pct.csv,126970,3cd65d7cb8bbf5f7a7740fb3cf284ad5b831f370d33f68335ea6196a711f809d
06_locked_design/Matched_Sample__M1_Macro_vs_M2_Macro_Oil__primary__Oil_Rent_Intensive_Pre2016_ge15pct.csv,111542,087b72e42e042fd332a07dd9fc327c6de6850daa732a4bb3f78ecea21675b29e
06_locked_design/Matched_Sample__M1_Macro_vs_M2_Macro_Oil__primary__Oil_Rent_Intensive_Pre2016_ge1pct.csv,273363,1353f84fa7d5011843bb6bcdbf72b841264dbac5c7caacbbcf3f413746b6e002
06_locked_design/Matched_Sample__M1_Macro_vs_M2_Macro_Oil__primary__Oil_Rent_Intensive_Pre2016_ge5pct.csv,175018,26cb1ae804308ed122c083c34c021b1ff76b72ff3feab75eabde34c9bda877e5
06_locked_design/Matched_Sample__M1_Macro_vs_M2_Macro_Oil__raw_ratio_stress__All_Eligible.csv,739386,8e445cf0274233091dae291377720c5737a9ec4aa1fb00d73e07e8c963c41a7e
06_locked_design/Matched_Sample__M2_Macro_Oil_vs_M3_Macro_Oil_RegQuality__normalized__All_Eligible.csv,643942,f02ba3c9922ee5c8082c9d9cf292352dbd68cc423062713b038f4615860872eb
06_locked_design/Matched_Sample__M2_Macro_Oil_vs_M3_Macro_Oil_RegQuality__normalized__Oil_Rent_Intensive_Pre2016_ge10pct.csv,115810,a387ea54e1100df1847c176cd9b2eb9038daf11c7db672af640bf243b89d476d
06_locked_design/Matched_Sample__M2_Macro_Oil_vs_M3_Macro_Oil_RegQuality__normalized__Oil_Rent_Intensive_Pre2016_ge15pct.csv,101320,6576430e9771ba863f04022b34408b636d1eef4e9d24c0d26c36a70cbb0d6fc0
06_locked_design/Matched_Sample__M2_Macro_Oil_vs_M3_Macro_Oil_RegQuality__normalized__Oil_Rent_Intensive_Pre2016_ge1pct.csv,243589,24b272d7efea95e901d385f8ea626a66c32c09d513b608e38d6c82411f7cfb6a
06_locked_design/Matched_Sample__M2_Macro_Oil_vs_M3_Macro_Oil_RegQuality__normalized__Oil_Rent_Intensive_Pre2016_ge5pct.csv,157089,19b5e65b97a3379bd01bd35fa7ae26396a719b51513fad626d873c8ce73b9c92
06_locked_design/Matched_Sample__M2_Macro_Oil_vs_M3_Macro_Oil_RegQuality__primary__All_Eligible.csv,640551,a3e0d2ae80ddeeaad3e496e338982554907643807950d6e327f133d75b2d61d6
06_locked_design/Matched_Sample__M2_Macro_Oil_vs_M3_Macro_Oil_RegQuality__primary__Oil_Rent_Intensive_Pre2016_ge10pct.csv,115137,407388c3a9d4b08f4bcca93cad3ce8dad8142f4d3a8202d0b1e372d7c6b72607
06_locked_design/Matched_Sample__M2_Macro_Oil_vs_M3_Macro_Oil_RegQuality__primary__Oil_Rent_Intensive_Pre2016_ge15pct.csv,100704,428802eab8a86b4883718f523a6c0bca29f91fd001a8ee60c2c643dd0b3f2a98
06_locked_design/Matched_Sample__M2_Macro_Oil_vs_M3_Macro_Oil_RegQuality__primary__Oil_Rent_Intensive_Pre2016_ge1pct.csv,242216,53fa13e05f37621c3628a55566f665765f492feed8342b451e013543e9474805
06_locked_design/Matched_Sample__M2_Macro_Oil_vs_M3_Macro_Oil_RegQuality__primary__Oil_Rent_Intensive_Pre2016_ge5pct.csv,156216,93477a2d1520d0ea968577b9eb078dcc59b4fe77f2408cd65a570a9ed141aa8a
06_locked_design/Matched_Sample__M2_Macro_Oil_vs_M3_Macro_Oil_RegQuality__raw_ratio_stress__All_Eligible.csv,642976,ccaed3927b0b12d280743f05a9565ad799be1cdb4f6fd75b5079daa0d901c808
06_locked_design/WGI_to_World_Bank_Country_Mapping_Audit.csv,4486,d510e73cf4adbfd61a527e8c98e1f286f5cf005f1e6fa91151213e78adba3262
07_outputs/Base_Model_Benchmark_Margin_Headline.csv,634,03d4802c920b8d9b14fbad3b371dc783851a79e8b08bde6a9d5f752116a1ec90
07_outputs/Base_Model_vs_Best_Benchmark_Unit_Level.csv,127731,eca258044d8d6cf18cb13f9c5c11e705c853d97592a1315e6fc56d5fd085fa49
07_outputs/Bootstrap_Country_Contributions.csv,30178600,8b43d5ad29521eeb17729ce6b13ee197fc1e95e77ef903042b9aae86eb62b09d
07_outputs/Bootstrap_Draw_Diagnostics.csv,250771,2c664ff6dc9894505223f90f76c17fee94b3de63d035a37d4de7c992f0502946
07_outputs/Bootstrap_Five_Way_Setup_Verdicts.csv,7795,3a206f3258a33590499630e1d5f2746d09aa8c453c6cf555e28780b6b55cfcc8
07_outputs/Bootstrap_Point_Estimate_Alignment.csv,241867,7e2ec0c4d0f516cd2eca11ffdb8735159b86b38cda279d7904d5c7e40ae9b036
07_outputs/Bootstrap_Protocol_Parameters.csv,640,527054f99fab80eaca44a4725fd85a0bc287ba22651f90ad67045485fae0367b
07_outputs/Bootstrap_Threshold_Probability_Curve.csv,18543504,58b66e63b3ff60690afae52ca7eb4389c5ef81f6a4e61ca8351a7b8e31542645
07_outputs/Bootstrap_Unit_Summary.csv,527676,b87b08eef1b6e69c09314090985f645a0cbfb13ef868ae01f8bcc3b2565382c0
07_outputs/Central_Verdict_Sensitivity_Table.csv,19361,7ab3cac8ff067fa6aee7b21d1e1e2eafa77d930cc37d644cba2667fc7973761d
07_outputs/Corrected_Benchmark_Competitiveness_Summary.csv,10336,e29406f5130382afa77efcbcb98bec51ea7b27018ed3cbe8ff437d32f25ba7e6
07_outputs/Corrected_Benchmark_Performance.csv,313056,d4c2425697c283284dda0b9a555311628d47b8ef9cd68421960237deae5f9594
07_outputs/Corrected_Incremental_Delta.csv,275722,f88a1edafd5ed3489aa3ea369a4ebefbce81ff1036272fe41ed860071372352e
07_outputs/Corrected_Incremental_Summary.csv,11033,dc9d8af4d2920ae235546d8ae56dd2a61121c29d627365862efc089f213f86b5
07_outputs/Corrected_Model_Performance.csv,902889,7db6f4d038d3f75b2ca59a21bb73e25408d95895f07629935a0a64c9dfca8038
07_outputs/Corrected_Model_vs_Best_Benchmark.csv,273851,f03c1a885a939bdd0fc86cffc8962c8def0cbaccdd811206b9d394b8a4eb0c49
07_outputs/Country_Coverage_Audit.csv,16237,9c3ce0083ec197fb366c724f9adac2baaab5ac1835cf848462aec78cf7221b53
07_outputs/Coverage_Audit_Summary.csv,1563,bda86ba5d73922a40ddd6aaf1cb58a22170d0e255fe66f2acb8597468aa25796
07_outputs/Figure2b_Threshold_Sensitivity_Source.csv,6986,ca8c61a4ac79b6203b1512c2a2b043123456b85d3652cbc2c1c6533a1c427fe2
07_outputs/Final_Signal_Role_and_Admissibility.csv,1102,c28e57534388c919fbd964f35ebcce036c648a72d4df52669d00fa2c18350864
07_outputs/Forensic_Audit_Findings.csv,926,893f9e9f6c6b81bea87e9bc1316ca3015d13c56887036114c0510291b5565bc4
07_outputs/Future_Cutoff_Sensitivity_Table.csv,39473,fd7881bbc7fa9ba4399a6955f87241c640b0026f6196fc980350b6820eb60ffd
07_outputs/Manuscript_Table1_Data_and_Design.csv,2259,6661c067bc2100e03ee0d15dbf978cfb865a4e4c2a0f02ed3dbd298248280fbd
07_outputs/Manuscript_Table3_Setup_Evidence_Compact.csv,1644,d1816d574fa8fa50bf915355f6b207a37538ce527e2657fff849d091175999d6
07_outputs/Manuscript_Table3_Setup_Evidence_Long.csv,3611,56d6243449e5b9ebeeae0482172d68fca644fe2d0a54596508aa703294cba276
07_outputs/Manuscript_Table4_Final_Synthesis.csv,286,e15b02cbd747ac7094382e1007ee384820d27414d104d7e9f9b47750a0d152d0
07_outputs/Material_Setup_Caveats.csv,564,e1419e2ca774b37f8424c74dd7097e92c8b6aa46cdb507e067947689b40ba787
07_outputs/Normalized_vs_Raw_Ratio_Stability.csv,26199,1d2dade3bd015c80e0c663cc75a024019e64bb61042cc858ac9988915775c3a5
07_outputs/Null_Signal_Sanity_Per_Permutation.csv,5575,95bcdb71c9438c82288d9146edb264fdd5b465b822f1e92d0b466e8721a78bc1
07_outputs/Null_Signal_Sanity_Summary.csv,1251,d79b4c7daca2ad7731867fe9f3a0e050abcfb08fd205f65a34ed51afdfe93092
07_outputs/Oil_Rent_Threshold_Sensitivity_Table.csv,14561,dcb6119482c184b7d0811c006763c6f9b112e47031fb045019bc943eb49dad38
07_outputs/Paired_Label_Swap_Calibration.csv,586,90cc6688071c407e4fb4da1ad6f6b62664291a0ee04f977f35f284180ddb2cda
07_outputs/Persistence_Baseline_Forensics.csv,3279,a9cd76e9d2e02efcd09f7e91e7dfbc6b2378eb270f5a7843ee6b40da0b5ad94f
07_outputs/Persistence_Headline_Comparison.csv,925,665335004c6319fb403f82bca5d07671ce35daac26540a819fccf10d5ff5ab0c
07_outputs/Preliminary_Signal_Admissibility_Decisions.csv,684,c642a635e46970dceb1a9f0c61cb435bf18123dabd3eafe0916a9e01396a9d4e
07_outputs/Raw_Flow_GDP_Extreme_Value_Summary.csv,206,69daf20813ffea41c38feef0ec265a58aa8065ee5fa84e4dbbaa477f8bccf9ac
07_outputs/Raw_Flow_GDP_Top_100_Extreme_Observations.csv,5801,6eac56489d61064d2ab35c03dbb61e872c95f389f0a1d8ecf75e41dc0e612e79
07_outputs/Raw_Ratio_Fold_Leverage_Audit.csv,82627,9ebf3629511e39f562517a1705a25cc62141b558816d221db7f6ce45f46ba610
07_outputs/Restoration_Self_Test.csv,241,06f8030e9ba445f02eda97958ad38b501fc204af0e2da6d20bcbf7bc0873735d
07_outputs/Restored_But_Incomplete_Log.csv,300,b7b812d61eccc76767283e4d0b52d585a86925e8087333c76215c46b62de8a0e
07_outputs/Signal_Cross_Setup_Pattern.csv,572,c4ea12bfcda0bfdcffeeb976f6dc89c3daf598890687257c05d8e5c83681248c
07_outputs/Split_Level_Target_and_Prediction_Audit.csv,627961,ca7591d70db8166909b204589a68715abedd6d83267e9f31ebb3d99af2c9b2ad
07_outputs/bootstrap_partials/curve__M1_Macro_vs_M2_Macro_Oil__normalized__All_Eligible.csv,738870,4a7e56bc24c44749eb7d3932da0ada6473899e7b9e8faed3bc8ddd5496b61918
07_outputs/bootstrap_partials/curve__M1_Macro_vs_M2_Macro_Oil__normalized__Oil_Rent_Intensive_Pre2016_ge10pct.csv,899920,b281e364f9d0c1d7dc587cb7b377c356a6d4b048315cc4d2ae7d354876cc2153
07_outputs/bootstrap_partials/curve__M1_Macro_vs_M2_Macro_Oil__normalized__Oil_Rent_Intensive_Pre2016_ge15pct.csv,900907,27ed3865d1ffe1d4d246b886fb79c6f3c5f8df11c028be236707743e429f328e
07_outputs/bootstrap_partials/curve__M1_Macro_vs_M2_Macro_Oil__normalized__Oil_Rent_Intensive_Pre2016_ge1pct.csv,891716,426b96f3e40f5d24c355f199d852420029decdf87a17a10ff4a97e1d10abe0c7
07_outputs/bootstrap_partials/curve__M1_Macro_vs_M2_Macro_Oil__normalized__Oil_Rent_Intensive_Pre2016_ge5pct.csv,893146,f8eb4baaf16e94772113235b9d8bcc7bc1e60dfec1bc0a34b43804123f56f13a
07_outputs/bootstrap_partials/curve__M1_Macro_vs_M2_Macro_Oil__primary__All_Eligible.csv,715551,6919701c9496eee8356001eb8ddcf736f14593e115e86db97c77d5b70bfeaedc
07_outputs/bootstrap_partials/curve__M1_Macro_vs_M2_Macro_Oil__primary__Oil_Rent_Intensive_Pre2016_ge10pct.csv,879671,7ea4243d78a2cbe435654b8df1abae5b272b960049a0e0dd6c28b144e2bb63e1
07_outputs/bootstrap_partials/curve__M1_Macro_vs_M2_Macro_Oil__primary__Oil_Rent_Intensive_Pre2016_ge15pct.csv,880107,35cd6c755dc068488c33d165ee778b1b7b4deb5ec87a8194a7aa5f6dea22cafb
07_outputs/bootstrap_partials/curve__M1_Macro_vs_M2_Macro_Oil__primary__Oil_Rent_Intensive_Pre2016_ge1pct.csv,872339,9a4cf3be8d1d84a1ae71bd30dfbd31aa7eb181c74d0949485dfe27ee045a0ac4
07_outputs/bootstrap_partials/curve__M1_Macro_vs_M2_Macro_Oil__primary__Oil_Rent_Intensive_Pre2016_ge5pct.csv,872535,cfc924ed10272a59f84d64037358d5812e6dbaa2e58f699e936af02b08e3cf49
07_outputs/bootstrap_partials/curve__M1_Macro_vs_M2_Macro_Oil__raw_ratio_stress__All_Eligible.csv,783554,00d6219585d55809a4707b2245aab88e868001bd5b420d19c86ffd87af3b9463
07_outputs/bootstrap_partials/curve__M2_Macro_Oil_vs_M3_Macro_Oil_RegQuality__normalized__All_Eligible.csv,796565,23194bd1cc9bd9a6a80b60df6aed8d8eecaf7f8d4ab778f527f1883d8978a067
07_outputs/bootstrap_partials/curve__M2_Macro_Oil_vs_M3_Macro_Oil_RegQuality__normalized__Oil_Rent_Intensive_Pre2016_ge10pct.csv,958226,93d405c546b94af643895368867a1d36fa8fab9a9791c255c6391e5fe66b41d8
07_outputs/bootstrap_partials/curve__M2_Macro_Oil_vs_M3_Macro_Oil_RegQuality__normalized__Oil_Rent_Intensive_Pre2016_ge15pct.csv,958771,d26d3088b77ede08c30b11c7d93066f975702818ea582d9f86e5ff615fec3671
07_outputs/bootstrap_partials/curve__M2_Macro_Oil_vs_M3_Macro_Oil_RegQuality__normalized__Oil_Rent_Intensive_Pre2016_ge1pct.csv,949373,bdccd5165c9d37decc8dd264b3c534841c5d4f81f82f8ecd51f2a99aa25c6db8
07_outputs/bootstrap_partials/curve__M2_Macro_Oil_vs_M3_Macro_Oil_RegQuality__normalized__Oil_Rent_Intensive_Pre2016_ge5pct.csv,950539,e0b0a0818a8b67c4743022da81b7c288a2e38ed62af2f8c8f48adec159ad104b
07_outputs/bootstrap_partials/curve__M2_Macro_Oil_vs_M3_Macro_Oil_RegQuality__primary__All_Eligible.csv,772703,d45198ca50cd394bc6ac82f54800867caa1bac085266a46f63b00d1ef107bd52
07_outputs/bootstrap_partials/curve__M2_Macro_Oil_vs_M3_Macro_Oil_RegQuality__primary__Oil_Rent_Intensive_Pre2016_ge10pct.csv,937064,a8b3d7d0ee9b23cbc78da3b9c03dd651d38ef11d010f8a9abed20688e6eb83e6
07_outputs/bootstrap_partials/curve__M2_Macro_Oil_vs_M3_Macro_Oil_RegQuality__primary__Oil_Rent_Intensive_Pre2016_ge15pct.csv,936629,ef01199afbd788f00260cbfe5514d17c985c16f35c007629d4b5d131c89dc0d5
07_outputs/bootstrap_partials/curve__M2_Macro_Oil_vs_M3_Macro_Oil_RegQuality__primary__Oil_Rent_Intensive_Pre2016_ge1pct.csv,929068,79e3efd715d4b95c6b15b40f744313cf8406635e5ad48411c5285dcd7e8d3ec9
07_outputs/bootstrap_partials/curve__M2_Macro_Oil_vs_M3_Macro_Oil_RegQuality__primary__Oil_Rent_Intensive_Pre2016_ge5pct.csv,929549,dd2dbac0a59c68178d7ad80c9fc93ed4fb98369689b1bbef4590ee89a8aaede1
07_outputs/bootstrap_partials/curve__M2_Macro_Oil_vs_M3_Macro_Oil_RegQuality__raw_ratio_stress__All_Eligible.csv,842285,3ac4f1a0cf797cf0a8a00d788469e6890bc39fd48e4ee289226f1570814fdf4e
07_outputs/bootstrap_partials/diagnostics__M1_Macro_vs_M2_Macro_Oil__normalized__All_Eligible.csv,10465,449bfe880d4b4a9d093934e8108e92f7f174e4c81a7d59aea07241bb6a129ea5
07_outputs/bootstrap_partials/diagnostics__M1_Macro_vs_M2_Macro_Oil__normalized__Oil_Rent_Intensive_Pre2016_ge10pct.csv,11839,cefc5d23347fdca45ec5b7e0478ef61fda5442e8c26bfadad7f3233825f3d905
07_outputs/bootstrap_partials/diagnostics__M1_Macro_vs_M2_Macro_Oil__normalized__Oil_Rent_Intensive_Pre2016_ge15pct.csv,11821,ce4bf3b694092fdad54fb97b7ef39a88b54ddf443b84ebc379e5329411180a73
07_outputs/bootstrap_partials/diagnostics__M1_Macro_vs_M2_Macro_Oil__normalized__Oil_Rent_Intensive_Pre2016_ge1pct.csv,11767,d594abda60f3b525f60acb92fd889e03b90649708cc20465b833a53bbb3e583b
07_outputs/bootstrap_partials/diagnostics__M1_Macro_vs_M2_Macro_Oil__normalized__Oil_Rent_Intensive_Pre2016_ge5pct.csv,11767,98911fc234ca02fdf14577e37beb96cd13883437d0c2e73d1d8c369faf0d1fbd
07_outputs/bootstrap_partials/diagnostics__M1_Macro_vs_M2_Macro_Oil__primary__All_Eligible.csv,10243,5fcb16ce56c53aabda0e1734af23f12386861f66d48e1be0a41e448d3d6501b2
07_outputs/bootstrap_partials/diagnostics__M1_Macro_vs_M2_Macro_Oil__primary__Oil_Rent_Intensive_Pre2016_ge10pct.csv,11623,093cbd0e2fe384afac545949ad349acee0169872ba22ae3bc147cf12ed0e3cc7
07_outputs/bootstrap_partials/diagnostics__M1_Macro_vs_M2_Macro_Oil__primary__Oil_Rent_Intensive_Pre2016_ge15pct.csv,11611,06bca886d898ff936f8908fe1db6e5ed56654b47af4145eb46abe881d2b76ff7
07_outputs/bootstrap_partials/diagnostics__M1_Macro_vs_M2_Macro_Oil__primary__Oil_Rent_Intensive_Pre2016_ge1pct.csv,11551,cf122835ec5652f9adf2e7bc2ce311367928c99f5d33233edbe7a0a248017b18
07_outputs/bootstrap_partials/diagnostics__M1_Macro_vs_M2_Macro_Oil__primary__Oil_Rent_Intensive_Pre2016_ge5pct.csv,11551,712c0ad7e77596ebd0127cbdcb3f38d8cf87920f40ccc6cc01473abb158581f0
07_outputs/bootstrap_partials/diagnostics__M1_Macro_vs_M2_Macro_Oil__raw_ratio_stress__All_Eligible.csv,10891,41e6df282d2298fc40bd819d48edc2b6c412cd9dac831bbd207211b9cb83dc9a
07_outputs/bootstrap_partials/diagnostics__M2_Macro_Oil_vs_M3_Macro_Oil_RegQuality__normalized__All_Eligible.csv,11029,74155050b0645de8fc1f1b4727211006da7b3e046f4d25782c7e2f792353d36e
07_outputs/bootstrap_partials/diagnostics__M2_Macro_Oil_vs_M3_Macro_Oil_RegQuality__normalized__Oil_Rent_Intensive_Pre2016_ge10pct.csv,12415,a82bb425a7c576a4d581bb101de2a4be8c81b56cc428601ce4c54e8ceee9a7be
07_outputs/bootstrap_partials/diagnostics__M2_Macro_Oil_vs_M3_Macro_Oil_RegQuality__normalized__Oil_Rent_Intensive_Pre2016_ge15pct.csv,12397,fa7049dd4bd2b2c76994018f73b8c64b3208646ef7e5af2bff1bf34bd69e41ef
07_outputs/bootstrap_partials/diagnostics__M2_Macro_Oil_vs_M3_Macro_Oil_RegQuality__normalized__Oil_Rent_Intensive_Pre2016_ge1pct.csv,12343,68be7fbdc41d965a21e3ed1092bd226bd2db75b2a438641990e99e6bb9d0882f
07_outputs/bootstrap_partials/diagnostics__M2_Macro_Oil_vs_M3_Macro_Oil_RegQuality__normalized__Oil_Rent_Intensive_Pre2016_ge5pct.csv,12343,4d5cbd96260d460e9e34c49f88e4cda08879ba9374e15ccab9a16a575f874487
07_outputs/bootstrap_partials/diagnostics__M2_Macro_Oil_vs_M3_Macro_Oil_RegQuality__primary__All_Eligible.csv,10825,02dc492d727ca78f7c8c32fb2ff7593e79fa5701f0ecd8f9852afc1fc536d096
07_outputs/bootstrap_partials/diagnostics__M2_Macro_Oil_vs_M3_Macro_Oil_RegQuality__primary__Oil_Rent_Intensive_Pre2016_ge10pct.csv,12199,6b33546aa1b8cb90f2cafba3798b0bf73e10532e7a10179eb2d1c972f11a5eaa
07_outputs/bootstrap_partials/diagnostics__M2_Macro_Oil_vs_M3_Macro_Oil_RegQuality__primary__Oil_Rent_Intensive_Pre2016_ge15pct.csv,12187,62e3c2afc5ed0fdb1b81ae1bfb836c3d661da8ff893faf3cdf8059baef0e7c8a
07_outputs/bootstrap_partials/diagnostics__M2_Macro_Oil_vs_M3_Macro_Oil_RegQuality__primary__Oil_Rent_Intensive_Pre2016_ge1pct.csv,12127,e065dd98e02e64f1b8a08e6e84c4c569ace0669c4b8b84b08edfaa0b4fce31bd
07_outputs/bootstrap_partials/diagnostics__M2_Macro_Oil_vs_M3_Macro_Oil_RegQuality__primary__Oil_Rent_Intensive_Pre2016_ge5pct.csv,12127,803a4d94dfd0b14817f683d167e817a01fbb4af6362045b1b5d3351110c96608
07_outputs/bootstrap_partials/diagnostics__M2_Macro_Oil_vs_M3_Macro_Oil_RegQuality__raw_ratio_stress__All_Eligible.csv,11467,9d343768092012715d393ec5c3307ff4c9ebe1292c760c87bf773ab2327294f4
07_outputs/bootstrap_partials/summary__M1_Macro_vs_M2_Macro_Oil__normalized__All_Eligible.csv,24380,60daf1bafa12333bc7295c4066082dc98d47e37ec0a3d887d4b3f20d26dc1b50
07_outputs/bootstrap_partials/summary__M1_Macro_vs_M2_Macro_Oil__normalized__Oil_Rent_Intensive_Pre2016_ge10pct.csv,25558,5d4b3a7fe2162853d4ea4c5ce8c493fbf467fd7f859f55bcd432e5421a7c5232
07_outputs/bootstrap_partials/summary__M1_Macro_vs_M2_Macro_Oil__normalized__Oil_Rent_Intensive_Pre2016_ge15pct.csv,25322,942e5c847df0c01293e292cb7bee5d08f56260ac66b00bcf83be4ed4103a7f73
07_outputs/bootstrap_partials/summary__M1_Macro_vs_M2_Macro_Oil__normalized__Oil_Rent_Intensive_Pre2016_ge1pct.csv,25510,47dd255c14aaa8b7cbdfe54b4b5ea0bf19f79948a0b3029819180600059d48b8
07_outputs/bootstrap_partials/summary__M1_Macro_vs_M2_Macro_Oil__normalized__Oil_Rent_Intensive_Pre2016_ge5pct.csv,25591,27ad7e84360856cbeec48871dd73c06b00c8a7d0608e2c07c00e7033749b6458
07_outputs/bootstrap_partials/summary__M1_Macro_vs_M2_Macro_Oil__primary__All_Eligible.csv,23639,f8bccb20657c869ad1a7ff16e79272901d7cff2606a2dc296308fda6bb4efcde
07_outputs/bootstrap_partials/summary__M1_Macro_vs_M2_Macro_Oil__primary__Oil_Rent_Intensive_Pre2016_ge10pct.csv,24779,9ad65edce3ebe9956f1d4a0b59cb5b247151c9292a0178aa88cfd2c6af02e5c6
07_outputs/bootstrap_partials/summary__M1_Macro_vs_M2_Macro_Oil__primary__Oil_Rent_Intensive_Pre2016_ge15pct.csv,24600,ad892a86fd9fcc73d4e0f3928ae9ff352fd2193cd7d6e6f7d71381a5c36c28d0
07_outputs/bootstrap_partials/summary__M1_Macro_vs_M2_Macro_Oil__primary__Oil_Rent_Intensive_Pre2016_ge1pct.csv,24942,29426d7035b7c44f25d7b0f1c0469df7114c95bf8077b6352e2f8445af809e6e
07_outputs/bootstrap_partials/summary__M1_Macro_vs_M2_Macro_Oil__primary__Oil_Rent_Intensive_Pre2016_ge5pct.csv,24906,d3a141ee35d81695b7858480d8e65d404a6806466f69beb41f35ab13b1171420
07_outputs/bootstrap_partials/summary__M1_Macro_vs_M2_Macro_Oil__raw_ratio_stress__All_Eligible.csv,24046,48ec55cd5c9a2285dc7ddf09970f51d755438d34d73118b974f48299f8e65949
07_outputs/bootstrap_partials/summary__M2_Macro_Oil_vs_M3_Macro_Oil_RegQuality__normalized__All_Eligible.csv,25334,d9d03362280e110f05e6815bf990fd75ece54260ef01046a4fc18a89b6a12a35
07_outputs/bootstrap_partials/summary__M2_Macro_Oil_vs_M3_Macro_Oil_RegQuality__normalized__Oil_Rent_Intensive_Pre2016_ge10pct.csv,26485,5397c54cff879fb7f70b7750e15a99a0710bf02c4bb4cb1e2b20e690a6bcaa15
07_outputs/bootstrap_partials/summary__M2_Macro_Oil_vs_M3_Macro_Oil_RegQuality__normalized__Oil_Rent_Intensive_Pre2016_ge15pct.csv,26236,6bcb314ab37f60c3897cdcf4bd47ce3887cda3a99d76b98dc45b2309b0194d8f
07_outputs/bootstrap_partials/summary__M2_Macro_Oil_vs_M3_Macro_Oil_RegQuality__normalized__Oil_Rent_Intensive_Pre2016_ge1pct.csv,26479,a80fb55bd40284e19e93596b761edc46bf716a31792bee206e761bca94d4a123
07_outputs/bootstrap_partials/summary__M2_Macro_Oil_vs_M3_Macro_Oil_RegQuality__normalized__Oil_Rent_Intensive_Pre2016_ge5pct.csv,26534,5ce81861e4f282387f2a73361b5a73c1d6891dc078ea5e0b018abaf4912c2236
07_outputs/bootstrap_partials/summary__M2_Macro_Oil_vs_M3_Macro_Oil_RegQuality__primary__All_Eligible.csv,24663,307ff1b0b4230b1528c06c97e000947c9c5ea3cc56fdfed0d0a9cb75c42fea40
07_outputs/bootstrap_partials/summary__M2_Macro_Oil_vs_M3_Macro_Oil_RegQuality__primary__Oil_Rent_Intensive_Pre2016_ge10pct.csv,25865,c80ff93609d8a09a396f87256d5ef0cda2066abbdef22f0e6fddc4d0ee145983
07_outputs/bootstrap_partials/summary__M2_Macro_Oil_vs_M3_Macro_Oil_RegQuality__primary__Oil_Rent_Intensive_Pre2016_ge15pct.csv,25555,5cf804c3643deaef5e784269a296749b59cd8b9eafe5e9af75abf0cba46e6532
07_outputs/bootstrap_partials/summary__M2_Macro_Oil_vs_M3_Macro_Oil_RegQuality__primary__Oil_Rent_Intensive_Pre2016_ge1pct.csv,25889,fd8f1fad8d302b859d047693e4f2c1fd1e638f659f04b389b8a35f437bf75d8d
07_outputs/bootstrap_partials/summary__M2_Macro_Oil_vs_M3_Macro_Oil_RegQuality__primary__Oil_Rent_Intensive_Pre2016_ge5pct.csv,25976,90e73bbcd541bc830715e46b94f8f993efd8dfbb73ce3acb60864f8bfddf39b6
07_outputs/bootstrap_partials/summary__M2_Macro_Oil_vs_M3_Macro_Oil_RegQuality__raw_ratio_stress__All_Eligible.csv,25209,917977655b7d8218225e4f01ce1bed82e38ca3f4346096c672691696f6367ae3
07_outputs/partials/benchmarks__M1_Macro_vs_M2_Macro_Oil__normalized__All_Eligible.csv,13272,adc2dbcad8d203b6b448931e24cae7614b022b4b07a2881550cdc79d86c7b225
07_outputs/partials/benchmarks__M1_Macro_vs_M2_Macro_Oil__normalized__Oil_Rent_Intensive_Pre2016_ge10pct.csv,15079,9c15cc7caf1bd289f19ed66e0e346b5e032b56412af37816e5f80960cb439c45
07_outputs/partials/benchmarks__M1_Macro_vs_M2_Macro_Oil__normalized__Oil_Rent_Intensive_Pre2016_ge15pct.csv,15065,589e14bfbc8a3b3a0d7867f426845324a010089131973ef76fbeaec3e3de24f8
07_outputs/partials/benchmarks__M1_Macro_vs_M2_Macro_Oil__normalized__Oil_Rent_Intensive_Pre2016_ge1pct.csv,15003,c49b8cf2e10dbe486dd5fe8dcfdfcab89febffbf6785a7e47cf4874256921c5d
07_outputs/partials/benchmarks__M1_Macro_vs_M2_Macro_Oil__normalized__Oil_Rent_Intensive_Pre2016_ge5pct.csv,14922,ccd814b0e73b121926dc3eb141496b932ab88842db499a792c1ead2d67578493
07_outputs/partials/benchmarks__M1_Macro_vs_M2_Macro_Oil__primary__All_Eligible.csv,12826,882a23818141389c2728bd04c51a5dce6c1ac793be44aa5fb169712e0db45180
07_outputs/partials/benchmarks__M1_Macro_vs_M2_Macro_Oil__primary__Oil_Rent_Intensive_Pre2016_ge10pct.csv,14563,e3060a4d37dc30f505876f1a375c613b3916ab7441b1335e542d8559ce8028f8
07_outputs/partials/benchmarks__M1_Macro_vs_M2_Macro_Oil__primary__Oil_Rent_Intensive_Pre2016_ge15pct.csv,14568,5c26521703ad1c64132e582486e9322c2e8dbbce0e6df4892a9e4d61a9bf22e6
07_outputs/partials/benchmarks__M1_Macro_vs_M2_Macro_Oil__primary__Oil_Rent_Intensive_Pre2016_ge1pct.csv,14550,3484fb5cdc8768eb09cf4bfa1bb53f6f8df30e7fc9be7461089e2cedae1039b8
07_outputs/partials/benchmarks__M1_Macro_vs_M2_Macro_Oil__primary__Oil_Rent_Intensive_Pre2016_ge5pct.csv,14478,43bab9bdead477d05ad60c990c142eb6aedbe9ac66befb4df97a2cca26147bd5
07_outputs/partials/benchmarks__M1_Macro_vs_M2_Macro_Oil__raw_ratio_stress__All_Eligible.csv,13364,3a4e090764a2c59392354db5067a44b40f9f11d9bb41b3c3f0cf4b142a26c2a0
07_outputs/partials/benchmarks__M2_Macro_Oil_vs_M3_Macro_Oil_RegQuality__normalized__All_Eligible.csv,13731,69bcb7bc5aefbcb071741b4bf6b52abb065d98989e64f322688999f153b572aa
07_outputs/partials/benchmarks__M2_Macro_Oil_vs_M3_Macro_Oil_RegQuality__normalized__Oil_Rent_Intensive_Pre2016_ge10pct.csv,15536,6e4d2d05184ec284cbd0fa1e76a54aa1e6afd8ca8eca0b68d86c6d13a79bbc40
07_outputs/partials/benchmarks__M2_Macro_Oil_vs_M3_Macro_Oil_RegQuality__normalized__Oil_Rent_Intensive_Pre2016_ge15pct.csv,15560,4706d3ccf73f22f0ad64b9edb62c68ad3829553c62a32bf576f731eb5f280780
07_outputs/partials/benchmarks__M2_Macro_Oil_vs_M3_Macro_Oil_RegQuality__normalized__Oil_Rent_Intensive_Pre2016_ge1pct.csv,15480,05f4ba0723c6a8d88538f58b6dcdd1233391405543039c7c5a71c768afd8de5d
07_outputs/partials/benchmarks__M2_Macro_Oil_vs_M3_Macro_Oil_RegQuality__normalized__Oil_Rent_Intensive_Pre2016_ge5pct.csv,15426,402b90731c16365619b14424499e1f9e555bc06aed6b72d1a1e91d54472585b2
07_outputs/partials/benchmarks__M2_Macro_Oil_vs_M3_Macro_Oil_RegQuality__primary__All_Eligible.csv,13318,e97afd3436632e2a9e18fc1b5135e370339334a8ea89aeb3cd78ac2ee24cc019
07_outputs/partials/benchmarks__M2_Macro_Oil_vs_M3_Macro_Oil_RegQuality__primary__Oil_Rent_Intensive_Pre2016_ge10pct.csv,15039,d9d96b6443206d1a60afe582561d75fd3e3fc16a972885403e005719dbcadb07
07_outputs/partials/benchmarks__M2_Macro_Oil_vs_M3_Macro_Oil_RegQuality__primary__Oil_Rent_Intensive_Pre2016_ge15pct.csv,15032,d44836a6d7a6d1e1a3cccc4adba2f307ab8493971c2d84e6d24fb91759f57f75
07_outputs/partials/benchmarks__M2_Macro_Oil_vs_M3_Macro_Oil_RegQuality__primary__Oil_Rent_Intensive_Pre2016_ge1pct.csv,15018,b572662e6474e5a531f5b6e556bfdd611d03146abb2524eff26ee48783ef06fe
07_outputs/partials/benchmarks__M2_Macro_Oil_vs_M3_Macro_Oil_RegQuality__primary__Oil_Rent_Intensive_Pre2016_ge5pct.csv,14962,9c59254d41d76a6a86d6eec64936d0c599bd9fe3d2375df9740b065d74120495
07_outputs/partials/benchmarks__M2_Macro_Oil_vs_M3_Macro_Oil_RegQuality__raw_ratio_stress__All_Eligible.csv,13829,7d397bb0c620e68a9f7637c465bfb1614ac30713693d323df66f29ddeebf6884
07_outputs/partials/contributions__M1_Macro_vs_M2_Macro_Oil__normalized__All_Eligible.csv,2830256,c3bb531cd5e7145b6a9988a2f77a682591ed34c930a83641cf5cee6282406e1e
07_outputs/partials/contributions__M1_Macro_vs_M2_Macro_Oil__normalized__Oil_Rent_Intensive_Pre2016_ge10pct.csv,600406,f4578c775e1ca4567ddfbedc19e44e25bad305cad679be89bd375c1c5a30b967
07_outputs/partials/contributions__M1_Macro_vs_M2_Macro_Oil__normalized__Oil_Rent_Intensive_Pre2016_ge15pct.csv,524604,ca79e106e837ccbd532f8577ab93659cdd84ddb6d8d8e58c60852d2eb03437aa
07_outputs/partials/contributions__M1_Macro_vs_M2_Macro_Oil__normalized__Oil_Rent_Intensive_Pre2016_ge1pct.csv,1246806,c1cf965b8b2875fad2bdd03f02924f7f4de0bf4ea2ef7ee0ec23386557dd5c50
07_outputs/partials/contributions__M1_Macro_vs_M2_Macro_Oil__normalized__Oil_Rent_Intensive_Pre2016_ge5pct.csv,802061,7b74be5f53b52c650ebde3e867915e39ac9aa78e71867e9022a12c7e56e1c2bd
07_outputs/partials/contributions__M1_Macro_vs_M2_Macro_Oil__primary__All_Eligible.csv,2690663,0c107355120cdbfc1533886dec9ccd366459dbae91a8e98ae8cdc8afc9d31952
07_outputs/partials/contributions__M1_Macro_vs_M2_Macro_Oil__primary__Oil_Rent_Intensive_Pre2016_ge10pct.csv,578473,c2a651f6f03870e2469a4317173fa0be67c76c2e5c5f7b1ad99e5cfdad63f65a
07_outputs/partials/contributions__M1_Macro_vs_M2_Macro_Oil__primary__Oil_Rent_Intensive_Pre2016_ge15pct.csv,505776,5781b0f6f6f05d163b62e913d6d802d135be56779dd124d93296d2b27c733764
07_outputs/partials/contributions__M1_Macro_vs_M2_Macro_Oil__primary__Oil_Rent_Intensive_Pre2016_ge1pct.csv,1197461,61e66f0274c23494d1753beab5bc5990d8d7018f7023423b39a676fa6f6da75a
07_outputs/partials/contributions__M1_Macro_vs_M2_Macro_Oil__primary__Oil_Rent_Intensive_Pre2016_ge5pct.csv,771457,62aba5d17be4e08e4240a58c08eab464fe50e5875f9a257c6bb10fa7bbd2875d
07_outputs/partials/contributions__M1_Macro_vs_M2_Macro_Oil__raw_ratio_stress__All_Eligible.csv,2885775,895c3998dfeae3ecf576ec846a96ae759eb327768db452d7d679412a6b22cce7
07_outputs/partials/contributions__M2_Macro_Oil_vs_M3_Macro_Oil_RegQuality__normalized__All_Eligible.csv,3022597,a6c46eac1d57b29497b83346860832e9fb46c77548cf8c3995743bc143248ab0
07_outputs/partials/contributions__M2_Macro_Oil_vs_M3_Macro_Oil_RegQuality__normalized__Oil_Rent_Intensive_Pre2016_ge10pct.csv,636221,f8793b9f8eb56bad4f84c12bef8b25b1790dbaf9d70d7fb41315d61fa925820f
07_outputs/partials/contributions__M2_Macro_Oil_vs_M3_Macro_Oil_RegQuality__normalized__Oil_Rent_Intensive_Pre2016_ge15pct.csv,555939,3636881dbae9374a269e9b3947f81321f522748c9c36f1a1dc103afbd8f2c5d7
07_outputs/partials/contributions__M2_Macro_Oil_vs_M3_Macro_Oil_RegQuality__normalized__Oil_Rent_Intensive_Pre2016_ge1pct.csv,1321913,cc1ad5e39cdb8c229d8cfcb81eb6f28ec2927e6f8ca2b7e2b3f5e53425b2594d
07_outputs/partials/contributions__M2_Macro_Oil_vs_M3_Macro_Oil_RegQuality__normalized__Oil_Rent_Intensive_Pre2016_ge5pct.csv,850368,dadb4c4c5fe3fb39a04db7d740bc5fa5deb8f8f1eaaa8142adce092927515ddd
07_outputs/partials/contributions__M2_Macro_Oil_vs_M3_Macro_Oil_RegQuality__primary__All_Eligible.csv,2884080,7d873bfd4f629162997b4a49718514bde3281b1bda4247807d269249d50d36ac
07_outputs/partials/contributions__M2_Macro_Oil_vs_M3_Macro_Oil_RegQuality__primary__Oil_Rent_Intensive_Pre2016_ge10pct.csv,614489,f725f128bfe3bfefdf0456091954fc0b460bd6b74e4421face47ace5b6b1f0ff
07_outputs/partials/contributions__M2_Macro_Oil_vs_M3_Macro_Oil_RegQuality__primary__Oil_Rent_Intensive_Pre2016_ge15pct.csv,537265,663e03241839bdea9566385980fd5bbe6b14b1dcfb81737fe8397c5ad1e83fff
07_outputs/partials/contributions__M2_Macro_Oil_vs_M3_Macro_Oil_RegQuality__primary__Oil_Rent_Intensive_Pre2016_ge1pct.csv,1273084,27ddadfe98ba6cf25b51315a7ae03f164c166697c942244df4deee473c1388d7
07_outputs/partials/contributions__M2_Macro_Oil_vs_M3_Macro_Oil_RegQuality__primary__Oil_Rent_Intensive_Pre2016_ge5pct.csv,820028,5b311357b131ddfa8c603d4e4907165476faba10e0b6d66d2cc7e5fdb3cc32a9
07_outputs/partials/contributions__M2_Macro_Oil_vs_M3_Macro_Oil_RegQuality__raw_ratio_stress__All_Eligible.csv,3077934,b22c9fbcd926b1cde67014f83d4f8f4ac4c4028e45eb53b2e12a8e2887c56962
07_outputs/partials/performance__M1_Macro_vs_M2_Macro_Oil__normalized__All_Eligible.csv,38012,ff30c3d18839bffeb4fa8fa1f92b39ff6470fef7812e570a7d96ebf8be1b5580
07_outputs/partials/performance__M1_Macro_vs_M2_Macro_Oil__normalized__Oil_Rent_Intensive_Pre2016_ge10pct.csv,41607,3f6ac99278d4669027966858b4709dc2173b69dde47de529442524bcfa602370
07_outputs/partials/performance__M1_Macro_vs_M2_Macro_Oil__normalized__Oil_Rent_Intensive_Pre2016_ge15pct.csv,41615,a2af592040006b902ef93b261d4752561823b7c6d87b7cfb3b37cfe974a9c591
07_outputs/partials/performance__M1_Macro_vs_M2_Macro_Oil__normalized__Oil_Rent_Intensive_Pre2016_ge1pct.csv,41467,62a2f7c250045ffc70bc4ae9e645c4a3686f8309023a53feb1e164702ba4c034
07_outputs/partials/performance__M1_Macro_vs_M2_Macro_Oil__normalized__Oil_Rent_Intensive_Pre2016_ge5pct.csv,41372,9514d8e6f794675494995d98b44e36d1b3644bff23893267cf7cb4321557956f
07_outputs/partials/performance__M1_Macro_vs_M2_Macro_Oil__primary__All_Eligible.csv,36643,db24e6dc9f43051cafa480e0a005df347286a52d06051ad468781283b3e1f566
07_outputs/partials/performance__M1_Macro_vs_M2_Macro_Oil__primary__Oil_Rent_Intensive_Pre2016_ge10pct.csv,40108,2334fd45f272c88e361783537ae20e6a537cd4879433d83efdadda1dce70fc17
07_outputs/partials/performance__M1_Macro_vs_M2_Macro_Oil__primary__Oil_Rent_Intensive_Pre2016_ge15pct.csv,40120,ce3e54a8795cb086855a4b6f66bd64b3bef62e83088d66e66554d163adccdf7e
07_outputs/partials/performance__M1_Macro_vs_M2_Macro_Oil__primary__Oil_Rent_Intensive_Pre2016_ge1pct.csv,40125,aa21c806e63f89f0416d760eff0293e267d7811e5df5dbe92ad9fd7a2a8763fe
07_outputs/partials/performance__M1_Macro_vs_M2_Macro_Oil__primary__Oil_Rent_Intensive_Pre2016_ge5pct.csv,39966,91b5022083db5c67ff35ed89e310a1921d5dfc2337ec13b14571021c620324a5
07_outputs/partials/performance__M1_Macro_vs_M2_Macro_Oil__raw_ratio_stress__All_Eligible.csv,37843,0d47e5275a277b43d56e32ebb36504de696121f01f2c3a24fb6f48c658b47142
07_outputs/partials/performance__M2_Macro_Oil_vs_M3_Macro_Oil_RegQuality__normalized__All_Eligible.csv,41101,3b2dd81f63ab484bde957e54a710aae380528ca384e16c2452bf50dafa6e7ce3
07_outputs/partials/performance__M2_Macro_Oil_vs_M3_Macro_Oil_RegQuality__normalized__Oil_Rent_Intensive_Pre2016_ge10pct.csv,44683,41bb13bac2aadaa0a8b19c3eb7a945314ec52320cf356787ef8179643b1ca2a8
07_outputs/partials/performance__M2_Macro_Oil_vs_M3_Macro_Oil_RegQuality__normalized__Oil_Rent_Intensive_Pre2016_ge15pct.csv,44733,71dfebb5de0462ac373bc28ff825b96b9b06f613c20058fdefdbc2076f711468
07_outputs/partials/performance__M2_Macro_Oil_vs_M3_Macro_Oil_RegQuality__normalized__Oil_Rent_Intensive_Pre2016_ge1pct.csv,44599,f5e39ec17bbdf1ff0c6ea55e09250f76a1b0a8486a2cafae597d4b842e13c1af
07_outputs/partials/performance__M2_Macro_Oil_vs_M3_Macro_Oil_RegQuality__normalized__Oil_Rent_Intensive_Pre2016_ge5pct.csv,44475,106dc5ab1a2aa0af44b8852f35e2e869b551a8b9b80f535f2e8367f906432d4b
07_outputs/partials/performance__M2_Macro_Oil_vs_M3_Macro_Oil_RegQuality__primary__All_Eligible.csv,39772,4295a9a754a916dbcca0434b3584bdd8624a8df1dbf4b9a89736bfd1541cb6c6
07_outputs/partials/performance__M2_Macro_Oil_vs_M3_Macro_Oil_RegQuality__primary__Oil_Rent_Intensive_Pre2016_ge10pct.csv,43198,2e10464f305db828644d48aa6722dde552e78af4332e1e77c58ac3a0776940fe
07_outputs/partials/performance__M2_Macro_Oil_vs_M3_Macro_Oil_RegQuality__primary__Oil_Rent_Intensive_Pre2016_ge15pct.csv,43209,dfa67d4f9f49fb78f146e913b8ea02cc9bd3db97faa3ef6780f91f14d5f444e3
07_outputs/partials/performance__M2_Macro_Oil_vs_M3_Macro_Oil_RegQuality__primary__Oil_Rent_Intensive_Pre2016_ge1pct.csv,43175,832d3af507f403f3186f7acc9d48811a2e317e18fa2ade5bcfa6daa3760750bc
07_outputs/partials/performance__M2_Macro_Oil_vs_M3_Macro_Oil_RegQuality__primary__Oil_Rent_Intensive_Pre2016_ge5pct.csv,43090,585b69b9efe4b1fbf3293c7d00331d918cafea5891432edcbb621fb8f61b194c
07_outputs/partials/performance__M2_Macro_Oil_vs_M3_Macro_Oil_RegQuality__raw_ratio_stress__All_Eligible.csv,40913,a01ca3bb7a0fd16958e5c74bfb1029fc6361c5840c7670c3b5213a3aa1c951c2
08_validation/Clean_Run_Log.txt,94117,65bd39f39021b0ff38a3fceada1f600d9d54bef81d8a21941470259ac497ef3a
08_validation/Deterministic_Manifest_A.csv,35194,c2d568ce30c1f5310a192f8fba0189dc9e3088e436e8894036102c36e2bff010
08_validation/Environment_Metadata.json,332,cc0b9e6708de5a9f7b49f24cbe530e6aaaa04c71d14acdf72c7dfe87e6efd6b8
08_validation/Raw_Source_Validation.csv,2182,f945647312e982686ba1d2bdcc0585b5ab2dc4ec065f0bd049f0acdab1d52c51
08_validation/Raw_Source_Validation.json,4953,cffc90f51187360e5a517955ff4caa91110122ea07cf09382252679c848e2485
08_validation/Release_Checksums.csv,50193,c1a607bb81046c5a208cf9ecf98772600349474f75f1b7d06b9421ef6633be16
08_validation/Reproducibility_Report.md,4856,192177b3f62dedea2b46b5397ffeab7240f5501e396bd644ca7ee4cea5105d2e
08_validation/Reproducibility_Rerun_Comparison.csv,52208,6ec0642769c00214d0c7ddfe66709a9be5a6570e5be0c907ff79f4a8b3a08e52
08_validation/Reproducibility_Rerun_Result.txt,170,acea5c40b918c75d61fd4dda9830fd869841c19b4c76c1b5533cd6b49874507c
09_environment/python-version.txt,14,01870de7caca112afeefd77b3c3b4c5e263cf5539a33af3f3411100727fad7d3
09_environment/requirements-lock.txt,199,e96bd4ee8d06bdfbee2161ee5a8e0edd7d165ca51a1742ec2e29166add23ee53
10_reporting_assets/MANUSCRIPT_ALIGNMENT_V0_4_3.md,1143,e81cee297e291a5ee1cd37df4e1bfe0c7f513e3eb082cabe28b87ff34e0c39ea
10_reporting_assets/README.md,1032,ded18c6d9b79200de96394a6abec049a22394abd3810668390ed7200be333d4f
10_reporting_assets/figures/Figure1_Validation_First_Architecture.eps,83332,dcde3ae472245924c35a3422389884c61f74e30cb04d58f50a6d1e8452e9b94b
10_reporting_assets/figures/Figure1_Validation_First_Architecture.pdf,28030,47d9136b0d659d5dbcfbd52bbfd44ebf96f3dfca61e8cc2f10ddcbf956067c13
10_reporting_assets/figures/Figure1_Validation_First_Architecture.svg,14102,8199c4f56d7ea8302cd87de8e098ef99b05e39770f6eb6358f85630181e2dca0
10_reporting_assets/figures/Figure1_Validation_First_Architecture_1000dpi.png,1607660,c97053699ef54750703185fff8d52f5d8c7182386893a1cec00f1fb751527ad5
10_reporting_assets/figures/Figure2_Admissibility_and_Threshold_Sensitivity.png,590434,e5d8b22e021dc268ef6cd148c138b5031fd649e2b73ced2b28a656e6cddb2d91
10_reporting_assets/figures/Figure2_Admissibility_and_Threshold_Sensitivity.tiff,2370644,0fcc8eb7cf0659bd7669d1173aded7ac0176691e7fc822a4ffc8415afe931214
10_reporting_assets/scripts/build_figure1.py,7347,cd929b767715a4ad83b89818b2b4b0034e9ab355224e9e381c182afdaaecdaaf
10_reporting_assets/scripts/build_figure2.py,4293,2565547aa1a3d9b54f48eb09311f8b6ea874de142bd4f121ad574d6802ab645d
11_posthoc_checks/rq_two_scale/README.md,2027,380b81eb30d388e16579f23456d221c87f584758aa3b453bdc3090dc5bce6eec
11_posthoc_checks/rq_two_scale/RQ_Estimate_Primary_Bootstrap_Units_FROM_V0_4_2.csv,121437,8a302c0688011ba1dbab28bfddd03c8bb7aa7ae78e8c7dfa5949207dc27b3352
11_posthoc_checks/rq_two_scale/RQ_Estimate_Primary_Setup_Verdicts_FROM_V0_4_2.csv,3711,4d4a4c08a93af9b21b59373ed096a0eaa6d6be1ca045d1d1728e7d9f180db271
11_posthoc_checks/rq_two_scale/RQ_Scale_Affine_Transformation_By_Year.csv,1834,41a1ab9eef2b2313ca31111c8e47646018331c96819aeeb7ee3399522572838c
11_posthoc_checks/rq_two_scale/RQ_Scale_Transformation_Headline.csv,398,c46818ebb8ed8d80dabb896dd1349428f724b9f12bbbdc20470092a936413abd
11_posthoc_checks/rq_two_scale/RQ_Score_Bootstrap_Country_Contributions.csv,16187315,e069457f2d67f6ccfd8bf91cd4f7e25d838574681b5d44bf81c9d87dfae7f5c3
11_posthoc_checks/rq_two_scale/RQ_Score_Bootstrap_Draw_Diagnostics.csv,133032,d50a1065c7fcd5c0c40f2adb40dc7ec5e5f853f42854d7eecb82dc8b25be50ef
11_posthoc_checks/rq_two_scale/RQ_Score_Bootstrap_Threshold_Curve.csv,10400797,12cf877f7259d0088868c03f616614d7901573277db993079a6aad10d0b13156
11_posthoc_checks/rq_two_scale/RQ_Score_Bootstrap_Unit_Summary.csv,283360,0997a596e345dc53014f3c50d55ce57db96dc0e4bb2d5abe2d40408b112ea3f6
11_posthoc_checks/rq_two_scale/RQ_Score_Bootstrap_Unit_Summary_SHARED_DRAWS.csv,280921,c683b008c37e732882c35104e41d1da0100372fcee79770a6bd70a6842b97f1f
11_posthoc_checks/rq_two_scale/RQ_Score_Cross_Setup_Classification.csv,273,242d2d20eb6f2fb596f57bfa64f8637dae8f629865e60fee02de2cac52c0ce58
11_posthoc_checks/rq_two_scale/RQ_Score_Setup_Verdicts.csv,4172,a2eb7dbd11b64664435aa12806a5064b5c7297828781a2897122fce3f5f345fc
11_posthoc_checks/rq_two_scale/RQ_Score_Setup_Verdicts_SHARED_DRAWS.csv,4106,76f732fb4d4f212c299ca0afe56f83258d14ab9511c27c64d10fb4f82ea8b78b
11_posthoc_checks/rq_two_scale/RQ_Two_Scale_Final_Headline.csv,1032,3379f90251b9e63e619d8a83b52ba979e9c2449b7fc412a83db1ef3e6f93179e
11_posthoc_checks/rq_two_scale/RQ_Two_Scale_Headline_Summary.csv,462,afcd4222888619fe371a7fec4bd7550ce0d1c76c6658541dc11e1108ee50a622
11_posthoc_checks/rq_two_scale/RQ_Two_Scale_Matched_Row_Identity.csv,2190,698e5df77ef824a3b3e19365c6f6eb880f0e363c6b43f51d19388d8cd46350ce
11_posthoc_checks/rq_two_scale/RQ_Two_Scale_Setup_Comparison.csv,2666,8c4aa03a79d045cd77057982c7ad4f7e2ec4770bb1468344b3ab8e04a9c49e7c
11_posthoc_checks/rq_two_scale/RQ_Two_Scale_Setup_Comparison_SHARED_DRAWS.csv,2405,dafd8bb89c2ddfed3f707abcfdb0d5c4f99a3d34c792ce876c5da44079738432
11_posthoc_checks/rq_two_scale/RQ_Two_Scale_Unit_Comparison.csv,234191,c126ee0c643a67fc74bf9f651366a594bca2aa5f6d9a8b0e55c03c5bbf11786d
11_posthoc_checks/rq_two_scale/RQ_Two_Scale_Unit_Comparison_SHARED_DRAWS.csv,236271,6a261f8e3f9cf6d1bb573d947f907a755011c56e067056722ab74263aacf6290
11_posthoc_checks/rq_two_scale/SHA256SUMS.csv,2393,0575251e8cbdb0f6555f5725047047f3b4a1e4bd67d3f248ccf14462cb980ad2
11_posthoc_checks/rq_two_scale/analysis_config_posthoc.json,5333,45a6e1836130d81ea797e980471c2ac7126cce3c85e0a4375cedf375904a4e46
11_posthoc_checks/rq_two_scale/run_check.py,13713,f2ec283c2e7b8b82fc68be1916ee30b13cae772913b11d25e06e4adacf18222e
CITATION.cff,1261,f1d48eb0fd3334c940be7eb3d413133e244cd817719104cead4008abf18a63e4
DOCUMENTATION_CLARIFICATIONS_V0_4_2.md,1445,4742c5f892b06f82a65960ef040028eb4f3d52cb5eb2730f0f89eb6c2b5ea395
DOCUMENTATION_CLARIFICATIONS_V0_4_3.md,1527,72cee557447e376eb16ca92fb521736b3bf4bff1f2532743dfad0216759c36c2
GITHUB_UPDATE_INSTRUCTIONS.md,3182,03272092d78366f1c470de05c925cb643a973941a0d44262f1c506edddf74fde
LICENSE,1093,952d53ab911dab63e78d7864ffff37ba37fece4d9394898fc6c77633e4227bff
LICENSING.md,2310,57ee91f575d0a58083f04c891d0aff8394cdf801f0f565440773df0a87af1e3c
README.md,5504,f729c100cb9ffbbe3182c936a4df6a45fa19dacc51b879e36efb5abb23dd5667
RELEASE_NOTES_V0_4_1.md,1424,c6470147903076860fb6c5a4113e631ea04fa7612c37b310f97e547140a95dda
RELEASE_NOTES_V0_4_2.md,6712,2d1819521d06738a101a4577f14476f3917c919205e02f1bed8e8d03f5485476
RELEASE_NOTES_V0_4_3.md,3405,6285c0fdc7475286f39defa0c86674720775bcbda6ad893ad5923730d78fe7ba
THIRD_PARTY_DATA_NOTICE.md,2526,030750ee9555c4a07c179df7276de648c44df30337961fea7d82c8c29d4ebd9b
V0_4_2_CHANGED_FILES.csv,51744,2e841a6d7e1637c843c784b1af5b0d27d58854f3c5b2d1b3dcd737242e55b0a1
V0_4_3_CHANGED_FILES.csv,81547,13ceaf1441f9ab59229c7a62b57184c56b98f936f51119e84780ce0a1e4aafd3
legacy_archive/pre_v0_4_1_github_repository/Global_Commodity_Prices.csv,421,9ff56f823413a01fd1406e14cd0c6b46cddb081c1fb1e7f2795a51b9b16db268
legacy_archive/pre_v0_4_1_github_repository/INVESTMENT_ML_CLASSIFICATION.csv,195421,c458112d722e02188349ab01a6787613b8de7ec004d9da02ac3b6d6fe1c30833
legacy_archive/pre_v0_4_1_github_repository/INVESTMENT_ML_REGRESSION.csv,190530,dda512184beb556ec21cdf3f58fe58a6095d8cf7507b0d6a9ecc5af90aea8dc5
legacy_archive/pre_v0_4_1_github_repository/INVESTMENT_SIGNAL_AUDIT_EITI_FOCUSED.csv,309729,aa793469dd8950dceabcd940b0323e522cdba5f9c55e0d062128162ff30bfaad
legacy_archive/pre_v0_4_1_github_repository/INVESTMENT_SIGNAL_AUDIT_OIL_UPGRADED.csv,5942065,a01eed4d6a272170902cc5c95f043d2062049d37bc3057c80f5d33fdcaafa6d2
legacy_archive/pre_v0_4_1_github_repository/Investment_FDI_Dataset.csv,85860,47777c9cda1fae34fc998fc10631a7b5befec4bc9c43fbce426650f3bcfe74a5
legacy_archive/pre_v0_4_1_github_repository/NIGERIA_TAR_SAND_PROJECT_EVIDENCE.csv,1656,05a49b034807a2efcb01a63b059de3de644b304dff2b81ea42bd2d3638c9c387
legacy_archive/pre_v0_4_1_github_repository/README_LEGACY.md,451,c81d1d50300980a5d779d8215fb5f1763f0ac4db95b92173c6fa43bee7702146
legacy_archive/pre_v0_4_1_github_repository/REGULATORY_MASTER.csv,863687,e37f0b0232d378cf416cfef6417e402b2e5849218508d33843a5e0d30a1f0b75
legacy_archive/pre_v0_4_1_github_repository/TAR_SAND_COMPARATOR_EVIDENCE.csv,3543,9286590aa4452a7ab76a6f91f40e9e06310b6a97b33e33b056a5cb6f7d0306c1
legacy_archive/pre_v0_4_1_github_repository/World_Bank_Indicators_Upgraded.csv,1180429,c79e32c33d4552caea9df25a55d97b7c50f77a9806aa9388504d5cfeeb86d9b6
legacy_archive/pre_v0_4_1_github_repository/audit_outputs/Decision_Rule_Summary.csv,591,4d3a856a9eb88f7a46e22d88c8fcd4ac24ce6d4281bde3e5204e88d5fe36d190
legacy_archive/pre_v0_4_1_github_repository/audit_outputs/Table1_Dataset_Coverage.csv,1260,d6d6b282b7e2869a4dffe0aee6b5d78bf14bccf6f81023b7fecefc249b79994e
legacy_archive/pre_v0_4_1_github_repository/audit_outputs/Table2_Target_Comparison.csv,755,cfd4394424c3f56684b4e03759c1f29cedfc3da69d8b795ac42d38084d21e71c
legacy_archive/pre_v0_4_1_github_repository/audit_outputs/Table3_CV_Results.csv,8738,66fba00d6d307f96437baa4d3183b09e3627512c9f74f2fbb5effa7e3993d58e
legacy_archive/pre_v0_4_1_github_repository/audit_outputs/Table3b_CV_Robustness_Target.csv,9185,fffe25d8218fb75ba752060f35342be3428547fac9e270e4335172ebdef4996c
legacy_archive/pre_v0_4_1_github_repository/audit_outputs/Table4_Time_Split_Results.csv,2821,2266186e01f97c42afa5e676cf79d29ce3cc4e118e4b1b301667a2d54992202a
legacy_archive/pre_v0_4_1_github_repository/audit_outputs/Table5_Incremental_Value.csv,3356,0f92451dfc6828d9d9afecd8ae987f1fbc9f2ff407359ae333f7a0ccc3e83c44
legacy_archive/pre_v0_4_1_github_repository/audit_outputs/Table6_M4_Linear_Coef.csv,578,39c0777339f09225f125d16866f96344bd1a306b741e423c4ccc8d3cbf846c59
legacy_archive/pre_v0_4_1_github_repository/audit_outputs/Table6_M4_RF_Perm_Importance.csv,662,7d1e5654dc3f15dc797c94526e9b3f1230a6e16e269987d70d4bf13552c94f71
legacy_archive/pre_v0_4_1_github_repository/audit_outputs/Table6_M5_Linear_Coef.csv,854,261dc1913c85e0284860d5af649a9a08dd5cd62fe12c912247b31942bd5237e8
legacy_archive/pre_v0_4_1_github_repository/audit_outputs/Table6_M5_RF_Perm_Importance.csv,1028,1c2626576ac51a7592f978e1aeabcadf5ac18d510e7bb0e66d3c85ccb5077134
legacy_archive/pre_v0_4_1_github_repository/audit_outputs/Table7_EITI_Track_CV.csv,1422,486176fbce7217e817521b6f6340cd77d1a5d3ea226fb0380d54577e3ed10dcd
legacy_archive/pre_v0_4_1_github_repository/build_lagged_features.py,6786,38c1a9f2386b5cf48e64b5ba70d217e41bd3bede4779f3ec839875ad2fc62acf
legacy_archive/pre_v0_4_1_github_repository/build_upgraded_dataset.py,17514,fa211535bc4fd6e2190b408b4f9dad0733503f3c687c879467dfc2aac23558d2
legacy_archive/pre_v0_4_1_github_repository/fetch_eiti_data.py,3505,b8b4428d7674f7416907b5f946a6a7195fc6bf956853a126aedb06be846749d5
legacy_archive/pre_v0_4_1_github_repository/fetch_mineral_data.py,4258,e53cfee05499c30cdbaee72d8b40c7ec99a3d8a6bb36685eeb42f63440c51834
legacy_archive/pre_v0_4_1_github_repository/fetch_oil_prices.py,971,072958441227e28ce8d6ce3992cd99d5fb6f592447a7cc18b1763dbeff3c06d6
legacy_archive/pre_v0_4_1_github_repository/imf_compile_test.py,6474,773fc2253b0e0772a280e5b9369c593fbff2e56f5958435a16726d21f4f03de8
legacy_archive/pre_v0_4_1_github_repository/investment_nb.ipynb,61467,8612ed8a1d7cd3352d51aea60716ae4b4641ffff982b94865a93bd073cdc0edd
legacy_archive/pre_v0_4_1_github_repository/investment_nb.py,46736,e5e0ab29bb43eb2fcc968f40f0b24421c96551bfa369b25e28508255f59198e2
legacy_archive/pre_v0_4_1_github_repository/populate_csv.py,6998,9cd2e8b3c7d0cd50f37494edd468cc1eb142b88ff5041db4d1448d7c98d83116
legacy_archive/pre_v0_4_1_github_repository/reg_num/regulatory_nb.ipynb,30365,69ccc83a5906ec15d52c610abf9be5d13e8f77a71ac6eebf4684e57efa54bb5c
legacy_archive/pre_v0_4_1_github_repository/reg_num/regulatory_nb.py,21738,29588afdceb008e9eaeed65dff5af64458406923612463dd5476a9b24fdfb4b9
legacy_archive/pre_v0_4_1_github_repository/requirements.txt,819,48f441b3f052d657cfd96f6745a5c04751b11984480d8a3a5b3f8246d3ece869
legacy_archive/pre_v0_4_1_github_repository/signal_audit_nb.py,26920,adbccf0dccd8010bc25871f32fda7687f735d7e2527419ebd405b18f669c4a0d
regenerate_manifest.py,1882,ca04126a4dfcbd4e4add00d0999817ef99d649c9e75494c1ee0826bb91ba8b48
run_pipeline.py,3745,436bffc257cef89d125cb27c816a518b92849b217918f30713f29c945678fbfa
