relative_path,status,sha256,bytes
./.gitignore,UNCHANGED,f71142b402596a719648e96c7a1ce33a7bc0f74003b1b526979cb8255e5d1530,331
./00_protocol/ANALYSIS_PLAN_LOCKED.md,UNCHANGED,80388139d21a5c86040243098f089e7a087c88c3dfe580edc63de27c7d019da5,3566
./00_protocol/BOOTSTRAP_METHOD_AND_GUARDRAILS.md,UNCHANGED,e84f4bcb99f411794a8c09e0b9244891b2354933b5bcc2eed0de130bb0dd4265,2615
./00_protocol/MERGE_DECISION_LOG.md,UNCHANGED,62cd9c07bd0c1fce5629a87af1c5ba50f0315f980e6139707529c6844a7045e1,1728
./00_protocol/PROVISIONAL_SCIENTIFIC_FINDINGS.md,UNCHANGED,5312747ed0b932d617c3066aeeccd9685b565bd8063ae3c820ab0a9514043948,4836
./00_protocol/ROBUSTNESS_CLOSURE_REPORT.md,UNCHANGED,725ce2e37860fd5d5aef6e80f7a14f6431e5192f6356905fcd500a76830984c3,2929
./00_protocol/SCOPE_AND_CLAIMS_GUARDRAIL.md,UNCHANGED,36bd7b982775a46142a7086db7dda0f1192110a161b1b543746eb80440bb54e6,1607
./00_protocol/TARGET_AND_SCOPE_DECISION.md,UNCHANGED,b5aa2c16cfceec301f5e9585734c926500b197564f9075ca114999897e996de8,1633
./00_protocol/TECHNICAL_AUDIT_TRAIL_V0_4_2.md,NEW,2a310321b8a7e0381cb635c866824c2e5362235eae84b05daed3ab3a87c64ef5,12152
./00_protocol/UNCERTAINTY_QUANTIFIED_FINDINGS.md,UNCHANGED,488ad759a546ea0f9450399992b0858e44a158774769a1bce7511184ae516725,1366
./00_protocol/VERSION_NOTES_V0_3.md,UNCHANGED,6fd1c22b5f740155a69243c29a9581e29c10313f9de1d7ec1caaa9da953058df,1495
./00_protocol/VERSION_NOTES_V0_4.md,UNCHANGED,5cc47b29bd5b62cb155dd866887cd54ab62c29a8c61a9e25dea5ef121c33dfc5,1248
./00_protocol/VERSION_NOTES_V0_4_1.md,UNCHANGED,167bce50adfda31722595642a05fed43f10d960690317ae41d6cf19d78a3ef63,1054
./00_protocol/VERSION_NOTES_V0_4_2.md,NEW,08c7f3e54a95b015165a998c514818e5960d384bcfd596c59d38b69c0c3f2691,3954
./01_raw_data/README_SOURCES.md,UNCHANGED,a2ce036149574e88cfa2d770ced0ae3d579e17bed0cb496c3cce14a904165645,2137
./01_raw_data/world_bank/WB_ELECTRICITY_ACCESS_PCT.xls,UNCHANGED,dfdf9a6a1d6602ffb383bb1205bfbd1f3193296074d39c797a8aff2c81481017,205312
./01_raw_data/world_bank/WB_FDI_NET_INFLOWS_CURRENT_USD.xls,UNCHANGED,411d3f7d2bcd9571d660c50d68a4ca45db5add41b6d73ced7d795e4b357355b2,323072
./01_raw_data/world_bank/WB_FDI_NET_INFLOWS_GDP_PCT.xls,UNCHANGED,82b1fc49379d9b01d90a44f40cbd133e899bb47a0d401fec1e394c4a7fd1f958,346112
./01_raw_data/world_bank/WB_GDP_CURRENT_USD.xls,UNCHANGED,4bd127c714ae910f11a212092e4f51631273c679f96c7f18c3976932efd53339,398336
./01_raw_data/world_bank/WB_GDP_GROWTH_ANNUAL_PCT.xls,UNCHANGED,380d1543572316326ec6c2f6d092c439d9341214bed5cb26e13278880bb88d96,393216
./01_raw_data/world_bank/WB_INFLATION_CPI_ANNUAL_PCT.xls,UNCHANGED,b103fb711abe064d4ac96120985d1a91135ea700f7eff069d84334350b53f68f,342016
./01_raw_data/world_bank/WB_OIL_RENTS_GDP_PCT.xls,UNCHANGED,029840736cbe5f56e03a55e4fb401fea4303c8dfe457853d17bd07d0dd830c4e,285184
./01_raw_data/world_bank/WB_POPULATION_TOTAL.xls,UNCHANGED,24bfc549cdc893b74777c3b89f95cdfc6ef546666ff8317e53a150a3a227a7cd,262656
./01_raw_data/world_bank/WB_TRADE_GDP_PCT.xls,UNCHANGED,9486bb4234860721fd2ca5d405337382870ed5f660fcc092e58b03584c3234fb,337408
./01_raw_data/world_bank/WGI_2025_Governance_Estimates_and_Scores.xlsx,UNCHANGED,25a2f9eabb90b0092973392c0b31571aa58b691cc5786292e504b52f693e1eb8,10423344
./02_forensic_archive/BROKEN_WDI_RQ_EXPORT_DO_NOT_USE.xls,UNCHANGED,e3b1864e95e6705466c206490954aa614d8b8b8303165ee92fa9a74e2c86de5e,229376
./02_forensic_archive/LEGACY_INVESTMENT_SIGNAL_AUDIT_OIL_UPGRADED.csv,UNCHANGED,a01eed4d6a272170902cc5c95f043d2062049d37bc3057c80f5d33fdcaafa6d2,5942065
./02_forensic_archive/LEGACY_audit_outputs/Decision_Rule_Summary.csv,UNCHANGED,4d3a856a9eb88f7a46e22d88c8fcd4ac24ce6d4281bde3e5204e88d5fe36d190,591
./02_forensic_archive/LEGACY_audit_outputs/Table1_Dataset_Coverage.csv,UNCHANGED,d6d6b282b7e2869a4dffe0aee6b5d78bf14bccf6f81023b7fecefc249b79994e,1260
./02_forensic_archive/LEGACY_audit_outputs/Table2_Target_Comparison.csv,UNCHANGED,cfd4394424c3f56684b4e03759c1f29cedfc3da69d8b795ac42d38084d21e71c,755
./02_forensic_archive/LEGACY_audit_outputs/Table3_CV_Results.csv,UNCHANGED,66fba00d6d307f96437baa4d3183b09e3627512c9f74f2fbb5effa7e3993d58e,8738
./02_forensic_archive/LEGACY_audit_outputs/Table3b_CV_Robustness_Target.csv,UNCHANGED,fffe25d8218fb75ba752060f35342be3428547fac9e270e4335172ebdef4996c,9185
./02_forensic_archive/LEGACY_audit_outputs/Table4_Time_Split_Results.csv,UNCHANGED,2266186e01f97c42afa5e676cf79d29ce3cc4e118e4b1b301667a2d54992202a,2821
./02_forensic_archive/LEGACY_audit_outputs/Table5_Incremental_Value.csv,UNCHANGED,0f92451dfc6828d9d9afecd8ae987f1fbc9f2ff407359ae333f7a0ccc3e83c44,3356
./02_forensic_archive/LEGACY_audit_outputs/Table6_M4_Linear_Coef.csv,UNCHANGED,39c0777339f09225f125d16866f96344bd1a306b741e423c4ccc8d3cbf846c59,578
./02_forensic_archive/LEGACY_audit_outputs/Table6_M4_RF_Perm_Importance.csv,UNCHANGED,7d1e5654dc3f15dc797c94526e9b3f1230a6e16e269987d70d4bf13552c94f71,662
./02_forensic_archive/LEGACY_audit_outputs/Table6_M5_Linear_Coef.csv,UNCHANGED,261dc1913c85e0284860d5af649a9a08dd5cd62fe12c912247b31942bd5237e8,854
./02_forensic_archive/LEGACY_audit_outputs/Table6_M5_RF_Perm_Importance.csv,UNCHANGED,1c2626576ac51a7592f978e1aeabcadf5ac18d510e7bb0e66d3c85ccb5077134,1028
./02_forensic_archive/LEGACY_audit_outputs/Table7_EITI_Track_CV.csv,UNCHANGED,486176fbce7217e817521b6f6340cd77d1a5d3ea226fb0380d54577e3ed10dcd,1422
./02_forensic_archive/LEGACY_investment_nb.py,UNCHANGED,e5e0ab29bb43eb2fcc968f40f0b24421c96551bfa369b25e28508255f59198e2,46736
./02_forensic_archive/LEGACY_signal_audit_nb.py,UNCHANGED,adbccf0dccd8010bc25871f32fda7687f735d7e2527419ebd405b18f669c4a0d,26920
./02_forensic_archive/README_FORENSIC_ONLY.md,UNCHANGED,348a06d80bf4b5b7a989ca1d844c59183db04cad749e3141c59d0d271c511f30,626
./03_config/analysis_config.json,MODIFIED,efe7b58f6806abb6af23594f761d59ebc1ca206f8e3542038861aa919b9cf6ab,4542
./04_pipeline/01_validate_raw_sources.py,UNCHANGED,3d0f0c0832f381922314fb9657fe3b7ac824d0a1e1ff3c1a9510633b9a027ae6,3675
./04_pipeline/02_build_panel_v3.py,UNCHANGED,4047cff6b5c583f30d98ce68ba63c78164253192662a81c709cf5240780655e6,12946
./04_pipeline/03_assign_country_folds.py,UNCHANGED,4ec13be569d7b78e9ac2a45e8f6e54968312b82fd3f8b838db6a8c66752c6eb6,866
./04_pipeline/04_lock_samples.py,UNCHANGED,5555bd1d7181700d4996700aba7864dafee2c3e12517b182e46059a9061d5387,6696
./04_pipeline/05_run_corrected_audit.py,UNCHANGED,5e974dba55bb2e7313327a0115f7ec24a4ad46e994243ea87ed803ad67e15554,19764
./04_pipeline/06_bootstrap_uncertainty.py,UNCHANGED,f452cdd741d51d41715d496c41ef584954cee9f1618e598cc77dc1769b59f4d8,34371
./04_pipeline/06_generate_decisions_and_coverage.py,UNCHANGED,6b29b454bfce86086a33060626b6a9ef51ead168d6ddf113323422c672c21011,22259
./04_pipeline/07_build_reproducibility_report.py,MODIFIED,44861555bfcf02b148cb0f62c7d17ef5efab2ac6ceb2c30aa560b390b27ff91d,8707
./04_pipeline/07_integrate_bootstrap_verdicts.py,UNCHANGED,7205d993fa08197271ce73c328c2598a1ce772a441d2ddd922b786a7ff366861,4683
./04_pipeline/07_verify_deterministic_rerun.py,MODIFIED,a9ff8a409e53f94a4ff7c653181876caea7c437903f4a5d90adb79db129f8200,4285
./04_pipeline/08_persistence_baseline_forensics.py,NEW,5e3230d3aab89c0b6874569530fa4e4d5338dd8cf5f6e8c6fb0b9b445f958875,8043
./04_pipeline/common.py,UNCHANGED,177d4125d20dd11771489a1772b452057b49b52f41c628429210c821e21b25b6,3477
./05_processed_data/Data_Dictionary_V3.csv,UNCHANGED,b890a34fcc5ee37660489ce4e12b521a498c55430c7a2229eb23eca013926431,4245
./05_processed_data/Flow_GDP_Ratio_Consistency_Summary.csv,UNCHANGED,860190095308981eeb4274ab99867a6eaf32bcf429d9065fb05441a94a1b9fe9,284
./05_processed_data/Flow_GDP_Ratio_Consistency_Top100.csv,UNCHANGED,4a1480ed9ed667a60834d31739808bd0617beca667e4abef9810a5a73d7a8217,6495
./05_processed_data/MS2_SIGNAL_ADMISSIBILITY_PANEL_V3.csv,UNCHANGED,d1ec828c6b3fd07b10351927c0cbfdc08752f1a47cf5c19ff21cc13547cd02ec,3668575
./05_processed_data/Missingness_and_Coverage.csv,UNCHANGED,642ca6532e5443fbb994b01345a37f05955839bd97f54a63db5f757f54a68018,1822
./05_processed_data/Source_Provenance_Log.csv,UNCHANGED,6aaf8b802d454463ec1badbcfcc7e75ba552a03633c852648f336f0bcc7169f6,1732
./06_locked_design/Country_Fold_Assignments.csv,UNCHANGED,ca8ff840e103b3cf1c9b6754d241d56f759d55b49fbd6f13e666c315238df1bb,11884
./06_locked_design/Country_Fold_Counts.csv,UNCHANGED,dc90059e7a08b5b266bdb9f58445df887eb102ff2449c6dddbeb7d1e6dcd9003,48
./06_locked_design/Country_Universe.csv,UNCHANGED,c9dd654300002e1d7553bec20e1a0b4fbe02a0646b2a27d8a6d247c6aec7b242,14281
./06_locked_design/Feature_Set_Manifest.csv,UNCHANGED,f20488db7239dbc7be84d19064c8555f8fe44e1cb674ecfb2c947b3c24b483d8,5111
./06_locked_design/Matched_Sample_Feasibility.csv,UNCHANGED,31e7a5211d0a4d061fec2e51021bb403c8b8a620c0976dbda10dea19169b46a2,5737
./06_locked_design/Matched_Sample_Registry.csv,UNCHANGED,342bf3b56fedc6b160d69cd9f45f7f6e2efc76d520133de0c8dce5245ca7b3d5,14904
./06_locked_design/Matched_Sample__M1_Macro_vs_M2_Macro_Oil__normalized__All_Eligible.csv,UNCHANGED,954b74ba527bcc6308f80a57df0ffa1454da61b3d49876fe910eb39d79fb928b,735850
./06_locked_design/Matched_Sample__M1_Macro_vs_M2_Macro_Oil__normalized__Oil_Rent_Intensive_Pre2016_ge10pct.csv,UNCHANGED,3e5877db7be37c9c8887f89304e25ecbed92ec58831bfd399886619a3f17862a,127044
./06_locked_design/Matched_Sample__M1_Macro_vs_M2_Macro_Oil__normalized__Oil_Rent_Intensive_Pre2016_ge15pct.csv,UNCHANGED,38b9d0b61d86ade130bc698011d12f30bd422498f479e839c638f973756bf6ee,111630
./06_locked_design/Matched_Sample__M1_Macro_vs_M2_Macro_Oil__normalized__Oil_Rent_Intensive_Pre2016_ge1pct.csv,UNCHANGED,062eb1028986b3b247b5ca3ff4695fb9b10dfb38f45ffdc0f212197acd3a9493,273478
./06_locked_design/Matched_Sample__M1_Macro_vs_M2_Macro_Oil__normalized__Oil_Rent_Intensive_Pre2016_ge5pct.csv,UNCHANGED,6783ca8c0b9f0deedeaa33582d4d92176cb4d17baec41391849afd8b247457cd,175081
./06_locked_design/Matched_Sample__M1_Macro_vs_M2_Macro_Oil__primary__All_Eligible.csv,UNCHANGED,1d7042c982c81b8babcbd897fed381075f310bf2a22f2387a57be5fccfd31322,731450
./06_locked_design/Matched_Sample__M1_Macro_vs_M2_Macro_Oil__primary__Oil_Rent_Intensive_Pre2016_ge10pct.csv,UNCHANGED,efe3aba2f6f491ffdb01be0a1e7227de2ffe1138da3d2c3296d4ea51230778e6,126205
./06_locked_design/Matched_Sample__M1_Macro_vs_M2_Macro_Oil__primary__Oil_Rent_Intensive_Pre2016_ge15pct.csv,UNCHANGED,ced0fb751b49c51199c98efb7dbb829d4985388119673f6dc8b9801f038314db,110872
./06_locked_design/Matched_Sample__M1_Macro_vs_M2_Macro_Oil__primary__Oil_Rent_Intensive_Pre2016_ge1pct.csv,UNCHANGED,a61e4e4a48dfa4c8b434a3f3682d8e31dd692b795a8520ee70ba058e79c5b1dd,271689
./06_locked_design/Matched_Sample__M1_Macro_vs_M2_Macro_Oil__primary__Oil_Rent_Intensive_Pre2016_ge5pct.csv,UNCHANGED,538c73372928cb52e4892d36b39137a81d1eeec6fa3682404b5beb2145fa5483,173959
./06_locked_design/Matched_Sample__M1_Macro_vs_M2_Macro_Oil__raw_ratio_stress__All_Eligible.csv,UNCHANGED,2ed7a1bb4d89cbcb2b7d12703a3c117ea747f60355f3dc779468c71abf4d9f5e,734650
./06_locked_design/Matched_Sample__M2_Macro_Oil_vs_M3_Macro_Oil_RegQuality__normalized__All_Eligible.csv,UNCHANGED,3ad603df61ba78b7a5dc6351a8bbcd7584dc38f2afeae09dbd9eb2a4bf920f9c,640102
./06_locked_design/Matched_Sample__M2_Macro_Oil_vs_M3_Macro_Oil_RegQuality__normalized__Oil_Rent_Intensive_Pre2016_ge10pct.csv,UNCHANGED,857035e173dab3d79e1d284ef7925e5676fb02b38e0b7132071436c4bbaf2a75,115155
./06_locked_design/Matched_Sample__M2_Macro_Oil_vs_M3_Macro_Oil_RegQuality__normalized__Oil_Rent_Intensive_Pre2016_ge15pct.csv,UNCHANGED,5200a7e084f2fd5332230ec90911155fa564262416f7e969aa6a81db02b0bf77,100743
./06_locked_design/Matched_Sample__M2_Macro_Oil_vs_M3_Macro_Oil_RegQuality__normalized__Oil_Rent_Intensive_Pre2016_ge1pct.csv,UNCHANGED,51409bb90495c0813f71fd3257bd165a44b3f4e99b23b266596c6d5e347df1dd,242198
./06_locked_design/Matched_Sample__M2_Macro_Oil_vs_M3_Macro_Oil_RegQuality__normalized__Oil_Rent_Intensive_Pre2016_ge5pct.csv,UNCHANGED,47d6e188c19a062bdfd15ad234a947425e6a6275f0a8c90b31d8b9804627c5e8,156195
./06_locked_design/Matched_Sample__M2_Macro_Oil_vs_M3_Macro_Oil_RegQuality__primary__All_Eligible.csv,UNCHANGED,2ce55eb3ff3b94e768a993345f761c59285f7fb4ed35b574f8d8b25ecfa81509,636744
./06_locked_design/Matched_Sample__M2_Macro_Oil_vs_M3_Macro_Oil_RegQuality__primary__Oil_Rent_Intensive_Pre2016_ge10pct.csv,UNCHANGED,67a59350229e00e92808a57c72fb439b6e039555a96de91ac8c5969955aee4c9,114489
./06_locked_design/Matched_Sample__M2_Macro_Oil_vs_M3_Macro_Oil_RegQuality__primary__Oil_Rent_Intensive_Pre2016_ge15pct.csv,UNCHANGED,cb73af111016800fd5066df43f1beb7f9937a8942ec3ddfb1dad41abf335d2df,100138
./06_locked_design/Matched_Sample__M2_Macro_Oil_vs_M3_Macro_Oil_RegQuality__primary__Oil_Rent_Intensive_Pre2016_ge1pct.csv,UNCHANGED,71697c8952186ff17bbdab6640233753802bb8253098cebc79a9c5de00f64398,240833
./06_locked_design/Matched_Sample__M2_Macro_Oil_vs_M3_Macro_Oil_RegQuality__primary__Oil_Rent_Intensive_Pre2016_ge5pct.csv,UNCHANGED,cd06537f0deaf90efb398a04b4b55efecd8e1c1aeb6f38d07b98a98dd2333ca5,155332
./06_locked_design/Matched_Sample__M2_Macro_Oil_vs_M3_Macro_Oil_RegQuality__raw_ratio_stress__All_Eligible.csv,UNCHANGED,ef948cb18ad047865e1d0c53d3cbaecb55a5af9f4205d319a83fea99c0b2f8b8,639146
./06_locked_design/WGI_to_World_Bank_Country_Mapping_Audit.csv,UNCHANGED,3020daf64505749e798560ec2598a457c3014762fb575059dc57d569f2065138,4271
./07_outputs/Bootstrap_Country_Contributions.csv,UNCHANGED,8fdf1a8affe87a69c4dff773b8e02d9d4666d2d13dbbd77098298d4bcd82ae72,30082308
./07_outputs/Bootstrap_Draw_Diagnostics.csv,UNCHANGED,a5f06749e8956f29c25c6d865e03aed7e8c60021fbdf24622bbba3b2f8ffb68b,249978
./07_outputs/Bootstrap_Five_Way_Setup_Verdicts.csv,UNCHANGED,eec1e81efe0d2a70f42a990f80f319043087a26e7effcbf6a5a747a0d9f18326,7771
./07_outputs/Bootstrap_Point_Estimate_Alignment.csv,UNCHANGED,3b79d0eaf83a522b63c84ed4cc79ec2d7a9d0c8b02d3bb127411b77a9f7ae6bf,241100
./07_outputs/Bootstrap_Protocol_Parameters.csv,UNCHANGED,edf40a2b0e5a5036b6b633a30c5cfbc3be735952244bc3839c95ac3be42801cc,627
./07_outputs/Bootstrap_Threshold_Probability_Curve.csv,UNCHANGED,7c7fc540146c9d0aa1ce259be8f3895eb8399255673ad9a70f6e49e6331bb168,18463486
./07_outputs/Bootstrap_Unit_Summary.csv,UNCHANGED,abd0df72919bc4283bc9e17569912b5823c6c53115c58e933b9dd3c5929a1ba6,526848
./07_outputs/Central_Verdict_Sensitivity_Table.csv,UNCHANGED,416b090f46bae9338e874789490c27a6f71763fdeeab543212b6a119b4b87c78,19495
./07_outputs/Corrected_Benchmark_Competitiveness_Summary.csv,UNCHANGED,1c258a148c7ecef03e97c4b55a5f0bdfbb5b7d630e96af17c5f2a48398d6c96d,10301
./07_outputs/Corrected_Benchmark_Performance.csv,UNCHANGED,a9dc5f9682ec9fff7a7006f01c60d5164315c1a98c63e706ae66b16ef0eb6700,312446
./07_outputs/Corrected_Incremental_Delta.csv,UNCHANGED,3c045bc91e3a349a701a52443dbeb16900641885e426ee395c27263c0b4a7221,275035
./07_outputs/Corrected_Incremental_Summary.csv,UNCHANGED,79dd77084a8d54cdbf9a860a26e95d5263c38a9f37d2db9f268d109a58b1c683,11000
./07_outputs/Corrected_Model_Performance.csv,UNCHANGED,d6a703605deb56a49407bdaf6724ae5f3dc1614a5cb0e8a7d9424c0b28dcd526,901624
./07_outputs/Corrected_Model_vs_Best_Benchmark.csv,UNCHANGED,258ebb1a3919ce9c7f9779752eddffbf663f8027a54f8e9e478294346b29f220,273204
./07_outputs/Country_Coverage_Audit.csv,UNCHANGED,0facaf4692e3653bd8ada7433e4d17fee0e0f5e6cf4afa6bedec1129fa1da809,16019
./07_outputs/Coverage_Audit_Summary.csv,UNCHANGED,2641c74f0521da875be1b9be4b1c3d61ace4a4ad31b9ec125163f117dfdbd43a,1534
./07_outputs/Final_Signal_Role_and_Admissibility.csv,UNCHANGED,ec93f6b1ee0003ff69029500defd627c41c66dc5591cbdf23c4fa35a1a8536e8,1096
./07_outputs/Forensic_Audit_Findings.csv,UNCHANGED,e6b959b8e01bd05c1da9763af6784aa2fa6326b255cc83997b89d15fc7dbc044,921
./07_outputs/Future_Cutoff_Sensitivity_Table.csv,UNCHANGED,64f20410e81036376616c641908a2ecca5b91996d07ce30af1d9cbc78a7ed22d,39342
./07_outputs/Material_Setup_Caveats.csv,UNCHANGED,b9897eeaa1104eda0001f08277390467386192637a6f76a76f0aabcd05779513,971
./07_outputs/Normalized_vs_Raw_Ratio_Stability.csv,UNCHANGED,5c55bb95fb5cdc0a5909b8eb18ff4886c2147248117c68ed842f0db8e6e757ee,26065
./07_outputs/Null_Signal_Sanity_Per_Permutation.csv,UNCHANGED,42efda41649cd4a65a57c90da09cd9fbba47c60446327699bcbcdcf98aa8a1b7,5537
./07_outputs/Null_Signal_Sanity_Summary.csv,UNCHANGED,e18be1859caa4413e369d53e86f1741e1c736af8a20cca529b7a14799e39b72a,1248
./07_outputs/Oil_Rent_Threshold_Sensitivity_Table.csv,UNCHANGED,b6aa74b9fa024eb7d6b38a4bb5c88ca726618dbdd4f89d609b019c4573fbe856,14703
./07_outputs/Paired_Label_Swap_Calibration.csv,UNCHANGED,8352c6af71cd618d9d7164807240ff651bc96e05f07a1a7391dee9d962e47cd5,585
./07_outputs/Persistence_Baseline_Forensics.csv,NEW,cf17a4edf62c95d09843f6862f30688e153edab194c1a967249695342dec47d3,3262
./07_outputs/Persistence_Headline_Comparison.csv,NEW,9b3bb269107599c7ac1657e2f11ec81f7c51adf32dd9804346cdf86d263267c2,920
./07_outputs/Preliminary_Signal_Admissibility_Decisions.csv,UNCHANGED,cee17be2caab7eebb21f27fa90e73e871ff0d410a83c0a2f80c0b13b12093e33,681
./07_outputs/Raw_Flow_GDP_Extreme_Value_Summary.csv,UNCHANGED,31e0eabecaff7f69e8520b347e886494d3280f0619a5f9d4253767654dd2af01,202
./07_outputs/Raw_Flow_GDP_Top_100_Extreme_Observations.csv,UNCHANGED,dcc5887a23db16d180d6708397fb4e1c432790597ac2f13a7081b8f77a06429b,5700
./07_outputs/Raw_Ratio_Fold_Leverage_Audit.csv,UNCHANGED,9fe31719628c107e7a2ac8858dfcb7e81fb132c041881497ce01070b983181f6,82519
./07_outputs/Restoration_Self_Test.csv,UNCHANGED,e8f1ef82e76c87b0a5ece85776543d433e38ca4dbcb08be36b9dd5e22fa8a1fe,235
./07_outputs/Restored_But_Incomplete_Log.csv,UNCHANGED,1c77f57e60197459572bbcb9382dbc2352fc89e0bef0fdeb29be1cecc0b6415f,298
./07_outputs/Signal_Cross_Setup_Pattern.csv,UNCHANGED,08b41b3af97dd8f1e2c3bfab0f73d9491966a6d87d55244569c45ea3139453ae,569
./07_outputs/Split_Level_Target_and_Prediction_Audit.csv,UNCHANGED,6c56fd17bc877286d12bc17e1e7be9b0f586c76bae86f6d50cc7bb5761fbf634,626696
./07_outputs/bootstrap_partials/curve__M1_Macro_vs_M2_Macro_Oil__normalized__All_Eligible.csv,UNCHANGED,4c3fd89e4d72527b655ae1abe7ba06d3807a3f0724ec58f41505a086ce488d9f,735234
./07_outputs/bootstrap_partials/curve__M1_Macro_vs_M2_Macro_Oil__normalized__Oil_Rent_Intensive_Pre2016_ge10pct.csv,UNCHANGED,ddaf745f5d3081708e7ef1e68b1f2c40b72775747d62a2a04dd2bfd08ab7a49c,896285
./07_outputs/bootstrap_partials/curve__M1_Macro_vs_M2_Macro_Oil__normalized__Oil_Rent_Intensive_Pre2016_ge15pct.csv,UNCHANGED,9c6eb36d244804b0845c2887a55ba876e1c88e146377f88ae2d8e1cf19b0e2fc,897284
./07_outputs/bootstrap_partials/curve__M1_Macro_vs_M2_Macro_Oil__normalized__Oil_Rent_Intensive_Pre2016_ge1pct.csv,UNCHANGED,8df18555b0d1f856575bdf29a990d19fe2050b95ad28eb16be6da8498234bad9,888066
./07_outputs/bootstrap_partials/curve__M1_Macro_vs_M2_Macro_Oil__normalized__Oil_Rent_Intensive_Pre2016_ge5pct.csv,UNCHANGED,c1308d587807e7f695714a67cccec880984cdfd62cbf9fb5850946d27fedc271,889505
./07_outputs/bootstrap_partials/curve__M1_Macro_vs_M2_Macro_Oil__primary__All_Eligible.csv,UNCHANGED,f415afa67041d91a7d3818da648a46e829fe13a5c7e500759ae7ba943021e3b2,711904
./07_outputs/bootstrap_partials/curve__M1_Macro_vs_M2_Macro_Oil__primary__Oil_Rent_Intensive_Pre2016_ge10pct.csv,UNCHANGED,fbffb21ce886d03a7bfa80bfa2e81aff64e2d23397ca783e7faeb4cd1b53e81c,876040
./07_outputs/bootstrap_partials/curve__M1_Macro_vs_M2_Macro_Oil__primary__Oil_Rent_Intensive_Pre2016_ge15pct.csv,UNCHANGED,7f34dfb19742b734f9cd093ce6c2e6647c10615d24be8ccbb194a60f5e6e63df,876477
./07_outputs/bootstrap_partials/curve__M1_Macro_vs_M2_Macro_Oil__primary__Oil_Rent_Intensive_Pre2016_ge1pct.csv,UNCHANGED,849bc1818e071e2864b4b2bffd84436b6fa34de0b25eff0c83ffa50ea821c4ff,868701
./07_outputs/bootstrap_partials/curve__M1_Macro_vs_M2_Macro_Oil__primary__Oil_Rent_Intensive_Pre2016_ge5pct.csv,UNCHANGED,a44e29c3113eb20594331b8278da58557af479f69470184d441622f3b439158e,868890
./07_outputs/bootstrap_partials/curve__M1_Macro_vs_M2_Macro_Oil__raw_ratio_stress__All_Eligible.csv,UNCHANGED,ff553d123d2848d4e2e9574a2f383f7eaf3dd1bb6ee430ac4c1e59bc9ee232f3,779917
./07_outputs/bootstrap_partials/curve__M2_Macro_Oil_vs_M3_Macro_Oil_RegQuality__normalized__All_Eligible.csv,UNCHANGED,bbd8eb3f9f90878849713762121eaf1fc7948bd0644beb580e5cbd39bc4bc416,792937
./07_outputs/bootstrap_partials/curve__M2_Macro_Oil_vs_M3_Macro_Oil_RegQuality__normalized__Oil_Rent_Intensive_Pre2016_ge10pct.csv,UNCHANGED,6b22d828dd1363f8e3cec45cbcef42a2fd339b516563813e54f06b24f2f4851c,954596
./07_outputs/bootstrap_partials/curve__M2_Macro_Oil_vs_M3_Macro_Oil_RegQuality__normalized__Oil_Rent_Intensive_Pre2016_ge15pct.csv,UNCHANGED,7d5fe5e7c8461346dc5ede0cc5190cdd244d07fdc00c6ac277532f6a17e12239,955124
./07_outputs/bootstrap_partials/curve__M2_Macro_Oil_vs_M3_Macro_Oil_RegQuality__normalized__Oil_Rent_Intensive_Pre2016_ge1pct.csv,UNCHANGED,9287a99e9a7210244b624a1222bfdecbf323100aadc998a787c40fcdcab7a72f,945737
./07_outputs/bootstrap_partials/curve__M2_Macro_Oil_vs_M3_Macro_Oil_RegQuality__normalized__Oil_Rent_Intensive_Pre2016_ge5pct.csv,UNCHANGED,c003137811f09642aea5f77a0c512e0eeda342dfd5bf56c7906b8c171e4582b1,946886
./07_outputs/bootstrap_partials/curve__M2_Macro_Oil_vs_M3_Macro_Oil_RegQuality__primary__All_Eligible.csv,UNCHANGED,d6f37fcbb9d1b207ba90bf3f4704df5a911d2669e4511e3dd254c0ceba31250e,769054
./07_outputs/bootstrap_partials/curve__M2_Macro_Oil_vs_M3_Macro_Oil_RegQuality__primary__Oil_Rent_Intensive_Pre2016_ge10pct.csv,UNCHANGED,6d94b63acd25b898743b4b7183f0822859c07442e3d2ab95b8110a9aded296f2,933407
./07_outputs/bootstrap_partials/curve__M2_Macro_Oil_vs_M3_Macro_Oil_RegQuality__primary__Oil_Rent_Intensive_Pre2016_ge15pct.csv,UNCHANGED,487328cca7e54557b0e7a8c7d625dfbe18e49a07bda2d38d7f94772822150737,932991
./07_outputs/bootstrap_partials/curve__M2_Macro_Oil_vs_M3_Macro_Oil_RegQuality__primary__Oil_Rent_Intensive_Pre2016_ge1pct.csv,UNCHANGED,fae98ad8783cd5a7bf38ed1af856e6be8beef2bd18e7eabf0b030b1e98299966,925462
./07_outputs/bootstrap_partials/curve__M2_Macro_Oil_vs_M3_Macro_Oil_RegQuality__primary__Oil_Rent_Intensive_Pre2016_ge5pct.csv,UNCHANGED,a62aaf850476dceceabfcd3533e92dfae228cb779cb419190ad3fa876332aec3,925904
./07_outputs/bootstrap_partials/curve__M2_Macro_Oil_vs_M3_Macro_Oil_RegQuality__raw_ratio_stress__All_Eligible.csv,UNCHANGED,2eca27cbb852a50957e768184b64794adfd9a2728d39752cd2666b3e07beff5e,838648
./07_outputs/bootstrap_partials/diagnostics__M1_Macro_vs_M2_Macro_Oil__normalized__All_Eligible.csv,UNCHANGED,9e7459881cb3fecadf31fd1556bd0bbdb5d019ef2822bf849ef17151ebb0d18a,10428
./07_outputs/bootstrap_partials/diagnostics__M1_Macro_vs_M2_Macro_Oil__normalized__Oil_Rent_Intensive_Pre2016_ge10pct.csv,UNCHANGED,0d2ccbd827e52564c36612c6f90ff87aa71871c565c2e137930cd1588372aac1,11802
./07_outputs/bootstrap_partials/diagnostics__M1_Macro_vs_M2_Macro_Oil__normalized__Oil_Rent_Intensive_Pre2016_ge15pct.csv,UNCHANGED,a4fef2baf047875a81f0436d0524ff4e1f45446db69a12896e697da7d3d4e37e,11784
./07_outputs/bootstrap_partials/diagnostics__M1_Macro_vs_M2_Macro_Oil__normalized__Oil_Rent_Intensive_Pre2016_ge1pct.csv,UNCHANGED,b340623d1dd9d96e3030e1897965fbbdddf9f64d4d7627b6e12b391012e02ac5,11730
./07_outputs/bootstrap_partials/diagnostics__M1_Macro_vs_M2_Macro_Oil__normalized__Oil_Rent_Intensive_Pre2016_ge5pct.csv,UNCHANGED,3e724b6463d27b4c6d20982dbc3065da68204864f6e0133957fa7e09e14e4ea6,11730
./07_outputs/bootstrap_partials/diagnostics__M1_Macro_vs_M2_Macro_Oil__primary__All_Eligible.csv,UNCHANGED,526539186626158336e02aefbf7515d505f63ea85704d35ae1e348b90fe5f6de,10206
./07_outputs/bootstrap_partials/diagnostics__M1_Macro_vs_M2_Macro_Oil__primary__Oil_Rent_Intensive_Pre2016_ge10pct.csv,UNCHANGED,8e47e2b7713307e4a3233e32f3d1c74cb080b213cb0a4298e402553353560e69,11586
./07_outputs/bootstrap_partials/diagnostics__M1_Macro_vs_M2_Macro_Oil__primary__Oil_Rent_Intensive_Pre2016_ge15pct.csv,UNCHANGED,6e77e443ce06f393288f2aa3db063561ac4b0259694ead729800b6dbe3b2334c,11574
./07_outputs/bootstrap_partials/diagnostics__M1_Macro_vs_M2_Macro_Oil__primary__Oil_Rent_Intensive_Pre2016_ge1pct.csv,UNCHANGED,7f08065a5f70c1166d0af8f0721afd2e39a643c2a3780720756d4aad2fef5131,11514
./07_outputs/bootstrap_partials/diagnostics__M1_Macro_vs_M2_Macro_Oil__primary__Oil_Rent_Intensive_Pre2016_ge5pct.csv,UNCHANGED,3841b8a54c0b5e8bd14d9c44a139b342a6d1a0f4468e2775a8214bb4e265e1ba,11514
./07_outputs/bootstrap_partials/diagnostics__M1_Macro_vs_M2_Macro_Oil__raw_ratio_stress__All_Eligible.csv,UNCHANGED,90a9737cd4a2e2b16865a1b8a7ae618c21e95759dafb7134e921139e9ca9b218,10854
./07_outputs/bootstrap_partials/diagnostics__M2_Macro_Oil_vs_M3_Macro_Oil_RegQuality__normalized__All_Eligible.csv,UNCHANGED,ab75f2edb4370b51caf280f26986b05c12e112ee339193cd0718d3e0b9a3e1cb,10992
./07_outputs/bootstrap_partials/diagnostics__M2_Macro_Oil_vs_M3_Macro_Oil_RegQuality__normalized__Oil_Rent_Intensive_Pre2016_ge10pct.csv,UNCHANGED,3061dbf00a9c419244b595919b2a7566317c0aacfdd377933fb6ebb4dd4ddd8e,12378
./07_outputs/bootstrap_partials/diagnostics__M2_Macro_Oil_vs_M3_Macro_Oil_RegQuality__normalized__Oil_Rent_Intensive_Pre2016_ge15pct.csv,UNCHANGED,067f4b14ea985ce1014d8ed9b82573441cdb64345871b1022eb064fcdbd9c03c,12360
./07_outputs/bootstrap_partials/diagnostics__M2_Macro_Oil_vs_M3_Macro_Oil_RegQuality__normalized__Oil_Rent_Intensive_Pre2016_ge1pct.csv,UNCHANGED,2183bc61dd4864fb2bfbd443af85aea219572d9a6a2494059b66e9f0de13795b,12306
./07_outputs/bootstrap_partials/diagnostics__M2_Macro_Oil_vs_M3_Macro_Oil_RegQuality__normalized__Oil_Rent_Intensive_Pre2016_ge5pct.csv,UNCHANGED,20e1e2e753e91015f22a97ebed1f8b7be30417d77f1cdf13b35cde9ee209393a,12306
./07_outputs/bootstrap_partials/diagnostics__M2_Macro_Oil_vs_M3_Macro_Oil_RegQuality__primary__All_Eligible.csv,UNCHANGED,43d907c36c740d901a274bf7835245387efe32ab154e5fa094bbfd71a59657c6,10788
./07_outputs/bootstrap_partials/diagnostics__M2_Macro_Oil_vs_M3_Macro_Oil_RegQuality__primary__Oil_Rent_Intensive_Pre2016_ge10pct.csv,UNCHANGED,15bdce4cb923138a4ff31d278570fb9f72dbf0db5a5ca540467e7559f18f1492,12162
./07_outputs/bootstrap_partials/diagnostics__M2_Macro_Oil_vs_M3_Macro_Oil_RegQuality__primary__Oil_Rent_Intensive_Pre2016_ge15pct.csv,UNCHANGED,11245100968e130670ed6fa7093946b06db519e8de33a67b2efe6eb5b90ebe29,12150
./07_outputs/bootstrap_partials/diagnostics__M2_Macro_Oil_vs_M3_Macro_Oil_RegQuality__primary__Oil_Rent_Intensive_Pre2016_ge1pct.csv,UNCHANGED,d1f6da840a64ec9dc2cee47e479366991574f5012f9c94537435c9d452edcc31,12090
./07_outputs/bootstrap_partials/diagnostics__M2_Macro_Oil_vs_M3_Macro_Oil_RegQuality__primary__Oil_Rent_Intensive_Pre2016_ge5pct.csv,UNCHANGED,7011a1992111f7f17137cf2ef4eb99fd35278b1de71bf47cf57997800d956f53,12090
./07_outputs/bootstrap_partials/diagnostics__M2_Macro_Oil_vs_M3_Macro_Oil_RegQuality__raw_ratio_stress__All_Eligible.csv,UNCHANGED,1522a867fbfde3118829a38dcd413f301a885a85bf461571d1073f177fb0c1e5,11430
./07_outputs/bootstrap_partials/summary__M1_Macro_vs_M2_Macro_Oil__normalized__All_Eligible.csv,UNCHANGED,6ada2750ded61fefe112bbe31c4f89332f8358921f64f0688391395727ada24d,24307
./07_outputs/bootstrap_partials/summary__M1_Macro_vs_M2_Macro_Oil__normalized__Oil_Rent_Intensive_Pre2016_ge10pct.csv,UNCHANGED,af5e27c34e1b69a610ace1394f7bbf7dae45677228e81d48e17c24ca68a7e5d8,25530
./07_outputs/bootstrap_partials/summary__M1_Macro_vs_M2_Macro_Oil__normalized__Oil_Rent_Intensive_Pre2016_ge15pct.csv,UNCHANGED,e13f6e016b9858fb57c9eeb47159f53a2cde2f625af8f7a8486a831aa6c7177d,25286
./07_outputs/bootstrap_partials/summary__M1_Macro_vs_M2_Macro_Oil__normalized__Oil_Rent_Intensive_Pre2016_ge1pct.csv,UNCHANGED,282f184b347e54ea4077649a5a8233e107129cfc0a80409030588ea0c52f2fa4,25447
./07_outputs/bootstrap_partials/summary__M1_Macro_vs_M2_Macro_Oil__normalized__Oil_Rent_Intensive_Pre2016_ge5pct.csv,UNCHANGED,a12afc1a8e3409d3a290bd88402efa7daf7c72a2f7d0d025375ab814d648cb59,25543
./07_outputs/bootstrap_partials/summary__M1_Macro_vs_M2_Macro_Oil__primary__All_Eligible.csv,UNCHANGED,b77b9a4093ffa2df033f17d366dae759c38abc1d3a56f4848f3e84e5d501aba1,23592
./07_outputs/bootstrap_partials/summary__M1_Macro_vs_M2_Macro_Oil__primary__Oil_Rent_Intensive_Pre2016_ge10pct.csv,UNCHANGED,977b9ab5071ca8122a8f25ee780cb1671090f3afc39c1ef27dd5236ba8061cbe,24733
./07_outputs/bootstrap_partials/summary__M1_Macro_vs_M2_Macro_Oil__primary__Oil_Rent_Intensive_Pre2016_ge15pct.csv,UNCHANGED,278c1ffe6c38cacd7cecbaa605e873a220b780b2c145b9db2a1be406d91873cb,24538
./07_outputs/bootstrap_partials/summary__M1_Macro_vs_M2_Macro_Oil__primary__Oil_Rent_Intensive_Pre2016_ge1pct.csv,UNCHANGED,c7ce93e6473eba7608612fa2532849b1ddd1dd30920fa8a306619ac866287ad7,24895
./07_outputs/bootstrap_partials/summary__M1_Macro_vs_M2_Macro_Oil__primary__Oil_Rent_Intensive_Pre2016_ge5pct.csv,UNCHANGED,99627be608ea334ae0dd4e594f2d570cae318f99e753e77b9eeaef5305e66d9b,24871
./07_outputs/bootstrap_partials/summary__M1_Macro_vs_M2_Macro_Oil__raw_ratio_stress__All_Eligible.csv,UNCHANGED,f48618cd1515e77353c8e14c1faf9f86076bc6e71ba400ad418e0e74dd5dab47,24005
./07_outputs/bootstrap_partials/summary__M2_Macro_Oil_vs_M3_Macro_Oil_RegQuality__normalized__All_Eligible.csv,UNCHANGED,a96831882ba5cbdb7a2eb78f44de9636bfb8be681fef79e809e92ab27a2cf7ab,25297
./07_outputs/bootstrap_partials/summary__M2_Macro_Oil_vs_M3_Macro_Oil_RegQuality__normalized__Oil_Rent_Intensive_Pre2016_ge10pct.csv,UNCHANGED,b15918df05dd933ffd7671469639285d054e84650984d041815617350e80bae6,26461
./07_outputs/bootstrap_partials/summary__M2_Macro_Oil_vs_M3_Macro_Oil_RegQuality__normalized__Oil_Rent_Intensive_Pre2016_ge15pct.csv,UNCHANGED,ab72684bfe117223e15b56bb02924f70e62a32004884ff22cb68df8a959751b7,26198
./07_outputs/bootstrap_partials/summary__M2_Macro_Oil_vs_M3_Macro_Oil_RegQuality__normalized__Oil_Rent_Intensive_Pre2016_ge1pct.csv,UNCHANGED,9ea6a374e0b29f65dc76c83c148e12ef3217f4620e41bfb1fc678b792448f5f7,26457
./07_outputs/bootstrap_partials/summary__M2_Macro_Oil_vs_M3_Macro_Oil_RegQuality__normalized__Oil_Rent_Intensive_Pre2016_ge5pct.csv,UNCHANGED,b00cf900e135011d3b4bc2aaaa12e61e29db40855e53616de33e7c4c148fecfb,26488
./07_outputs/bootstrap_partials/summary__M2_Macro_Oil_vs_M3_Macro_Oil_RegQuality__primary__All_Eligible.csv,UNCHANGED,3ff505e1091334685934ada645ee4a9ba65e5187453bc8be14c9ba406b55dab0,24633
./07_outputs/bootstrap_partials/summary__M2_Macro_Oil_vs_M3_Macro_Oil_RegQuality__primary__Oil_Rent_Intensive_Pre2016_ge10pct.csv,UNCHANGED,54c7f9a9db7636472256bb7e705dc7af671e6bc2c0aea24be24f3ee0a47bc69e,25837
./07_outputs/bootstrap_partials/summary__M2_Macro_Oil_vs_M3_Macro_Oil_RegQuality__primary__Oil_Rent_Intensive_Pre2016_ge15pct.csv,UNCHANGED,42f800170fdad4b2812404ebb2e6875da534a16b441bb78a057a594f6f75a4db,25523
./07_outputs/bootstrap_partials/summary__M2_Macro_Oil_vs_M3_Macro_Oil_RegQuality__primary__Oil_Rent_Intensive_Pre2016_ge1pct.csv,UNCHANGED,3af0638675a4b922b7b1fbefb1419cb769c31b3efe087826ca178abd07c659c0,25866
./07_outputs/bootstrap_partials/summary__M2_Macro_Oil_vs_M3_Macro_Oil_RegQuality__primary__Oil_Rent_Intensive_Pre2016_ge5pct.csv,UNCHANGED,fafb5f194595d95d58c36632f6f3710f34d97825ea4bbe01d7930ba136a857b5,25950
./07_outputs/bootstrap_partials/summary__M2_Macro_Oil_vs_M3_Macro_Oil_RegQuality__raw_ratio_stress__All_Eligible.csv,UNCHANGED,1516a0dc5531da4c296d0ddd60d202f9f2c170de7bf9dedf04029d01b7b0f8fc,25175
./07_outputs/partials/benchmarks__M1_Macro_vs_M2_Macro_Oil__normalized__All_Eligible.csv,UNCHANGED,8b2c429edcd3a58bb8bea0f86aa00ea25ae2175d81a1ef3dde70b0fbee16d3c0,13240
./07_outputs/partials/benchmarks__M1_Macro_vs_M2_Macro_Oil__normalized__Oil_Rent_Intensive_Pre2016_ge10pct.csv,UNCHANGED,2dca9936459646c17c78769907f309980789c4e7e04526ce807549e84dd1c6f3,15047
./07_outputs/partials/benchmarks__M1_Macro_vs_M2_Macro_Oil__normalized__Oil_Rent_Intensive_Pre2016_ge15pct.csv,UNCHANGED,a180c234d4813f9a5a791361ca72a058743a38b0f6938c833475c75783169995,15038
./07_outputs/partials/benchmarks__M1_Macro_vs_M2_Macro_Oil__normalized__Oil_Rent_Intensive_Pre2016_ge1pct.csv,UNCHANGED,de4cf0cd98ab8b83356f926d06505e24982920907be08ee2d7aa289aa752cfe3,14975
./07_outputs/partials/benchmarks__M1_Macro_vs_M2_Macro_Oil__normalized__Oil_Rent_Intensive_Pre2016_ge5pct.csv,UNCHANGED,8a1d3801705446c4b981b990e02872b8fab1052a811adbdcd54c06a8d8f36171,14899
./07_outputs/partials/benchmarks__M1_Macro_vs_M2_Macro_Oil__primary__All_Eligible.csv,UNCHANGED,35786401e9239e6a4773eaa87b890844a8d0abb5ecb11351a657828e8b561fe2,12800
./07_outputs/partials/benchmarks__M1_Macro_vs_M2_Macro_Oil__primary__Oil_Rent_Intensive_Pre2016_ge10pct.csv,UNCHANGED,8e643cd140e1f3eb766216a563b5262a2d9bcc946a33ab06462a268d6b9b4902,14536
./07_outputs/partials/benchmarks__M1_Macro_vs_M2_Macro_Oil__primary__Oil_Rent_Intensive_Pre2016_ge15pct.csv,UNCHANGED,b146747161da754af2047404721e66ead113dcd3b3238d3ab36d110ee269f231,14537
./07_outputs/partials/benchmarks__M1_Macro_vs_M2_Macro_Oil__primary__Oil_Rent_Intensive_Pre2016_ge1pct.csv,UNCHANGED,75ac5c8b3a34d7639f1b86fc7aab457d092876a2e54f7db06caf80f115b566ac,14522
./07_outputs/partials/benchmarks__M1_Macro_vs_M2_Macro_Oil__primary__Oil_Rent_Intensive_Pre2016_ge5pct.csv,UNCHANGED,f5676eec0b8fcf9fb9b514922a590618ec71a4b966398d89f2551fe642ca4275,14448
./07_outputs/partials/benchmarks__M1_Macro_vs_M2_Macro_Oil__raw_ratio_stress__All_Eligible.csv,UNCHANGED,5d87b568a040e28b880267bf0410218e6d68e3bc67a6a9e5a889b9909508dde0,13333
./07_outputs/partials/benchmarks__M2_Macro_Oil_vs_M3_Macro_Oil_RegQuality__normalized__All_Eligible.csv,UNCHANGED,2163082f4c29442a4e982c0796f1c24e296bbda505228a53f4bf0bf7feefedf1,13694
./07_outputs/partials/benchmarks__M2_Macro_Oil_vs_M3_Macro_Oil_RegQuality__normalized__Oil_Rent_Intensive_Pre2016_ge10pct.csv,UNCHANGED,30fc8e44771ab1942bf3b9d03c8f9120958d3de2e0109623fea61a1069792912,15510
./07_outputs/partials/benchmarks__M2_Macro_Oil_vs_M3_Macro_Oil_RegQuality__normalized__Oil_Rent_Intensive_Pre2016_ge15pct.csv,UNCHANGED,b17e8b7cd148d837ef3276f0e880b78961373900355665375d8b4243f5b5295f,15534
./07_outputs/partials/benchmarks__M2_Macro_Oil_vs_M3_Macro_Oil_RegQuality__normalized__Oil_Rent_Intensive_Pre2016_ge1pct.csv,UNCHANGED,1f9d4ae9c7253b48fe61595edbdc4fd31f0233bf25d12c05881ce8c603ce8d75,15447
./07_outputs/partials/benchmarks__M2_Macro_Oil_vs_M3_Macro_Oil_RegQuality__normalized__Oil_Rent_Intensive_Pre2016_ge5pct.csv,UNCHANGED,223055b3327245ee1252f622acd59547eee78ff8f4b5508f874cb4319d3a22f1,15392
./07_outputs/partials/benchmarks__M2_Macro_Oil_vs_M3_Macro_Oil_RegQuality__primary__All_Eligible.csv,UNCHANGED,77643dfe603697ae2f1d97009adc7f4a1c120a1380eccab73b5fd30ddbfd4eb3,13288
./07_outputs/partials/benchmarks__M2_Macro_Oil_vs_M3_Macro_Oil_RegQuality__primary__Oil_Rent_Intensive_Pre2016_ge10pct.csv,UNCHANGED,0d594d4ec96f8fc76b1bb6d90389fa46d38d20c5603adf12b2c4b76a7d0f84a1,15004
./07_outputs/partials/benchmarks__M2_Macro_Oil_vs_M3_Macro_Oil_RegQuality__primary__Oil_Rent_Intensive_Pre2016_ge15pct.csv,UNCHANGED,c1accf77a53d1135173e1d05c678c04d7b060b08e9c77e86aa6789e76346deeb,14997
./07_outputs/partials/benchmarks__M2_Macro_Oil_vs_M3_Macro_Oil_RegQuality__primary__Oil_Rent_Intensive_Pre2016_ge1pct.csv,UNCHANGED,4537cadc46d71994d2c630f0bb2a3815ef5b2da50b4060390b870b0890aa17e7,14989
./07_outputs/partials/benchmarks__M2_Macro_Oil_vs_M3_Macro_Oil_RegQuality__primary__Oil_Rent_Intensive_Pre2016_ge5pct.csv,UNCHANGED,e62d38f9b1f2ac58934969433536abb18fe080581b5f800f1006b8e1db3f5d6c,14934
./07_outputs/partials/benchmarks__M2_Macro_Oil_vs_M3_Macro_Oil_RegQuality__raw_ratio_stress__All_Eligible.csv,UNCHANGED,f7e0e5dcd215c1001ada179dc7040b2090aa3058278116dfd0980cf4e758a87d,13798
./07_outputs/partials/contributions__M1_Macro_vs_M2_Macro_Oil__normalized__All_Eligible.csv,UNCHANGED,9863440d891e7cddb01737b8a760a9c84183b58ef034cef19fdf0121468a31f0,2820287
./07_outputs/partials/contributions__M1_Macro_vs_M2_Macro_Oil__normalized__Oil_Rent_Intensive_Pre2016_ge10pct.csv,UNCHANGED,77e15f09182ef6bc8b04e947f0439f27b7e0e5fdbfde328fa2c1973a2f76664f,598618
./07_outputs/partials/contributions__M1_Macro_vs_M2_Macro_Oil__normalized__Oil_Rent_Intensive_Pre2016_ge15pct.csv,UNCHANGED,945f0d4640e6a286a78609ec380a47e7686bd6eff7396b6dcabd3f7936297e62,523103
./07_outputs/partials/contributions__M1_Macro_vs_M2_Macro_Oil__normalized__Oil_Rent_Intensive_Pre2016_ge1pct.csv,UNCHANGED,5b10b556923e57e1617fe4e97bd4810d344da8a2fe5648e46153e255a551e609,1243112
./07_outputs/partials/contributions__M1_Macro_vs_M2_Macro_Oil__normalized__Oil_Rent_Intensive_Pre2016_ge5pct.csv,UNCHANGED,17af8accd233c8b186e8bdf32839b4856f3a49eef67fabf6e3dc970428787628,799702
./07_outputs/partials/contributions__M1_Macro_vs_M2_Macro_Oil__primary__All_Eligible.csv,UNCHANGED,761eb520eadd8ed2a3da828542e7ee1cd15f1767324f1f0b60893d67668e1749,2680799
./07_outputs/partials/contributions__M1_Macro_vs_M2_Macro_Oil__primary__Oil_Rent_Intensive_Pre2016_ge10pct.csv,UNCHANGED,a2fd3636ccef77ee6f82ac55bfba558ab5d8633489fed2d36a852a13bc3fb6a8,576767
./07_outputs/partials/contributions__M1_Macro_vs_M2_Macro_Oil__primary__Oil_Rent_Intensive_Pre2016_ge15pct.csv,UNCHANGED,e3ab2efba8c47518d87b6a0663b11cd2059957342aa1563374414e573f2c616d,504283
./07_outputs/partials/contributions__M1_Macro_vs_M2_Macro_Oil__primary__Oil_Rent_Intensive_Pre2016_ge1pct.csv,UNCHANGED,ca68d2be80611d419f8e3d573c9834abea3e4cd1a350a0c6f1a7e7f13360a7b7,1193893
./07_outputs/partials/contributions__M1_Macro_vs_M2_Macro_Oil__primary__Oil_Rent_Intensive_Pre2016_ge5pct.csv,UNCHANGED,51a0065bcf75f1eec9e2bb21867b3e3380996049f2767434ebe0a63894670ca0,769176
./07_outputs/partials/contributions__M1_Macro_vs_M2_Macro_Oil__raw_ratio_stress__All_Eligible.csv,UNCHANGED,f479e42f6f82d5b3cbca4427e79c8efca92a1ac1f52fe4ba30750d0274c7f63f,2876001
./07_outputs/partials/contributions__M2_Macro_Oil_vs_M3_Macro_Oil_RegQuality__normalized__All_Eligible.csv,UNCHANGED,edaf8275878ce388ef81ab9c77b8223acd57e376d00ab2cd8a935c2b82eac22b,3012644
./07_outputs/partials/contributions__M2_Macro_Oil_vs_M3_Macro_Oil_RegQuality__normalized__Oil_Rent_Intensive_Pre2016_ge10pct.csv,UNCHANGED,76f89fdc1cf3b75022eb3d44c7c5e0bd48be78f9311f9cb5f1f53acb6b30ebab,634478
./07_outputs/partials/contributions__M2_Macro_Oil_vs_M3_Macro_Oil_RegQuality__normalized__Oil_Rent_Intensive_Pre2016_ge15pct.csv,UNCHANGED,1bbcfdbbd95f376190a35f21e3b1e15609b4baf8350af4fbe89db733d0368a73,554469
./07_outputs/partials/contributions__M2_Macro_Oil_vs_M3_Macro_Oil_RegQuality__normalized__Oil_Rent_Intensive_Pre2016_ge1pct.csv,UNCHANGED,0d9aa69f2cb9578bef2a652a2e0eebd992d56f750f63e8e6c240b497861cda12,1318254
./07_outputs/partials/contributions__M2_Macro_Oil_vs_M3_Macro_Oil_RegQuality__normalized__Oil_Rent_Intensive_Pre2016_ge5pct.csv,UNCHANGED,ee8b247d9a6b6696d7a2aef7a714bd3ea6aef8adea08caa9f1741cdbec5a4867,848036
./07_outputs/partials/contributions__M2_Macro_Oil_vs_M3_Macro_Oil_RegQuality__primary__All_Eligible.csv,UNCHANGED,d89e39b6867b98d0c5b2530e3c0bc02ca99dcffbb0776a8252f181cb7665100d,2874289
./07_outputs/partials/contributions__M2_Macro_Oil_vs_M3_Macro_Oil_RegQuality__primary__Oil_Rent_Intensive_Pre2016_ge10pct.csv,UNCHANGED,c84464359a18b6b50bb1495302c5f205ab66e9300825dd17befc80e5b63c5070,612797
./07_outputs/partials/contributions__M2_Macro_Oil_vs_M3_Macro_Oil_RegQuality__primary__Oil_Rent_Intensive_Pre2016_ge15pct.csv,UNCHANGED,50524b1b10a067e245c715e6e3d0897e49718070c2ed316a4130a98bb85f5da4,535784
./07_outputs/partials/contributions__M2_Macro_Oil_vs_M3_Macro_Oil_RegQuality__primary__Oil_Rent_Intensive_Pre2016_ge1pct.csv,UNCHANGED,144528bb660ccb8a24e553ca30c665fe56d597e4e83d0aaaed74c04f78067e10,1269468
./07_outputs/partials/contributions__M2_Macro_Oil_vs_M3_Macro_Oil_RegQuality__primary__Oil_Rent_Intensive_Pre2016_ge5pct.csv,UNCHANGED,bff5a1b8e225aad7cfd9a4e58cebb94fe8295d35b72f78f0969397143383f777,817761
./07_outputs/partials/contributions__M2_Macro_Oil_vs_M3_Macro_Oil_RegQuality__raw_ratio_stress__All_Eligible.csv,UNCHANGED,d04d7d38857927949dee4912e657782875128a6ad9f96abe7cc05e102ee69f6e,3068167
./07_outputs/partials/performance__M1_Macro_vs_M2_Macro_Oil__normalized__All_Eligible.csv,UNCHANGED,06db145c08898246665286dff7c55ba9cd852f6f9204c635e20983859d90a77c,37971
./07_outputs/partials/performance__M1_Macro_vs_M2_Macro_Oil__normalized__Oil_Rent_Intensive_Pre2016_ge10pct.csv,UNCHANGED,784cd6609409ff12cfbaed881ac2d3f6b70972975894c4b446658a267351f3f2,41548
./07_outputs/partials/performance__M1_Macro_vs_M2_Macro_Oil__normalized__Oil_Rent_Intensive_Pre2016_ge15pct.csv,UNCHANGED,b38d89fcbca1b7efb4a3826df6a9040dc1abcda0b95e622d1e6963e6ceb28941,41562
./07_outputs/partials/performance__M1_Macro_vs_M2_Macro_Oil__normalized__Oil_Rent_Intensive_Pre2016_ge1pct.csv,UNCHANGED,cdcc524320c72a179388c1fb83c09083e62cc512a8b16bbf5448357b0a984572,41419
./07_outputs/partials/performance__M1_Macro_vs_M2_Macro_Oil__normalized__Oil_Rent_Intensive_Pre2016_ge5pct.csv,UNCHANGED,bafd3ce57a66281c0a01d45dbdb1802d3451d51931bfe59c4f0dd901a6b33af2,41325
./07_outputs/partials/performance__M1_Macro_vs_M2_Macro_Oil__primary__All_Eligible.csv,UNCHANGED,88b693b386bc2176251bfb7b6fd768840cc128ed276be3b957439f67b15c9cbe,36596
./07_outputs/partials/performance__M1_Macro_vs_M2_Macro_Oil__primary__Oil_Rent_Intensive_Pre2016_ge10pct.csv,UNCHANGED,c635b1d855fb5b6a5c8a9464b7efdbebbe8aacdccd63bbd5bec6704105ec7471,40035
./07_outputs/partials/performance__M1_Macro_vs_M2_Macro_Oil__primary__Oil_Rent_Intensive_Pre2016_ge15pct.csv,UNCHANGED,d2e8760e0a9667417c7e4d5d8ef1afc42d2ddd8e7f5dfc86b430f874b9dbd15f,40065
./07_outputs/partials/performance__M1_Macro_vs_M2_Macro_Oil__primary__Oil_Rent_Intensive_Pre2016_ge1pct.csv,UNCHANGED,9e6ccf046023a3f74bac230ff2920cd6bfa5edb2bd26b1fc14942ad17a02670c,40060
./07_outputs/partials/performance__M1_Macro_vs_M2_Macro_Oil__primary__Oil_Rent_Intensive_Pre2016_ge5pct.csv,UNCHANGED,c74a9c2eb0bb304a02e2a153cdfdb2cd64ed9a59205fa54c80999a484fbcfed3,39900
./07_outputs/partials/performance__M1_Macro_vs_M2_Macro_Oil__raw_ratio_stress__All_Eligible.csv,UNCHANGED,7fff8d71fc9ec2e2b71bf609c619fe1119bbf3b3acc0d2c168336f2cb72b15aa,37779
./07_outputs/partials/performance__M2_Macro_Oil_vs_M3_Macro_Oil_RegQuality__normalized__All_Eligible.csv,UNCHANGED,7f152c8be5d20cec4e7ec1224dee4eb13eea043fbee0e082389241f3c8be6d73,41032
./07_outputs/partials/performance__M2_Macro_Oil_vs_M3_Macro_Oil_RegQuality__normalized__Oil_Rent_Intensive_Pre2016_ge10pct.csv,UNCHANGED,50b7dd27fd2929290bd0061bf2735ab4cb54fa80313961b29515d443b1789801,44623
./07_outputs/partials/performance__M2_Macro_Oil_vs_M3_Macro_Oil_RegQuality__normalized__Oil_Rent_Intensive_Pre2016_ge15pct.csv,UNCHANGED,239af48a960a9b7c09658c9ad3134d6e5506e476a767f91c789f4b30ebf9815f,44682
./07_outputs/partials/performance__M2_Macro_Oil_vs_M3_Macro_Oil_RegQuality__normalized__Oil_Rent_Intensive_Pre2016_ge1pct.csv,UNCHANGED,e8fed4c116013286eeaade8890ca46bc62af2c633d75422132f11c1e2d3fa5ed,44538
./07_outputs/partials/performance__M2_Macro_Oil_vs_M3_Macro_Oil_RegQuality__normalized__Oil_Rent_Intensive_Pre2016_ge5pct.csv,UNCHANGED,a0509b508f856db79ec26b85d73ebcdfd34e9bec2afb1df9edb33f9c3a512c88,44437
./07_outputs/partials/performance__M2_Macro_Oil_vs_M3_Macro_Oil_RegQuality__primary__All_Eligible.csv,UNCHANGED,1b9faad94cde4e95238b3c8f49f5e777994765b0b19200fa2af823eaf757e903,39711
./07_outputs/partials/performance__M2_Macro_Oil_vs_M3_Macro_Oil_RegQuality__primary__Oil_Rent_Intensive_Pre2016_ge10pct.csv,UNCHANGED,ea02ef7d0892e450aa193e7f4318985f2dc2ecb1f37bdde2c58aac554d7da974,43125
./07_outputs/partials/performance__M2_Macro_Oil_vs_M3_Macro_Oil_RegQuality__primary__Oil_Rent_Intensive_Pre2016_ge15pct.csv,UNCHANGED,f79709f848dd75748a8b945feeb5ebf119186b7c118335f6f612730a0c7daaff,43137
./07_outputs/partials/performance__M2_Macro_Oil_vs_M3_Macro_Oil_RegQuality__primary__Oil_Rent_Intensive_Pre2016_ge1pct.csv,UNCHANGED,391cabff8ec666018bd2d0a52d46e0c71388c84312628bcb34d2a6263ebcbfa9,43117
./07_outputs/partials/performance__M2_Macro_Oil_vs_M3_Macro_Oil_RegQuality__primary__Oil_Rent_Intensive_Pre2016_ge5pct.csv,UNCHANGED,e3e28b99a4a65ffd428950ba82036bdb83232e4e0156bd96961aff59d1b7d21c,43033
./07_outputs/partials/performance__M2_Macro_Oil_vs_M3_Macro_Oil_RegQuality__raw_ratio_stress__All_Eligible.csv,UNCHANGED,a62537fb0582b8190537d4b9f3cf023fe3a1d9b8760e5a8db203c27551bed9d3,40857
./08_validation/Clean_Run_Log.txt,MODIFIED,9cb5e234a33a3e0ae544fc3fb5decbd4fc37c6ceebf5782c87d673a91d91d126,89982
./08_validation/Deterministic_Manifest_A.csv,MODIFIED,8fcec4d5da0239189cfc5b8c9bb64a305fc34c706aec02b0058b5d8b5d4e0fe4,34127
./08_validation/Environment_Metadata.json,UNCHANGED,b61e3901f2d319fee01ef30046906c4e30b3673f93f8f2d25a5e08732ec237f8,298
./08_validation/Raw_Source_Validation.csv,UNCHANGED,95749a25f77ba0a49dce678db0a2715c221f85161d3393ef16a1fdf9f6c54250,2171
./08_validation/Raw_Source_Validation.json,UNCHANGED,2d97bc0f7c68c4cebcbec5021f956a259ebd1e53ad0687a775bfc4935cce8cbf,4812
./08_validation/Release_Checksums.csv,MODIFIED,35e4b89cefe9e423689ad4d05d11aa2255e896453a0b2378e1e8af5d793433ac,43586
./08_validation/Reproducibility_Report.md,MODIFIED,f49de4281017ae1ca673465e098550c807e47c3b9fff40436289c8c0b99854c5,4803
./08_validation/Reproducibility_Rerun_Comparison.csv,MODIFIED,c564801330357a1c7be003b07a17aa0eff4e33e7540b42f079d6b59fc81a8f51,50581
./08_validation/Reproducibility_Rerun_Result.txt,MODIFIED,0d36514dce6ea63a549c9d1cab5c2baab34e1c8fea801cb2c08a645ae8572d18,169
./09_environment/python-version.txt,UNCHANGED,01870de7caca112afeefd77b3c3b4c5e263cf5539a33af3f3411100727fad7d3,14
./09_environment/requirements-lock.txt,UNCHANGED,e96bd4ee8d06bdfbee2161ee5a8e0edd7d165ca51a1742ec2e29166add23ee53,199
./CITATION.cff,MODIFIED,a88af67bd4e9fe7159936d902387ea667253b107b2a1aadaed297fbeb46aa1af,1179
./DOCUMENTATION_CLARIFICATIONS_V0_4_2.md,NEW,4742c5f892b06f82a65960ef040028eb4f3d52cb5eb2730f0f89eb6c2b5ea395,1445
./GITHUB_UPDATE_INSTRUCTIONS.md,MODIFIED,60246a0d10f360356a3a659f01cec54a34759c0ae408c2bbbc2cf21e4bb4513f,3076
./LICENSE,NEW,952d53ab911dab63e78d7864ffff37ba37fece4d9394898fc6c77633e4227bff,1093
./LICENSING.md,NEW,6a4245add7663c4b9734dd9314d8b1f97faf00b5b09ec652b6d6c225d13fb536,2306
./README.md,MODIFIED,1cb3a27c7ae78e691e39dbd41e637d5c6e453ed6219a19b81c66f3e4c17489e1,4393
./RELEASE_NOTES_V0_4_1.md,UNCHANGED,c6470147903076860fb6c5a4113e631ea04fa7612c37b310f97e547140a95dda,1424
./RELEASE_NOTES_V0_4_2.md,NEW,2d1819521d06738a101a4577f14476f3917c919205e02f1bed8e8d03f5485476,6712
./THIRD_PARTY_DATA_NOTICE.md,NEW,bde49a6fe79727cfdcf9d6592d10c69d7b9a6eeb2733282d73e84ed77b40c8cd,2327
./legacy_archive/pre_v0_4_1_github_repository/Global_Commodity_Prices.csv,UNCHANGED,9ff56f823413a01fd1406e14cd0c6b46cddb081c1fb1e7f2795a51b9b16db268,421
./legacy_archive/pre_v0_4_1_github_repository/INVESTMENT_ML_CLASSIFICATION.csv,UNCHANGED,c458112d722e02188349ab01a6787613b8de7ec004d9da02ac3b6d6fe1c30833,195421
./legacy_archive/pre_v0_4_1_github_repository/INVESTMENT_ML_REGRESSION.csv,UNCHANGED,dda512184beb556ec21cdf3f58fe58a6095d8cf7507b0d6a9ecc5af90aea8dc5,190530
./legacy_archive/pre_v0_4_1_github_repository/INVESTMENT_SIGNAL_AUDIT_EITI_FOCUSED.csv,UNCHANGED,aa793469dd8950dceabcd940b0323e522cdba5f9c55e0d062128162ff30bfaad,309729
./legacy_archive/pre_v0_4_1_github_repository/INVESTMENT_SIGNAL_AUDIT_OIL_UPGRADED.csv,UNCHANGED,a01eed4d6a272170902cc5c95f043d2062049d37bc3057c80f5d33fdcaafa6d2,5942065
./legacy_archive/pre_v0_4_1_github_repository/Investment_FDI_Dataset.csv,UNCHANGED,47777c9cda1fae34fc998fc10631a7b5befec4bc9c43fbce426650f3bcfe74a5,85860
./legacy_archive/pre_v0_4_1_github_repository/NIGERIA_TAR_SAND_PROJECT_EVIDENCE.csv,UNCHANGED,05a49b034807a2efcb01a63b059de3de644b304dff2b81ea42bd2d3638c9c387,1656
./legacy_archive/pre_v0_4_1_github_repository/README_LEGACY.md,UNCHANGED,c81d1d50300980a5d779d8215fb5f1763f0ac4db95b92173c6fa43bee7702146,451
./legacy_archive/pre_v0_4_1_github_repository/REGULATORY_MASTER.csv,UNCHANGED,e37f0b0232d378cf416cfef6417e402b2e5849218508d33843a5e0d30a1f0b75,863687
./legacy_archive/pre_v0_4_1_github_repository/TAR_SAND_COMPARATOR_EVIDENCE.csv,UNCHANGED,9286590aa4452a7ab76a6f91f40e9e06310b6a97b33e33b056a5cb6f7d0306c1,3543
./legacy_archive/pre_v0_4_1_github_repository/World_Bank_Indicators_Upgraded.csv,UNCHANGED,c79e32c33d4552caea9df25a55d97b7c50f77a9806aa9388504d5cfeeb86d9b6,1180429
./legacy_archive/pre_v0_4_1_github_repository/audit_outputs/Decision_Rule_Summary.csv,UNCHANGED,4d3a856a9eb88f7a46e22d88c8fcd4ac24ce6d4281bde3e5204e88d5fe36d190,591
./legacy_archive/pre_v0_4_1_github_repository/audit_outputs/Table1_Dataset_Coverage.csv,UNCHANGED,d6d6b282b7e2869a4dffe0aee6b5d78bf14bccf6f81023b7fecefc249b79994e,1260
./legacy_archive/pre_v0_4_1_github_repository/audit_outputs/Table2_Target_Comparison.csv,UNCHANGED,cfd4394424c3f56684b4e03759c1f29cedfc3da69d8b795ac42d38084d21e71c,755
./legacy_archive/pre_v0_4_1_github_repository/audit_outputs/Table3_CV_Results.csv,UNCHANGED,66fba00d6d307f96437baa4d3183b09e3627512c9f74f2fbb5effa7e3993d58e,8738
./legacy_archive/pre_v0_4_1_github_repository/audit_outputs/Table3b_CV_Robustness_Target.csv,UNCHANGED,fffe25d8218fb75ba752060f35342be3428547fac9e270e4335172ebdef4996c,9185
./legacy_archive/pre_v0_4_1_github_repository/audit_outputs/Table4_Time_Split_Results.csv,UNCHANGED,2266186e01f97c42afa5e676cf79d29ce3cc4e118e4b1b301667a2d54992202a,2821
./legacy_archive/pre_v0_4_1_github_repository/audit_outputs/Table5_Incremental_Value.csv,UNCHANGED,0f92451dfc6828d9d9afecd8ae987f1fbc9f2ff407359ae333f7a0ccc3e83c44,3356
./legacy_archive/pre_v0_4_1_github_repository/audit_outputs/Table6_M4_Linear_Coef.csv,UNCHANGED,39c0777339f09225f125d16866f96344bd1a306b741e423c4ccc8d3cbf846c59,578
./legacy_archive/pre_v0_4_1_github_repository/audit_outputs/Table6_M4_RF_Perm_Importance.csv,UNCHANGED,7d1e5654dc3f15dc797c94526e9b3f1230a6e16e269987d70d4bf13552c94f71,662
./legacy_archive/pre_v0_4_1_github_repository/audit_outputs/Table6_M5_Linear_Coef.csv,UNCHANGED,261dc1913c85e0284860d5af649a9a08dd5cd62fe12c912247b31942bd5237e8,854
./legacy_archive/pre_v0_4_1_github_repository/audit_outputs/Table6_M5_RF_Perm_Importance.csv,UNCHANGED,1c2626576ac51a7592f978e1aeabcadf5ac18d510e7bb0e66d3c85ccb5077134,1028
./legacy_archive/pre_v0_4_1_github_repository/audit_outputs/Table7_EITI_Track_CV.csv,UNCHANGED,486176fbce7217e817521b6f6340cd77d1a5d3ea226fb0380d54577e3ed10dcd,1422
./legacy_archive/pre_v0_4_1_github_repository/build_lagged_features.py,UNCHANGED,38c1a9f2386b5cf48e64b5ba70d217e41bd3bede4779f3ec839875ad2fc62acf,6786
./legacy_archive/pre_v0_4_1_github_repository/build_upgraded_dataset.py,UNCHANGED,fa211535bc4fd6e2190b408b4f9dad0733503f3c687c879467dfc2aac23558d2,17514
./legacy_archive/pre_v0_4_1_github_repository/fetch_eiti_data.py,UNCHANGED,b8b4428d7674f7416907b5f946a6a7195fc6bf956853a126aedb06be846749d5,3505
./legacy_archive/pre_v0_4_1_github_repository/fetch_mineral_data.py,UNCHANGED,e53cfee05499c30cdbaee72d8b40c7ec99a3d8a6bb36685eeb42f63440c51834,4258
./legacy_archive/pre_v0_4_1_github_repository/fetch_oil_prices.py,UNCHANGED,072958441227e28ce8d6ce3992cd99d5fb6f592447a7cc18b1763dbeff3c06d6,971
./legacy_archive/pre_v0_4_1_github_repository/imf_compile_test.py,UNCHANGED,773fc2253b0e0772a280e5b9369c593fbff2e56f5958435a16726d21f4f03de8,6474
./legacy_archive/pre_v0_4_1_github_repository/investment_nb.ipynb,UNCHANGED,8612ed8a1d7cd3352d51aea60716ae4b4641ffff982b94865a93bd073cdc0edd,61467
./legacy_archive/pre_v0_4_1_github_repository/investment_nb.py,UNCHANGED,e5e0ab29bb43eb2fcc968f40f0b24421c96551bfa369b25e28508255f59198e2,46736
./legacy_archive/pre_v0_4_1_github_repository/populate_csv.py,UNCHANGED,9cd2e8b3c7d0cd50f37494edd468cc1eb142b88ff5041db4d1448d7c98d83116,6998
./legacy_archive/pre_v0_4_1_github_repository/reg_num/regulatory_nb.ipynb,UNCHANGED,69ccc83a5906ec15d52c610abf9be5d13e8f77a71ac6eebf4684e57efa54bb5c,30365
./legacy_archive/pre_v0_4_1_github_repository/reg_num/regulatory_nb.py,UNCHANGED,29588afdceb008e9eaeed65dff5af64458406923612463dd5476a9b24fdfb4b9,21738
./legacy_archive/pre_v0_4_1_github_repository/requirements.txt,UNCHANGED,48f441b3f052d657cfd96f6745a5c04751b11984480d8a3a5b3f8246d3ece869,819
./legacy_archive/pre_v0_4_1_github_repository/signal_audit_nb.py,UNCHANGED,adbccf0dccd8010bc25871f32fda7687f735d7e2527419ebd405b18f669c4a0d,26920
./run_pipeline.py,MODIFIED,0f1ba6c87e0a6bf9b79ce463d8edd23c32aa94f314a36e49aeb535e45315b4b7,3664
