sample_id,file,signal,base_model,added_model,target_role,target,universe,universe_type,universe_threshold,base_features_json,added_features_json
M1_Macro_vs_M2_Macro_Oil__primary__All_Eligible,Matched_Sample__M1_Macro_vs_M2_Macro_Oil__primary__All_Eligible.csv,Oil_Rents_GDP_Pct_lag1,M1_Macro,M2_Macro_Oil,primary,Inward_FDI_Net_Flow_asinh,All_Eligible,all,,"[""Inward_FDI_Net_Flow_asinh_lag1"", ""GDP_log_lag1"", ""Population_log_lag1"", ""Inflation_CPI_Annual_Pct_lag1"", ""Electricity_Access_Pct_lag1""]","[""Inward_FDI_Net_Flow_asinh_lag1"", ""GDP_log_lag1"", ""Population_log_lag1"", ""Inflation_CPI_Annual_Pct_lag1"", ""Electricity_Access_Pct_lag1"", ""Oil_Rents_GDP_Pct_lag1""]"
M1_Macro_vs_M2_Macro_Oil__primary__Oil_Rent_Intensive_Pre2016_ge1pct,Matched_Sample__M1_Macro_vs_M2_Macro_Oil__primary__Oil_Rent_Intensive_Pre2016_ge1pct.csv,Oil_Rents_GDP_Pct_lag1,M1_Macro,M2_Macro_Oil,primary,Inward_FDI_Net_Flow_asinh,Oil_Rent_Intensive_Pre2016_ge1pct,oil_rent_threshold,1.0,"[""Inward_FDI_Net_Flow_asinh_lag1"", ""GDP_log_lag1"", ""Population_log_lag1"", ""Inflation_CPI_Annual_Pct_lag1"", ""Electricity_Access_Pct_lag1""]","[""Inward_FDI_Net_Flow_asinh_lag1"", ""GDP_log_lag1"", ""Population_log_lag1"", ""Inflation_CPI_Annual_Pct_lag1"", ""Electricity_Access_Pct_lag1"", ""Oil_Rents_GDP_Pct_lag1""]"
M1_Macro_vs_M2_Macro_Oil__primary__Oil_Rent_Intensive_Pre2016_ge5pct,Matched_Sample__M1_Macro_vs_M2_Macro_Oil__primary__Oil_Rent_Intensive_Pre2016_ge5pct.csv,Oil_Rents_GDP_Pct_lag1,M1_Macro,M2_Macro_Oil,primary,Inward_FDI_Net_Flow_asinh,Oil_Rent_Intensive_Pre2016_ge5pct,oil_rent_threshold,5.0,"[""Inward_FDI_Net_Flow_asinh_lag1"", ""GDP_log_lag1"", ""Population_log_lag1"", ""Inflation_CPI_Annual_Pct_lag1"", ""Electricity_Access_Pct_lag1""]","[""Inward_FDI_Net_Flow_asinh_lag1"", ""GDP_log_lag1"", ""Population_log_lag1"", ""Inflation_CPI_Annual_Pct_lag1"", ""Electricity_Access_Pct_lag1"", ""Oil_Rents_GDP_Pct_lag1""]"
M1_Macro_vs_M2_Macro_Oil__primary__Oil_Rent_Intensive_Pre2016_ge10pct,Matched_Sample__M1_Macro_vs_M2_Macro_Oil__primary__Oil_Rent_Intensive_Pre2016_ge10pct.csv,Oil_Rents_GDP_Pct_lag1,M1_Macro,M2_Macro_Oil,primary,Inward_FDI_Net_Flow_asinh,Oil_Rent_Intensive_Pre2016_ge10pct,oil_rent_threshold,10.0,"[""Inward_FDI_Net_Flow_asinh_lag1"", ""GDP_log_lag1"", ""Population_log_lag1"", ""Inflation_CPI_Annual_Pct_lag1"", ""Electricity_Access_Pct_lag1""]","[""Inward_FDI_Net_Flow_asinh_lag1"", ""GDP_log_lag1"", ""Population_log_lag1"", ""Inflation_CPI_Annual_Pct_lag1"", ""Electricity_Access_Pct_lag1"", ""Oil_Rents_GDP_Pct_lag1""]"
M1_Macro_vs_M2_Macro_Oil__primary__Oil_Rent_Intensive_Pre2016_ge15pct,Matched_Sample__M1_Macro_vs_M2_Macro_Oil__primary__Oil_Rent_Intensive_Pre2016_ge15pct.csv,Oil_Rents_GDP_Pct_lag1,M1_Macro,M2_Macro_Oil,primary,Inward_FDI_Net_Flow_asinh,Oil_Rent_Intensive_Pre2016_ge15pct,oil_rent_threshold,15.0,"[""Inward_FDI_Net_Flow_asinh_lag1"", ""GDP_log_lag1"", ""Population_log_lag1"", ""Inflation_CPI_Annual_Pct_lag1"", ""Electricity_Access_Pct_lag1""]","[""Inward_FDI_Net_Flow_asinh_lag1"", ""GDP_log_lag1"", ""Population_log_lag1"", ""Inflation_CPI_Annual_Pct_lag1"", ""Electricity_Access_Pct_lag1"", ""Oil_Rents_GDP_Pct_lag1""]"
M1_Macro_vs_M2_Macro_Oil__normalized__All_Eligible,Matched_Sample__M1_Macro_vs_M2_Macro_Oil__normalized__All_Eligible.csv,Oil_Rents_GDP_Pct_lag1,M1_Macro,M2_Macro_Oil,normalized,Inward_FDI_Net_Flow_GDP_Pct_asinh,All_Eligible,all,,"[""Inward_FDI_Net_Flow_GDP_Pct_asinh_lag1"", ""GDP_log_lag1"", ""Population_log_lag1"", ""Inflation_CPI_Annual_Pct_lag1"", ""Electricity_Access_Pct_lag1""]","[""Inward_FDI_Net_Flow_GDP_Pct_asinh_lag1"", ""GDP_log_lag1"", ""Population_log_lag1"", ""Inflation_CPI_Annual_Pct_lag1"", ""Electricity_Access_Pct_lag1"", ""Oil_Rents_GDP_Pct_lag1""]"
M1_Macro_vs_M2_Macro_Oil__normalized__Oil_Rent_Intensive_Pre2016_ge1pct,Matched_Sample__M1_Macro_vs_M2_Macro_Oil__normalized__Oil_Rent_Intensive_Pre2016_ge1pct.csv,Oil_Rents_GDP_Pct_lag1,M1_Macro,M2_Macro_Oil,normalized,Inward_FDI_Net_Flow_GDP_Pct_asinh,Oil_Rent_Intensive_Pre2016_ge1pct,oil_rent_threshold,1.0,"[""Inward_FDI_Net_Flow_GDP_Pct_asinh_lag1"", ""GDP_log_lag1"", ""Population_log_lag1"", ""Inflation_CPI_Annual_Pct_lag1"", ""Electricity_Access_Pct_lag1""]","[""Inward_FDI_Net_Flow_GDP_Pct_asinh_lag1"", ""GDP_log_lag1"", ""Population_log_lag1"", ""Inflation_CPI_Annual_Pct_lag1"", ""Electricity_Access_Pct_lag1"", ""Oil_Rents_GDP_Pct_lag1""]"
M1_Macro_vs_M2_Macro_Oil__normalized__Oil_Rent_Intensive_Pre2016_ge5pct,Matched_Sample__M1_Macro_vs_M2_Macro_Oil__normalized__Oil_Rent_Intensive_Pre2016_ge5pct.csv,Oil_Rents_GDP_Pct_lag1,M1_Macro,M2_Macro_Oil,normalized,Inward_FDI_Net_Flow_GDP_Pct_asinh,Oil_Rent_Intensive_Pre2016_ge5pct,oil_rent_threshold,5.0,"[""Inward_FDI_Net_Flow_GDP_Pct_asinh_lag1"", ""GDP_log_lag1"", ""Population_log_lag1"", ""Inflation_CPI_Annual_Pct_lag1"", ""Electricity_Access_Pct_lag1""]","[""Inward_FDI_Net_Flow_GDP_Pct_asinh_lag1"", ""GDP_log_lag1"", ""Population_log_lag1"", ""Inflation_CPI_Annual_Pct_lag1"", ""Electricity_Access_Pct_lag1"", ""Oil_Rents_GDP_Pct_lag1""]"
M1_Macro_vs_M2_Macro_Oil__normalized__Oil_Rent_Intensive_Pre2016_ge10pct,Matched_Sample__M1_Macro_vs_M2_Macro_Oil__normalized__Oil_Rent_Intensive_Pre2016_ge10pct.csv,Oil_Rents_GDP_Pct_lag1,M1_Macro,M2_Macro_Oil,normalized,Inward_FDI_Net_Flow_GDP_Pct_asinh,Oil_Rent_Intensive_Pre2016_ge10pct,oil_rent_threshold,10.0,"[""Inward_FDI_Net_Flow_GDP_Pct_asinh_lag1"", ""GDP_log_lag1"", ""Population_log_lag1"", ""Inflation_CPI_Annual_Pct_lag1"", ""Electricity_Access_Pct_lag1""]","[""Inward_FDI_Net_Flow_GDP_Pct_asinh_lag1"", ""GDP_log_lag1"", ""Population_log_lag1"", ""Inflation_CPI_Annual_Pct_lag1"", ""Electricity_Access_Pct_lag1"", ""Oil_Rents_GDP_Pct_lag1""]"
M1_Macro_vs_M2_Macro_Oil__normalized__Oil_Rent_Intensive_Pre2016_ge15pct,Matched_Sample__M1_Macro_vs_M2_Macro_Oil__normalized__Oil_Rent_Intensive_Pre2016_ge15pct.csv,Oil_Rents_GDP_Pct_lag1,M1_Macro,M2_Macro_Oil,normalized,Inward_FDI_Net_Flow_GDP_Pct_asinh,Oil_Rent_Intensive_Pre2016_ge15pct,oil_rent_threshold,15.0,"[""Inward_FDI_Net_Flow_GDP_Pct_asinh_lag1"", ""GDP_log_lag1"", ""Population_log_lag1"", ""Inflation_CPI_Annual_Pct_lag1"", ""Electricity_Access_Pct_lag1""]","[""Inward_FDI_Net_Flow_GDP_Pct_asinh_lag1"", ""GDP_log_lag1"", ""Population_log_lag1"", ""Inflation_CPI_Annual_Pct_lag1"", ""Electricity_Access_Pct_lag1"", ""Oil_Rents_GDP_Pct_lag1""]"
M1_Macro_vs_M2_Macro_Oil__raw_ratio_stress__All_Eligible,Matched_Sample__M1_Macro_vs_M2_Macro_Oil__raw_ratio_stress__All_Eligible.csv,Oil_Rents_GDP_Pct_lag1,M1_Macro,M2_Macro_Oil,raw_ratio_stress,Inward_FDI_Net_Flow_GDP_Pct,All_Eligible,all,,"[""Inward_FDI_Net_Flow_GDP_Pct_lag1"", ""GDP_log_lag1"", ""Population_log_lag1"", ""Inflation_CPI_Annual_Pct_lag1"", ""Electricity_Access_Pct_lag1""]","[""Inward_FDI_Net_Flow_GDP_Pct_lag1"", ""GDP_log_lag1"", ""Population_log_lag1"", ""Inflation_CPI_Annual_Pct_lag1"", ""Electricity_Access_Pct_lag1"", ""Oil_Rents_GDP_Pct_lag1""]"
M2_Macro_Oil_vs_M3_Macro_Oil_RegQuality__primary__All_Eligible,Matched_Sample__M2_Macro_Oil_vs_M3_Macro_Oil_RegQuality__primary__All_Eligible.csv,Regulatory_Quality_lag1,M2_Macro_Oil,M3_Macro_Oil_RegQuality,primary,Inward_FDI_Net_Flow_asinh,All_Eligible,all,,"[""Inward_FDI_Net_Flow_asinh_lag1"", ""GDP_log_lag1"", ""Population_log_lag1"", ""Inflation_CPI_Annual_Pct_lag1"", ""Electricity_Access_Pct_lag1"", ""Oil_Rents_GDP_Pct_lag1""]","[""Inward_FDI_Net_Flow_asinh_lag1"", ""GDP_log_lag1"", ""Population_log_lag1"", ""Inflation_CPI_Annual_Pct_lag1"", ""Electricity_Access_Pct_lag1"", ""Oil_Rents_GDP_Pct_lag1"", ""Regulatory_Quality_lag1""]"
M2_Macro_Oil_vs_M3_Macro_Oil_RegQuality__primary__Oil_Rent_Intensive_Pre2016_ge1pct,Matched_Sample__M2_Macro_Oil_vs_M3_Macro_Oil_RegQuality__primary__Oil_Rent_Intensive_Pre2016_ge1pct.csv,Regulatory_Quality_lag1,M2_Macro_Oil,M3_Macro_Oil_RegQuality,primary,Inward_FDI_Net_Flow_asinh,Oil_Rent_Intensive_Pre2016_ge1pct,oil_rent_threshold,1.0,"[""Inward_FDI_Net_Flow_asinh_lag1"", ""GDP_log_lag1"", ""Population_log_lag1"", ""Inflation_CPI_Annual_Pct_lag1"", ""Electricity_Access_Pct_lag1"", ""Oil_Rents_GDP_Pct_lag1""]","[""Inward_FDI_Net_Flow_asinh_lag1"", ""GDP_log_lag1"", ""Population_log_lag1"", ""Inflation_CPI_Annual_Pct_lag1"", ""Electricity_Access_Pct_lag1"", ""Oil_Rents_GDP_Pct_lag1"", ""Regulatory_Quality_lag1""]"
M2_Macro_Oil_vs_M3_Macro_Oil_RegQuality__primary__Oil_Rent_Intensive_Pre2016_ge5pct,Matched_Sample__M2_Macro_Oil_vs_M3_Macro_Oil_RegQuality__primary__Oil_Rent_Intensive_Pre2016_ge5pct.csv,Regulatory_Quality_lag1,M2_Macro_Oil,M3_Macro_Oil_RegQuality,primary,Inward_FDI_Net_Flow_asinh,Oil_Rent_Intensive_Pre2016_ge5pct,oil_rent_threshold,5.0,"[""Inward_FDI_Net_Flow_asinh_lag1"", ""GDP_log_lag1"", ""Population_log_lag1"", ""Inflation_CPI_Annual_Pct_lag1"", ""Electricity_Access_Pct_lag1"", ""Oil_Rents_GDP_Pct_lag1""]","[""Inward_FDI_Net_Flow_asinh_lag1"", ""GDP_log_lag1"", ""Population_log_lag1"", ""Inflation_CPI_Annual_Pct_lag1"", ""Electricity_Access_Pct_lag1"", ""Oil_Rents_GDP_Pct_lag1"", ""Regulatory_Quality_lag1""]"
M2_Macro_Oil_vs_M3_Macro_Oil_RegQuality__primary__Oil_Rent_Intensive_Pre2016_ge10pct,Matched_Sample__M2_Macro_Oil_vs_M3_Macro_Oil_RegQuality__primary__Oil_Rent_Intensive_Pre2016_ge10pct.csv,Regulatory_Quality_lag1,M2_Macro_Oil,M3_Macro_Oil_RegQuality,primary,Inward_FDI_Net_Flow_asinh,Oil_Rent_Intensive_Pre2016_ge10pct,oil_rent_threshold,10.0,"[""Inward_FDI_Net_Flow_asinh_lag1"", ""GDP_log_lag1"", ""Population_log_lag1"", ""Inflation_CPI_Annual_Pct_lag1"", ""Electricity_Access_Pct_lag1"", ""Oil_Rents_GDP_Pct_lag1""]","[""Inward_FDI_Net_Flow_asinh_lag1"", ""GDP_log_lag1"", ""Population_log_lag1"", ""Inflation_CPI_Annual_Pct_lag1"", ""Electricity_Access_Pct_lag1"", ""Oil_Rents_GDP_Pct_lag1"", ""Regulatory_Quality_lag1""]"
M2_Macro_Oil_vs_M3_Macro_Oil_RegQuality__primary__Oil_Rent_Intensive_Pre2016_ge15pct,Matched_Sample__M2_Macro_Oil_vs_M3_Macro_Oil_RegQuality__primary__Oil_Rent_Intensive_Pre2016_ge15pct.csv,Regulatory_Quality_lag1,M2_Macro_Oil,M3_Macro_Oil_RegQuality,primary,Inward_FDI_Net_Flow_asinh,Oil_Rent_Intensive_Pre2016_ge15pct,oil_rent_threshold,15.0,"[""Inward_FDI_Net_Flow_asinh_lag1"", ""GDP_log_lag1"", ""Population_log_lag1"", ""Inflation_CPI_Annual_Pct_lag1"", ""Electricity_Access_Pct_lag1"", ""Oil_Rents_GDP_Pct_lag1""]","[""Inward_FDI_Net_Flow_asinh_lag1"", ""GDP_log_lag1"", ""Population_log_lag1"", ""Inflation_CPI_Annual_Pct_lag1"", ""Electricity_Access_Pct_lag1"", ""Oil_Rents_GDP_Pct_lag1"", ""Regulatory_Quality_lag1""]"
M2_Macro_Oil_vs_M3_Macro_Oil_RegQuality__normalized__All_Eligible,Matched_Sample__M2_Macro_Oil_vs_M3_Macro_Oil_RegQuality__normalized__All_Eligible.csv,Regulatory_Quality_lag1,M2_Macro_Oil,M3_Macro_Oil_RegQuality,normalized,Inward_FDI_Net_Flow_GDP_Pct_asinh,All_Eligible,all,,"[""Inward_FDI_Net_Flow_GDP_Pct_asinh_lag1"", ""GDP_log_lag1"", ""Population_log_lag1"", ""Inflation_CPI_Annual_Pct_lag1"", ""Electricity_Access_Pct_lag1"", ""Oil_Rents_GDP_Pct_lag1""]","[""Inward_FDI_Net_Flow_GDP_Pct_asinh_lag1"", ""GDP_log_lag1"", ""Population_log_lag1"", ""Inflation_CPI_Annual_Pct_lag1"", ""Electricity_Access_Pct_lag1"", ""Oil_Rents_GDP_Pct_lag1"", ""Regulatory_Quality_lag1""]"
M2_Macro_Oil_vs_M3_Macro_Oil_RegQuality__normalized__Oil_Rent_Intensive_Pre2016_ge1pct,Matched_Sample__M2_Macro_Oil_vs_M3_Macro_Oil_RegQuality__normalized__Oil_Rent_Intensive_Pre2016_ge1pct.csv,Regulatory_Quality_lag1,M2_Macro_Oil,M3_Macro_Oil_RegQuality,normalized,Inward_FDI_Net_Flow_GDP_Pct_asinh,Oil_Rent_Intensive_Pre2016_ge1pct,oil_rent_threshold,1.0,"[""Inward_FDI_Net_Flow_GDP_Pct_asinh_lag1"", ""GDP_log_lag1"", ""Population_log_lag1"", ""Inflation_CPI_Annual_Pct_lag1"", ""Electricity_Access_Pct_lag1"", ""Oil_Rents_GDP_Pct_lag1""]","[""Inward_FDI_Net_Flow_GDP_Pct_asinh_lag1"", ""GDP_log_lag1"", ""Population_log_lag1"", ""Inflation_CPI_Annual_Pct_lag1"", ""Electricity_Access_Pct_lag1"", ""Oil_Rents_GDP_Pct_lag1"", ""Regulatory_Quality_lag1""]"
M2_Macro_Oil_vs_M3_Macro_Oil_RegQuality__normalized__Oil_Rent_Intensive_Pre2016_ge5pct,Matched_Sample__M2_Macro_Oil_vs_M3_Macro_Oil_RegQuality__normalized__Oil_Rent_Intensive_Pre2016_ge5pct.csv,Regulatory_Quality_lag1,M2_Macro_Oil,M3_Macro_Oil_RegQuality,normalized,Inward_FDI_Net_Flow_GDP_Pct_asinh,Oil_Rent_Intensive_Pre2016_ge5pct,oil_rent_threshold,5.0,"[""Inward_FDI_Net_Flow_GDP_Pct_asinh_lag1"", ""GDP_log_lag1"", ""Population_log_lag1"", ""Inflation_CPI_Annual_Pct_lag1"", ""Electricity_Access_Pct_lag1"", ""Oil_Rents_GDP_Pct_lag1""]","[""Inward_FDI_Net_Flow_GDP_Pct_asinh_lag1"", ""GDP_log_lag1"", ""Population_log_lag1"", ""Inflation_CPI_Annual_Pct_lag1"", ""Electricity_Access_Pct_lag1"", ""Oil_Rents_GDP_Pct_lag1"", ""Regulatory_Quality_lag1""]"
M2_Macro_Oil_vs_M3_Macro_Oil_RegQuality__normalized__Oil_Rent_Intensive_Pre2016_ge10pct,Matched_Sample__M2_Macro_Oil_vs_M3_Macro_Oil_RegQuality__normalized__Oil_Rent_Intensive_Pre2016_ge10pct.csv,Regulatory_Quality_lag1,M2_Macro_Oil,M3_Macro_Oil_RegQuality,normalized,Inward_FDI_Net_Flow_GDP_Pct_asinh,Oil_Rent_Intensive_Pre2016_ge10pct,oil_rent_threshold,10.0,"[""Inward_FDI_Net_Flow_GDP_Pct_asinh_lag1"", ""GDP_log_lag1"", ""Population_log_lag1"", ""Inflation_CPI_Annual_Pct_lag1"", ""Electricity_Access_Pct_lag1"", ""Oil_Rents_GDP_Pct_lag1""]","[""Inward_FDI_Net_Flow_GDP_Pct_asinh_lag1"", ""GDP_log_lag1"", ""Population_log_lag1"", ""Inflation_CPI_Annual_Pct_lag1"", ""Electricity_Access_Pct_lag1"", ""Oil_Rents_GDP_Pct_lag1"", ""Regulatory_Quality_lag1""]"
M2_Macro_Oil_vs_M3_Macro_Oil_RegQuality__normalized__Oil_Rent_Intensive_Pre2016_ge15pct,Matched_Sample__M2_Macro_Oil_vs_M3_Macro_Oil_RegQuality__normalized__Oil_Rent_Intensive_Pre2016_ge15pct.csv,Regulatory_Quality_lag1,M2_Macro_Oil,M3_Macro_Oil_RegQuality,normalized,Inward_FDI_Net_Flow_GDP_Pct_asinh,Oil_Rent_Intensive_Pre2016_ge15pct,oil_rent_threshold,15.0,"[""Inward_FDI_Net_Flow_GDP_Pct_asinh_lag1"", ""GDP_log_lag1"", ""Population_log_lag1"", ""Inflation_CPI_Annual_Pct_lag1"", ""Electricity_Access_Pct_lag1"", ""Oil_Rents_GDP_Pct_lag1""]","[""Inward_FDI_Net_Flow_GDP_Pct_asinh_lag1"", ""GDP_log_lag1"", ""Population_log_lag1"", ""Inflation_CPI_Annual_Pct_lag1"", ""Electricity_Access_Pct_lag1"", ""Oil_Rents_GDP_Pct_lag1"", ""Regulatory_Quality_lag1""]"
M2_Macro_Oil_vs_M3_Macro_Oil_RegQuality__raw_ratio_stress__All_Eligible,Matched_Sample__M2_Macro_Oil_vs_M3_Macro_Oil_RegQuality__raw_ratio_stress__All_Eligible.csv,Regulatory_Quality_lag1,M2_Macro_Oil,M3_Macro_Oil_RegQuality,raw_ratio_stress,Inward_FDI_Net_Flow_GDP_Pct,All_Eligible,all,,"[""Inward_FDI_Net_Flow_GDP_Pct_lag1"", ""GDP_log_lag1"", ""Population_log_lag1"", ""Inflation_CPI_Annual_Pct_lag1"", ""Electricity_Access_Pct_lag1"", ""Oil_Rents_GDP_Pct_lag1""]","[""Inward_FDI_Net_Flow_GDP_Pct_lag1"", ""GDP_log_lag1"", ""Population_log_lag1"", ""Inflation_CPI_Annual_Pct_lag1"", ""Electricity_Access_Pct_lag1"", ""Oil_Rents_GDP_Pct_lag1"", ""Regulatory_Quality_lag1""]"
