sample_id,signal,target_role,target,universe,universe_type,universe_threshold,validation,split_id,train_rows,test_rows,train_countries,test_countries,benchmark,r2,mae,median_ae,target_mean,target_sd,target_min,target_p01,target_median,target_p99,target_max,prediction_min,prediction_median,prediction_max
M2_Macro_Oil_vs_M3_Macro_Oil_RegQuality__normalized__All_Eligible,Regulatory_Quality_lag1,normalized,Inward_FDI_Net_Flow_GDP_Pct_asinh,All_Eligible,all,,Country_Holdout_CV,fold_0,3252,576,155,29,Lagged_Flow,0.26407646648834016,0.6109477498249148,0.3269860509597621,1.703403146552014,1.2988596546674265,-4.1450366269138526,-2.678351897014063,1.795732275433806,3.972053718431459,5.008235984578584,-4.1450366269138526,1.790598429563817,5.008235984578584
M2_Macro_Oil_vs_M3_Macro_Oil_RegQuality__normalized__All_Eligible,Regulatory_Quality_lag1,normalized,Inward_FDI_Net_Flow_GDP_Pct_asinh,All_Eligible,all,,Country_Holdout_CV,fold_0,3252,576,155,29,Training_Mean,-4.506960655437098e-05,0.9475516900362789,0.7512584650698455,1.703403146552014,1.2988596546674265,-4.1450366269138526,-2.678351897014063,1.795732275433806,3.972053718431459,5.008235984578584,1.694690967529723,1.694690967529723,1.694690967529723
M2_Macro_Oil_vs_M3_Macro_Oil_RegQuality__normalized__All_Eligible,Regulatory_Quality_lag1,normalized,Inward_FDI_Net_Flow_GDP_Pct_asinh,All_Eligible,all,,Country_Holdout_CV,fold_0,3252,576,155,29,Zero_Flow,-1.7229198524633893,1.9167395600457633,1.9076040072067137,1.703403146552014,1.2988596546674265,-4.1450366269138526,-2.678351897014063,1.795732275433806,3.972053718431459,5.008235984578584,0.0,0.0,0.0
M2_Macro_Oil_vs_M3_Macro_Oil_RegQuality__normalized__All_Eligible,Regulatory_Quality_lag1,normalized,Inward_FDI_Net_Flow_GDP_Pct_asinh,All_Eligible,all,,Country_Holdout_CV,fold_1,2911,917,141,43,Lagged_Flow,0.2851932867297302,0.594653589625041,0.35113461070735985,1.6237953545258956,1.1249315728978964,-3.479436197869119,-1.841163277119384,1.6621288179508928,4.272380855548159,4.762560942995082,-3.479436197869119,1.6528812175729408,4.762560942995082
M2_Macro_Oil_vs_M3_Macro_Oil_RegQuality__normalized__All_Eligible,Regulatory_Quality_lag1,normalized,Inward_FDI_Net_Flow_GDP_Pct_asinh,All_Eligible,all,,Country_Holdout_CV,fold_1,2911,917,141,43,Training_Mean,-0.00713237427374569,0.8392584401221546,0.6357997547676781,1.6237953545258956,1.1249315728978964,-3.479436197869119,-1.841163277119384,1.6621288179508928,4.272380855548159,4.762560942995082,1.7187478181794478,1.7187478181794478,1.7187478181794478
M2_Macro_Oil_vs_M3_Macro_Oil_RegQuality__normalized__All_Eligible,Regulatory_Quality_lag1,normalized,Inward_FDI_Net_Flow_GDP_Pct_asinh,All_Eligible,all,,Country_Holdout_CV,fold_1,2911,917,141,43,Zero_Flow,-2.085855596901868,1.7431738322990327,1.703031710107286,1.6237953545258956,1.1249315728978964,-3.479436197869119,-1.841163277119384,1.6621288179508928,4.272380855548159,4.762560942995082,0.0,0.0,0.0
M2_Macro_Oil_vs_M3_Macro_Oil_RegQuality__normalized__All_Eligible,Regulatory_Quality_lag1,normalized,Inward_FDI_Net_Flow_GDP_Pct_asinh,All_Eligible,all,,Country_Holdout_CV,fold_2,3057,771,147,37,Lagged_Flow,-0.08675510930476182,0.7254885886735714,0.34289923201917283,1.9229589609675002,1.4031009953047688,-6.663275105997959,-2.9432619684865338,2.0055159394201034,5.959898139496633,6.80731909850551,-5.457336859984217,1.9827270946565512,6.80731909850551
M2_Macro_Oil_vs_M3_Macro_Oil_RegQuality__normalized__All_Eligible,Regulatory_Quality_lag1,normalized,Inward_FDI_Net_Flow_GDP_Pct_asinh,All_Eligible,all,,Country_Holdout_CV,fold_2,3057,771,147,37,Training_Mean,-0.04107959944454409,0.9931128770282583,0.696642827753914,1.9229589609675002,1.4031009953047688,-6.663275105997959,-2.9432619684865338,2.0055159394201034,5.959898139496633,6.80731909850551,1.638761491630578,1.638761491630578,1.638761491630578
M2_Macro_Oil_vs_M3_Macro_Oil_RegQuality__normalized__All_Eligible,Regulatory_Quality_lag1,normalized,Inward_FDI_Net_Flow_GDP_Pct_asinh,All_Eligible,all,,Country_Holdout_CV,fold_2,3057,771,147,37,Zero_Flow,-1.8807272584028825,2.106266970154159,2.033502574912902,1.9229589609675002,1.4031009953047688,-6.663275105997959,-2.9432619684865338,2.0055159394201034,5.959898139496633,6.80731909850551,0.0,0.0,0.0
M2_Macro_Oil_vs_M3_Macro_Oil_RegQuality__normalized__All_Eligible,Regulatory_Quality_lag1,normalized,Inward_FDI_Net_Flow_GDP_Pct_asinh,All_Eligible,all,,Country_Holdout_CV,fold_3,3073,755,148,36,Lagged_Flow,0.29394375281808494,0.6648967044716972,0.3333069220436835,1.488088151569433,1.5130400694574477,-6.383554532421036,-3.0521428584352597,1.5770586474634245,5.565560069731237,6.761084582291768,-6.383554532421036,1.5656308932092593,6.761084582291768
M2_Macro_Oil_vs_M3_Macro_Oil_RegQuality__normalized__All_Eligible,Regulatory_Quality_lag1,normalized,Inward_FDI_Net_Flow_GDP_Pct_asinh,All_Eligible,all,,Country_Holdout_CV,fold_3,3073,755,148,36,Training_Mean,-0.029339983382365764,1.115320988556898,0.8547906731481982,1.488088151569433,1.5130400694574477,-6.383554532421036,-3.0521428584352597,1.5770586474634245,5.565560069731237,6.761084582291768,1.7470838543396348,1.7470838543396348,1.7470838543396348
M2_Macro_Oil_vs_M3_Macro_Oil_RegQuality__normalized__All_Eligible,Regulatory_Quality_lag1,normalized,Inward_FDI_Net_Flow_GDP_Pct_asinh,All_Eligible,all,,Country_Holdout_CV,fold_3,3073,755,148,36,Zero_Flow,-0.9685723440082277,1.77272627914192,1.702226051696932,1.488088151569433,1.5130400694574477,-6.383554532421036,-3.0521428584352597,1.5770586474634245,5.565560069731237,6.761084582291768,0.0,0.0,0.0
M2_Macro_Oil_vs_M3_Macro_Oil_RegQuality__normalized__All_Eligible,Regulatory_Quality_lag1,normalized,Inward_FDI_Net_Flow_GDP_Pct_asinh,All_Eligible,all,,Country_Holdout_CV,fold_4,3019,809,145,39,Lagged_Flow,0.14040621406561948,0.6589338243302422,0.3300199273084119,1.7503173955074758,1.2936746459700725,-4.384884501599317,-2.177699120548422,1.8373543988559464,5.087044726198929,8.13729487639544,-4.384884501599317,1.8662017806802589,8.13729487639544
M2_Macro_Oil_vs_M3_Macro_Oil_RegQuality__normalized__All_Eligible,Regulatory_Quality_lag1,normalized,Inward_FDI_Net_Flow_GDP_Pct_asinh,All_Eligible,all,,Country_Holdout_CV,fold_4,3019,809,145,39,Training_Mean,-0.0028376073140465863,0.9199150298398283,0.6722840408475454,1.7503173955074758,1.2936746459700725,-4.384884501599317,-2.177699120548422,1.8373543988559464,5.087044726198929,8.13729487639544,1.681446991008636,1.681446991008636,1.681446991008636
M2_Macro_Oil_vs_M3_Macro_Oil_RegQuality__normalized__All_Eligible,Regulatory_Quality_lag1,normalized,Inward_FDI_Net_Flow_GDP_Pct_asinh,All_Eligible,all,,Country_Holdout_CV,fold_4,3019,809,145,39,Zero_Flow,-1.832823503491018,1.9169642012773336,1.8813920546671288,1.7503173955074758,1.2936746459700725,-4.384884501599317,-2.177699120548422,1.8373543988559464,5.087044726198929,8.13729487639544,0.0,0.0,0.0
M2_Macro_Oil_vs_M3_Macro_Oil_RegQuality__normalized__All_Eligible,Regulatory_Quality_lag1,normalized,Inward_FDI_Net_Flow_GDP_Pct_asinh,All_Eligible,all,,Future_Period,train_to_2012__test_from_2013,2068,1760,181,183,Lagged_Flow,0.05226197460219284,0.7154956489795911,0.3173253694959341,1.5606638796825125,1.4414252843791568,-6.663275105997959,-3.098692763139948,1.7192244014468305,5.012667366002595,8.13729487639544,-6.383554532421036,1.7224956396475715,8.13729487639544
M2_Macro_Oil_vs_M3_Macro_Oil_RegQuality__normalized__All_Eligible,Regulatory_Quality_lag1,normalized,Inward_FDI_Net_Flow_GDP_Pct_asinh,All_Eligible,all,,Future_Period,train_to_2012__test_from_2013,2068,1760,181,183,Training_Mean,-0.030223511927823576,0.9926032092262468,0.6668819648496669,1.5606638796825125,1.4414252843791568,-6.663275105997959,-3.098692763139948,1.7192244014468305,5.012667366002595,8.13729487639544,1.8111831772627645,1.8111831772627645,1.8111831772627645
M2_Macro_Oil_vs_M3_Macro_Oil_RegQuality__normalized__All_Eligible,Regulatory_Quality_lag1,normalized,Inward_FDI_Net_Flow_GDP_Pct_asinh,All_Eligible,all,,Future_Period,train_to_2012__test_from_2013,2068,1760,181,183,Zero_Flow,-1.1729549026504098,1.8430490304885274,1.7897838887334236,1.5606638796825125,1.4414252843791568,-6.663275105997959,-3.098692763139948,1.7192244014468305,5.012667366002595,8.13729487639544,0.0,0.0,0.0
M2_Macro_Oil_vs_M3_Macro_Oil_RegQuality__normalized__All_Eligible,Regulatory_Quality_lag1,normalized,Inward_FDI_Net_Flow_GDP_Pct_asinh,All_Eligible,all,,Future_Period,train_to_2014__test_from_2015,2427,1401,182,183,Lagged_Flow,-0.005268087329306281,0.7454339028052801,0.3190993759389593,1.5239658645454506,1.4776188024591541,-6.663275105997959,-3.479436197869119,1.688312675904991,5.008235984578584,8.13729487639544,-6.383554532421036,1.6876450170266613,8.13729487639544
M2_Macro_Oil_vs_M3_Macro_Oil_RegQuality__normalized__All_Eligible,Regulatory_Quality_lag1,normalized,Inward_FDI_Net_Flow_GDP_Pct_asinh,All_Eligible,all,,Future_Period,train_to_2014__test_from_2015,2427,1401,182,183,Training_Mean,-0.03374647333379466,1.0115093404861684,0.6613900115253508,1.5239658645454506,1.4776188024591541,-6.663275105997959,-3.479436197869119,1.688312675904991,5.008235984578584,8.13729487639544,1.7953106974010886,1.7953106974010886,1.7953106974010886
M2_Macro_Oil_vs_M3_Macro_Oil_RegQuality__normalized__All_Eligible,Regulatory_Quality_lag1,normalized,Inward_FDI_Net_Flow_GDP_Pct_asinh,All_Eligible,all,,Future_Period,train_to_2014__test_from_2015,2427,1401,182,183,Zero_Flow,-1.0644757217807204,1.841997355491686,1.7759681014936737,1.5239658645454506,1.4776188024591541,-6.663275105997959,-3.479436197869119,1.688312675904991,5.008235984578584,8.13729487639544,0.0,0.0,0.0
M2_Macro_Oil_vs_M3_Macro_Oil_RegQuality__normalized__All_Eligible,Regulatory_Quality_lag1,normalized,Inward_FDI_Net_Flow_GDP_Pct_asinh,All_Eligible,all,,Future_Period,train_to_2015__test_from_2016,2606,1222,182,180,Lagged_Flow,-0.06305633335672822,0.7639658449037534,0.3190346635914433,1.5010227234025924,1.4912887181214456,-6.663275105997959,-3.6731490963716653,1.693185071826723,4.691450897259929,6.80731909850551,-6.383554532421036,1.6823374295066982,8.13729487639544
M2_Macro_Oil_vs_M3_Macro_Oil_RegQuality__normalized__All_Eligible,Regulatory_Quality_lag1,normalized,Inward_FDI_Net_Flow_GDP_Pct_asinh,All_Eligible,all,,Future_Period,train_to_2015__test_from_2016,2606,1222,182,180,Training_Mean,-0.036915056438957095,1.0147750891482519,0.649774739360504,1.5010227234025924,1.4912887181214456,-6.663275105997959,-3.6731490963716653,1.693185071826723,4.691450897259929,6.80731909850551,1.7874311092949546,1.7874311092949546,1.7874311092949546
M2_Macro_Oil_vs_M3_Macro_Oil_RegQuality__normalized__All_Eligible,Regulatory_Quality_lag1,normalized,Inward_FDI_Net_Flow_GDP_Pct_asinh,All_Eligible,all,,Future_Period,train_to_2015__test_from_2016,2606,1222,182,180,Zero_Flow,-1.0139268201867577,1.8438937405238338,1.7754017110220728,1.5010227234025924,1.4912887181214456,-6.663275105997959,-3.6731490963716653,1.693185071826723,4.691450897259929,6.80731909850551,0.0,0.0,0.0
M2_Macro_Oil_vs_M3_Macro_Oil_RegQuality__normalized__All_Eligible,Regulatory_Quality_lag1,normalized,Inward_FDI_Net_Flow_GDP_Pct_asinh,All_Eligible,all,,Future_Period,train_to_2016__test_from_2017,2783,1045,183,180,Lagged_Flow,-0.06753270093774777,0.7658537994860387,0.31639578332720086,1.4703979566297558,1.5201155493774463,-6.663275105997959,-3.7466601296224127,1.681467433165136,5.101191660418685,6.80731909850551,-6.383554532421036,1.68119160258508,6.80731909850551
M2_Macro_Oil_vs_M3_Macro_Oil_RegQuality__normalized__All_Eligible,Regulatory_Quality_lag1,normalized,Inward_FDI_Net_Flow_GDP_Pct_asinh,All_Eligible,all,,Future_Period,train_to_2016__test_from_2017,2783,1045,183,180,Training_Mean,-0.04171318703885696,1.0282837309799815,0.6466394914499112,1.4703979566297558,1.5201155493774463,-6.663275105997959,-3.7466601296224127,1.681467433165136,5.101191660418685,6.80731909850551,1.780714830809387,1.780714830809387,1.780714830809387
M2_Macro_Oil_vs_M3_Macro_Oil_RegQuality__normalized__All_Eligible,Regulatory_Quality_lag1,normalized,Inward_FDI_Net_Flow_GDP_Pct_asinh,All_Eligible,all,,Future_Period,train_to_2016__test_from_2017,2783,1045,183,180,Zero_Flow,-0.9365530227215539,1.8391739250214527,1.7677971880347174,1.4703979566297558,1.5201155493774463,-6.663275105997959,-3.7466601296224127,1.681467433165136,5.101191660418685,6.80731909850551,0.0,0.0,0.0
M2_Macro_Oil_vs_M3_Macro_Oil_RegQuality__normalized__All_Eligible,Regulatory_Quality_lag1,normalized,Inward_FDI_Net_Flow_GDP_Pct_asinh,All_Eligible,all,,Future_Period,train_to_2018__test_from_2019,3135,693,183,177,Lagged_Flow,-0.1894820387031524,0.805094051470196,0.32829462786800834,1.4420703814128741,1.5191798269054557,-6.663275105997959,-3.4846199376287856,1.6479708039157812,4.826310026454165,6.76528673487091,-6.383554532421036,1.6347925442768592,6.80731909850551
M2_Macro_Oil_vs_M3_Macro_Oil_RegQuality__normalized__All_Eligible,Regulatory_Quality_lag1,normalized,Inward_FDI_Net_Flow_GDP_Pct_asinh,All_Eligible,all,,Future_Period,train_to_2018__test_from_2019,3135,693,183,177,Training_Mean,-0.04171677504394622,1.0489075572883224,0.6831082026727371,1.4420703814128741,1.5191798269054557,-6.663275105997959,-3.4846199376287856,1.6479708039157812,4.826310026454165,6.76528673487091,1.7521341194582125,1.7521341194582125,1.7521341194582125
M2_Macro_Oil_vs_M3_Macro_Oil_RegQuality__normalized__All_Eligible,Regulatory_Quality_lag1,normalized,Inward_FDI_Net_Flow_GDP_Pct_asinh,All_Eligible,all,,Future_Period,train_to_2018__test_from_2019,3135,693,183,177,Zero_Flow,-0.9023638417418647,1.8130188369950495,1.747312183442944,1.4420703814128741,1.5191798269054557,-6.663275105997959,-3.4846199376287856,1.6479708039157812,4.826310026454165,6.76528673487091,0.0,0.0,0.0
