sample_id,signal,target_role,target,universe,universe_type,universe_threshold,validation,split_id,train_rows,test_rows,train_countries,test_countries,algorithm,model,r2,mae,median_ae,target_mean,target_sd,target_min,target_p01,target_median,target_p99,target_max,prediction_min,prediction_median,prediction_max,features_json
M1_Macro_vs_M2_Macro_Oil__raw_ratio_stress__All_Eligible,Oil_Rents_GDP_Pct_lag1,raw_ratio_stress,Inward_FDI_Net_Flow_GDP_Pct,All_Eligible,all,,Country_Holdout_CV,fold_0,4010,724,156,29,ElasticNet,M1_Macro,0.34036095622738516,3.205422334791976,1.9239907490907426,4.531011249621557,6.785407989123179,-31.55204544605841,-6.275232549159464,2.739176575463966,26.033950859722943,74.81692614872443,-15.491488277662029,4.466482421920004,51.633950402803634,"[""Inward_FDI_Net_Flow_GDP_Pct_lag1"", ""GDP_log_lag1"", ""Population_log_lag1"", ""Inflation_CPI_Annual_Pct_lag1"", ""Electricity_Access_Pct_lag1""]"
M1_Macro_vs_M2_Macro_Oil__raw_ratio_stress__All_Eligible,Oil_Rents_GDP_Pct_lag1,raw_ratio_stress,Inward_FDI_Net_Flow_GDP_Pct,All_Eligible,all,,Country_Holdout_CV,fold_0,4010,724,156,29,ElasticNet,M2_Macro_Oil,0.3362788790768997,3.2416464046841913,2.0018520977051852,4.531011249621557,6.785407989123179,-31.55204544605841,-6.275232549159464,2.739176575463966,26.033950859722943,74.81692614872443,-15.217886198957174,4.4893488110044,51.85140229440063,"[""Inward_FDI_Net_Flow_GDP_Pct_lag1"", ""GDP_log_lag1"", ""Population_log_lag1"", ""Inflation_CPI_Annual_Pct_lag1"", ""Electricity_Access_Pct_lag1"", ""Oil_Rents_GDP_Pct_lag1""]"
M1_Macro_vs_M2_Macro_Oil__raw_ratio_stress__All_Eligible,Oil_Rents_GDP_Pct_lag1,raw_ratio_stress,Inward_FDI_Net_Flow_GDP_Pct,All_Eligible,all,,Country_Holdout_CV,fold_0,4010,724,156,29,RandomForest,M1_Macro,-39.91038566663989,11.732087879986674,1.2022537461688036,4.531011249621557,6.785407989123179,-31.55204544605841,-6.275232549159464,2.739176575463966,26.033950859722943,74.81692614872443,-7.844345130863698,2.920327929716234,221.39683926235608,"[""Inward_FDI_Net_Flow_GDP_Pct_lag1"", ""GDP_log_lag1"", ""Population_log_lag1"", ""Inflation_CPI_Annual_Pct_lag1"", ""Electricity_Access_Pct_lag1""]"
M1_Macro_vs_M2_Macro_Oil__raw_ratio_stress__All_Eligible,Oil_Rents_GDP_Pct_lag1,raw_ratio_stress,Inward_FDI_Net_Flow_GDP_Pct,All_Eligible,all,,Country_Holdout_CV,fold_0,4010,724,156,29,RandomForest,M2_Macro_Oil,-16.556780757226054,8.552289979070842,1.26404677987177,4.531011249621557,6.785407989123179,-31.55204544605841,-6.275232549159464,2.739176575463966,26.033950859722943,74.81692614872443,-5.510607424658996,3.0616816647083187,150.835546911712,"[""Inward_FDI_Net_Flow_GDP_Pct_lag1"", ""GDP_log_lag1"", ""Population_log_lag1"", ""Inflation_CPI_Annual_Pct_lag1"", ""Electricity_Access_Pct_lag1"", ""Oil_Rents_GDP_Pct_lag1""]"
M1_Macro_vs_M2_Macro_Oil__raw_ratio_stress__All_Eligible,Oil_Rents_GDP_Pct_lag1,raw_ratio_stress,Inward_FDI_Net_Flow_GDP_Pct,All_Eligible,all,,Country_Holdout_CV,fold_0,4010,724,156,29,Ridge,M1_Macro,0.33732704525782187,3.222185300110418,1.9770801488370098,4.531011249621557,6.785407989123179,-31.55204544605841,-6.275232549159464,2.739176575463966,26.033950859722943,74.81692614872443,-15.477113960875524,4.4563594796644,51.9441718402175,"[""Inward_FDI_Net_Flow_GDP_Pct_lag1"", ""GDP_log_lag1"", ""Population_log_lag1"", ""Inflation_CPI_Annual_Pct_lag1"", ""Electricity_Access_Pct_lag1""]"
M1_Macro_vs_M2_Macro_Oil__raw_ratio_stress__All_Eligible,Oil_Rents_GDP_Pct_lag1,raw_ratio_stress,Inward_FDI_Net_Flow_GDP_Pct,All_Eligible,all,,Country_Holdout_CV,fold_0,4010,724,156,29,Ridge,M2_Macro_Oil,0.33306562776993476,3.2618357825623874,2.0539304991788394,4.531011249621557,6.785407989123179,-31.55204544605841,-6.275232549159464,2.739176575463966,26.033950859722943,74.81692614872443,-15.196907523099398,4.499974310541153,52.16655495235656,"[""Inward_FDI_Net_Flow_GDP_Pct_lag1"", ""GDP_log_lag1"", ""Population_log_lag1"", ""Inflation_CPI_Annual_Pct_lag1"", ""Electricity_Access_Pct_lag1"", ""Oil_Rents_GDP_Pct_lag1""]"
M1_Macro_vs_M2_Macro_Oil__raw_ratio_stress__All_Eligible,Oil_Rents_GDP_Pct_lag1,raw_ratio_stress,Inward_FDI_Net_Flow_GDP_Pct,All_Eligible,all,,Country_Holdout_CV,fold_1,3580,1154,142,43,ElasticNet,M1_Macro,0.4691420603370694,3.043688234972991,2.14403826199991,4.104380071751251,6.319186726351915,-16.205300794119097,-2.805261377047512,2.3986366046527365,34.086503315684716,58.51837251032528,-7.124728247869294,4.0921503177206935,42.5735337952734,"[""Inward_FDI_Net_Flow_GDP_Pct_lag1"", ""GDP_log_lag1"", ""Population_log_lag1"", ""Inflation_CPI_Annual_Pct_lag1"", ""Electricity_Access_Pct_lag1""]"
M1_Macro_vs_M2_Macro_Oil__raw_ratio_stress__All_Eligible,Oil_Rents_GDP_Pct_lag1,raw_ratio_stress,Inward_FDI_Net_Flow_GDP_Pct,All_Eligible,all,,Country_Holdout_CV,fold_1,3580,1154,142,43,ElasticNet,M2_Macro_Oil,0.4724833563084434,3.013631355690042,2.1224735617085364,4.104380071751251,6.319186726351915,-16.205300794119097,-2.805261377047512,2.3986366046527365,34.086503315684716,58.51837251032528,-7.163042383552875,4.1249582205509245,42.66845269506712,"[""Inward_FDI_Net_Flow_GDP_Pct_lag1"", ""GDP_log_lag1"", ""Population_log_lag1"", ""Inflation_CPI_Annual_Pct_lag1"", ""Electricity_Access_Pct_lag1"", ""Oil_Rents_GDP_Pct_lag1""]"
M1_Macro_vs_M2_Macro_Oil__raw_ratio_stress__All_Eligible,Oil_Rents_GDP_Pct_lag1,raw_ratio_stress,Inward_FDI_Net_Flow_GDP_Pct,All_Eligible,all,,Country_Holdout_CV,fold_1,3580,1154,142,43,RandomForest,M1_Macro,0.4142478985902748,2.471165092766103,1.2798576809437514,4.104380071751251,6.319186726351915,-16.205300794119097,-2.805261377047512,2.3986366046527365,34.086503315684716,58.51837251032528,-9.093364793171482,2.875057574249568,53.76061846898303,"[""Inward_FDI_Net_Flow_GDP_Pct_lag1"", ""GDP_log_lag1"", ""Population_log_lag1"", ""Inflation_CPI_Annual_Pct_lag1"", ""Electricity_Access_Pct_lag1""]"
M1_Macro_vs_M2_Macro_Oil__raw_ratio_stress__All_Eligible,Oil_Rents_GDP_Pct_lag1,raw_ratio_stress,Inward_FDI_Net_Flow_GDP_Pct,All_Eligible,all,,Country_Holdout_CV,fold_1,3580,1154,142,43,RandomForest,M2_Macro_Oil,0.3815781249698613,2.4997387594804215,1.2706329890814654,4.104380071751251,6.319186726351915,-16.205300794119097,-2.805261377047512,2.3986366046527365,34.086503315684716,58.51837251032528,-4.3920605352985405,2.950741785754305,63.58514285614392,"[""Inward_FDI_Net_Flow_GDP_Pct_lag1"", ""GDP_log_lag1"", ""Population_log_lag1"", ""Inflation_CPI_Annual_Pct_lag1"", ""Electricity_Access_Pct_lag1"", ""Oil_Rents_GDP_Pct_lag1""]"
M1_Macro_vs_M2_Macro_Oil__raw_ratio_stress__All_Eligible,Oil_Rents_GDP_Pct_lag1,raw_ratio_stress,Inward_FDI_Net_Flow_GDP_Pct,All_Eligible,all,,Country_Holdout_CV,fold_1,3580,1154,142,43,Ridge,M1_Macro,0.46746038559168357,3.0530704983316763,2.170491304356161,4.104380071751251,6.319186726351915,-16.205300794119097,-2.805261377047512,2.3986366046527365,34.086503315684716,58.51837251032528,-7.322503499597377,4.055598724294657,42.709935708401524,"[""Inward_FDI_Net_Flow_GDP_Pct_lag1"", ""GDP_log_lag1"", ""Population_log_lag1"", ""Inflation_CPI_Annual_Pct_lag1"", ""Electricity_Access_Pct_lag1""]"
M1_Macro_vs_M2_Macro_Oil__raw_ratio_stress__All_Eligible,Oil_Rents_GDP_Pct_lag1,raw_ratio_stress,Inward_FDI_Net_Flow_GDP_Pct,All_Eligible,all,,Country_Holdout_CV,fold_1,3580,1154,142,43,Ridge,M2_Macro_Oil,0.4706248332875791,3.0254700017172738,2.135072591647594,4.104380071751251,6.319186726351915,-16.205300794119097,-2.805261377047512,2.3986366046527365,34.086503315684716,58.51837251032528,-7.363593777303616,4.097288278669967,42.80648776274165,"[""Inward_FDI_Net_Flow_GDP_Pct_lag1"", ""GDP_log_lag1"", ""Population_log_lag1"", ""Inflation_CPI_Annual_Pct_lag1"", ""Electricity_Access_Pct_lag1"", ""Oil_Rents_GDP_Pct_lag1""]"
M1_Macro_vs_M2_Macro_Oil__raw_ratio_stress__All_Eligible,Oil_Rents_GDP_Pct_lag1,raw_ratio_stress,Inward_FDI_Net_Flow_GDP_Pct,All_Eligible,all,,Country_Holdout_CV,fold_2,3786,948,148,37,ElasticNet,M1_Macro,0.3903595397119052,6.768609457309431,1.8455368224698387,8.114775409608777,37.42914919419976,-391.5551190092479,-10.060308630773227,3.3825596509596885,143.24496670517232,452.2208630141506,-66.6810874600583,3.9816338456156606,287.64349607727934,"[""Inward_FDI_Net_Flow_GDP_Pct_lag1"", ""GDP_log_lag1"", ""Population_log_lag1"", ""Inflation_CPI_Annual_Pct_lag1"", ""Electricity_Access_Pct_lag1""]"
M1_Macro_vs_M2_Macro_Oil__raw_ratio_stress__All_Eligible,Oil_Rents_GDP_Pct_lag1,raw_ratio_stress,Inward_FDI_Net_Flow_GDP_Pct,All_Eligible,all,,Country_Holdout_CV,fold_2,3786,948,148,37,ElasticNet,M2_Macro_Oil,0.39066286906211045,6.733871943967467,1.8649105219998128,8.114775409608777,37.42914919419976,-391.5551190092479,-10.060308630773227,3.3825596509596885,143.24496670517232,452.2208630141506,-66.5261540588887,3.9196944246482026,287.6808219844712,"[""Inward_FDI_Net_Flow_GDP_Pct_lag1"", ""GDP_log_lag1"", ""Population_log_lag1"", ""Inflation_CPI_Annual_Pct_lag1"", ""Electricity_Access_Pct_lag1"", ""Oil_Rents_GDP_Pct_lag1""]"
M1_Macro_vs_M2_Macro_Oil__raw_ratio_stress__All_Eligible,Oil_Rents_GDP_Pct_lag1,raw_ratio_stress,Inward_FDI_Net_Flow_GDP_Pct,All_Eligible,all,,Country_Holdout_CV,fold_2,3786,948,148,37,RandomForest,M1_Macro,0.3227124359664143,6.597924653414816,1.3693838111861591,8.114775409608777,37.42914919419976,-391.5551190092479,-10.060308630773227,3.3825596509596885,143.24496670517232,452.2208630141506,-9.787902282076718,3.504435638838851,471.3976353311735,"[""Inward_FDI_Net_Flow_GDP_Pct_lag1"", ""GDP_log_lag1"", ""Population_log_lag1"", ""Inflation_CPI_Annual_Pct_lag1"", ""Electricity_Access_Pct_lag1""]"
M1_Macro_vs_M2_Macro_Oil__raw_ratio_stress__All_Eligible,Oil_Rents_GDP_Pct_lag1,raw_ratio_stress,Inward_FDI_Net_Flow_GDP_Pct,All_Eligible,all,,Country_Holdout_CV,fold_2,3786,948,148,37,RandomForest,M2_Macro_Oil,0.33953987296327537,6.462759282866826,1.3571155209675452,8.114775409608777,37.42914919419976,-391.5551190092479,-10.060308630773227,3.3825596509596885,143.24496670517232,452.2208630141506,-5.456869186237915,3.5046436829106806,466.4524388951439,"[""Inward_FDI_Net_Flow_GDP_Pct_lag1"", ""GDP_log_lag1"", ""Population_log_lag1"", ""Inflation_CPI_Annual_Pct_lag1"", ""Electricity_Access_Pct_lag1"", ""Oil_Rents_GDP_Pct_lag1""]"
M1_Macro_vs_M2_Macro_Oil__raw_ratio_stress__All_Eligible,Oil_Rents_GDP_Pct_lag1,raw_ratio_stress,Inward_FDI_Net_Flow_GDP_Pct,All_Eligible,all,,Country_Holdout_CV,fold_2,3786,948,148,37,Ridge,M1_Macro,0.39041467415988584,6.791374889677232,1.8981997709066538,8.114775409608777,37.42914919419976,-391.5551190092479,-10.060308630773227,3.3825596509596885,143.24496670517232,452.2208630141506,-66.87659396550791,3.9550576153190677,289.02689302226673,"[""Inward_FDI_Net_Flow_GDP_Pct_lag1"", ""GDP_log_lag1"", ""Population_log_lag1"", ""Inflation_CPI_Annual_Pct_lag1"", ""Electricity_Access_Pct_lag1""]"
M1_Macro_vs_M2_Macro_Oil__raw_ratio_stress__All_Eligible,Oil_Rents_GDP_Pct_lag1,raw_ratio_stress,Inward_FDI_Net_Flow_GDP_Pct,All_Eligible,all,,Country_Holdout_CV,fold_2,3786,948,148,37,Ridge,M2_Macro_Oil,0.39072265205634127,6.755792944733728,1.8909437254453298,8.114775409608777,37.42914919419976,-391.5551190092479,-10.060308630773227,3.3825596509596885,143.24496670517232,452.2208630141506,-66.71680552127653,3.888785834120265,289.06474650592565,"[""Inward_FDI_Net_Flow_GDP_Pct_lag1"", ""GDP_log_lag1"", ""Population_log_lag1"", ""Inflation_CPI_Annual_Pct_lag1"", ""Electricity_Access_Pct_lag1"", ""Oil_Rents_GDP_Pct_lag1""]"
M1_Macro_vs_M2_Macro_Oil__raw_ratio_stress__All_Eligible,Oil_Rents_GDP_Pct_lag1,raw_ratio_stress,Inward_FDI_Net_Flow_GDP_Pct,All_Eligible,all,,Country_Holdout_CV,fold_3,3831,903,148,37,ElasticNet,M1_Macro,0.06967001100004444,5.438612729516255,1.6253918802137404,5.945807192200678,28.063586364912478,-296.0133334563628,-10.178476300902213,1.9897401699268915,107.6480981353161,431.7885759104592,-190.41440998893214,3.3747281125170208,287.3904806013549,"[""Inward_FDI_Net_Flow_GDP_Pct_lag1"", ""GDP_log_lag1"", ""Population_log_lag1"", ""Inflation_CPI_Annual_Pct_lag1"", ""Electricity_Access_Pct_lag1""]"
M1_Macro_vs_M2_Macro_Oil__raw_ratio_stress__All_Eligible,Oil_Rents_GDP_Pct_lag1,raw_ratio_stress,Inward_FDI_Net_Flow_GDP_Pct,All_Eligible,all,,Country_Holdout_CV,fold_3,3831,903,148,37,ElasticNet,M2_Macro_Oil,0.06940655826472719,5.515709392579426,1.7361497508430819,5.945807192200678,28.063586364912478,-296.0133334563628,-10.178476300902213,1.9897401699268915,107.6480981353161,431.7885759104592,-190.07852912900213,3.3749919567799234,287.418867417758,"[""Inward_FDI_Net_Flow_GDP_Pct_lag1"", ""GDP_log_lag1"", ""Population_log_lag1"", ""Inflation_CPI_Annual_Pct_lag1"", ""Electricity_Access_Pct_lag1"", ""Oil_Rents_GDP_Pct_lag1""]"
M1_Macro_vs_M2_Macro_Oil__raw_ratio_stress__All_Eligible,Oil_Rents_GDP_Pct_lag1,raw_ratio_stress,Inward_FDI_Net_Flow_GDP_Pct,All_Eligible,all,,Country_Holdout_CV,fold_3,3831,903,148,37,RandomForest,M1_Macro,0.058326957397866086,5.078237194561976,1.102983955933917,5.945807192200678,28.063586364912478,-296.0133334563628,-10.178476300902213,1.9897401699268915,107.6480981353161,431.7885759104592,-5.783390912878636,2.508179461205321,348.72727130452574,"[""Inward_FDI_Net_Flow_GDP_Pct_lag1"", ""GDP_log_lag1"", ""Population_log_lag1"", ""Inflation_CPI_Annual_Pct_lag1"", ""Electricity_Access_Pct_lag1""]"
M1_Macro_vs_M2_Macro_Oil__raw_ratio_stress__All_Eligible,Oil_Rents_GDP_Pct_lag1,raw_ratio_stress,Inward_FDI_Net_Flow_GDP_Pct,All_Eligible,all,,Country_Holdout_CV,fold_3,3831,903,148,37,RandomForest,M2_Macro_Oil,0.10711226932124696,5.153724053649302,1.2510178671685344,5.945807192200678,28.063586364912478,-296.0133334563628,-10.178476300902213,1.9897401699268915,107.6480981353161,431.7885759104592,-26.275496284075633,2.5918386878901756,315.62697389349404,"[""Inward_FDI_Net_Flow_GDP_Pct_lag1"", ""GDP_log_lag1"", ""Population_log_lag1"", ""Inflation_CPI_Annual_Pct_lag1"", ""Electricity_Access_Pct_lag1"", ""Oil_Rents_GDP_Pct_lag1""]"
M1_Macro_vs_M2_Macro_Oil__raw_ratio_stress__All_Eligible,Oil_Rents_GDP_Pct_lag1,raw_ratio_stress,Inward_FDI_Net_Flow_GDP_Pct,All_Eligible,all,,Country_Holdout_CV,fold_3,3831,903,148,37,Ridge,M1_Macro,0.06789820354081422,5.440429321998024,1.635013299790473,5.945807192200678,28.063586364912478,-296.0133334563628,-10.178476300902213,1.9897401699268915,107.6480981353161,431.7885759104592,-191.34549140597414,3.358680490193889,288.7491835945338,"[""Inward_FDI_Net_Flow_GDP_Pct_lag1"", ""GDP_log_lag1"", ""Population_log_lag1"", ""Inflation_CPI_Annual_Pct_lag1"", ""Electricity_Access_Pct_lag1""]"
M1_Macro_vs_M2_Macro_Oil__raw_ratio_stress__All_Eligible,Oil_Rents_GDP_Pct_lag1,raw_ratio_stress,Inward_FDI_Net_Flow_GDP_Pct,All_Eligible,all,,Country_Holdout_CV,fold_3,3831,903,148,37,Ridge,M2_Macro_Oil,0.06762833448190342,5.5191870671978185,1.7537108265361052,5.945807192200678,28.063586364912478,-296.0133334563628,-10.178476300902213,1.9897401699268915,107.6480981353161,431.7885759104592,-191.00271541011176,3.381272579164431,288.776613983071,"[""Inward_FDI_Net_Flow_GDP_Pct_lag1"", ""GDP_log_lag1"", ""Population_log_lag1"", ""Inflation_CPI_Annual_Pct_lag1"", ""Electricity_Access_Pct_lag1"", ""Oil_Rents_GDP_Pct_lag1""]"
M1_Macro_vs_M2_Macro_Oil__raw_ratio_stress__All_Eligible,Oil_Rents_GDP_Pct_lag1,raw_ratio_stress,Inward_FDI_Net_Flow_GDP_Pct,All_Eligible,all,,Country_Holdout_CV,fold_4,3729,1005,146,39,ElasticNet,M1_Macro,0.45071459831956984,6.505878343561367,1.4919157373154004,9.30341208180284,73.22429223314211,-40.10824601697438,-4.019254920771766,2.814135578124266,59.38149858093247,1709.8272317393,-19.48769781158608,4.250941002308755,955.1761810185318,"[""Inward_FDI_Net_Flow_GDP_Pct_lag1"", ""GDP_log_lag1"", ""Population_log_lag1"", ""Inflation_CPI_Annual_Pct_lag1"", ""Electricity_Access_Pct_lag1""]"
M1_Macro_vs_M2_Macro_Oil__raw_ratio_stress__All_Eligible,Oil_Rents_GDP_Pct_lag1,raw_ratio_stress,Inward_FDI_Net_Flow_GDP_Pct,All_Eligible,all,,Country_Holdout_CV,fold_4,3729,1005,146,39,ElasticNet,M2_Macro_Oil,0.45067294519350554,6.518301127883447,1.5287690721147251,9.30341208180284,73.22429223314211,-40.10824601697438,-4.019254920771766,2.814135578124266,59.38149858093247,1709.8272317393,-19.28261468808589,4.327816326685953,954.0654741297739,"[""Inward_FDI_Net_Flow_GDP_Pct_lag1"", ""GDP_log_lag1"", ""Population_log_lag1"", ""Inflation_CPI_Annual_Pct_lag1"", ""Electricity_Access_Pct_lag1"", ""Oil_Rents_GDP_Pct_lag1""]"
M1_Macro_vs_M2_Macro_Oil__raw_ratio_stress__All_Eligible,Oil_Rents_GDP_Pct_lag1,raw_ratio_stress,Inward_FDI_Net_Flow_GDP_Pct,All_Eligible,all,,Country_Holdout_CV,fold_4,3729,1005,146,39,RandomForest,M1_Macro,0.38769374404756596,6.455757559927081,1.209551012800511,9.30341208180284,73.22429223314211,-40.10824601697438,-4.019254920771766,2.814135578124266,59.38149858093247,1709.8272317393,-4.812330612879237,3.1447034824717996,279.7107222636181,"[""Inward_FDI_Net_Flow_GDP_Pct_lag1"", ""GDP_log_lag1"", ""Population_log_lag1"", ""Inflation_CPI_Annual_Pct_lag1"", ""Electricity_Access_Pct_lag1""]"
M1_Macro_vs_M2_Macro_Oil__raw_ratio_stress__All_Eligible,Oil_Rents_GDP_Pct_lag1,raw_ratio_stress,Inward_FDI_Net_Flow_GDP_Pct,All_Eligible,all,,Country_Holdout_CV,fold_4,3729,1005,146,39,RandomForest,M2_Macro_Oil,0.3799681892290563,6.449974233567364,1.2188798171558872,9.30341208180284,73.22429223314211,-40.10824601697438,-4.019254920771766,2.814135578124266,59.38149858093247,1709.8272317393,-4.764175798613291,3.2152569930781416,276.51928188307886,"[""Inward_FDI_Net_Flow_GDP_Pct_lag1"", ""GDP_log_lag1"", ""Population_log_lag1"", ""Inflation_CPI_Annual_Pct_lag1"", ""Electricity_Access_Pct_lag1"", ""Oil_Rents_GDP_Pct_lag1""]"
M1_Macro_vs_M2_Macro_Oil__raw_ratio_stress__All_Eligible,Oil_Rents_GDP_Pct_lag1,raw_ratio_stress,Inward_FDI_Net_Flow_GDP_Pct,All_Eligible,all,,Country_Holdout_CV,fold_4,3729,1005,146,39,Ridge,M1_Macro,0.4513493625672056,6.502433490004169,1.4847073162344406,9.30341208180284,73.22429223314211,-40.10824601697438,-4.019254920771766,2.814135578124266,59.38149858093247,1709.8272317393,-19.59220718717608,4.222512200060658,959.8550729505241,"[""Inward_FDI_Net_Flow_GDP_Pct_lag1"", ""GDP_log_lag1"", ""Population_log_lag1"", ""Inflation_CPI_Annual_Pct_lag1"", ""Electricity_Access_Pct_lag1""]"
M1_Macro_vs_M2_Macro_Oil__raw_ratio_stress__All_Eligible,Oil_Rents_GDP_Pct_lag1,raw_ratio_stress,Inward_FDI_Net_Flow_GDP_Pct,All_Eligible,all,,Country_Holdout_CV,fold_4,3729,1005,146,39,Ridge,M2_Macro_Oil,0.4513091198627145,6.516200285913085,1.5479105480165056,9.30341208180284,73.22429223314211,-40.10824601697438,-4.019254920771766,2.814135578124266,59.38149858093247,1709.8272317393,-19.381758465351098,4.32674896707292,958.7081019762409,"[""Inward_FDI_Net_Flow_GDP_Pct_lag1"", ""GDP_log_lag1"", ""Population_log_lag1"", ""Inflation_CPI_Annual_Pct_lag1"", ""Electricity_Access_Pct_lag1"", ""Oil_Rents_GDP_Pct_lag1""]"
M1_Macro_vs_M2_Macro_Oil__raw_ratio_stress__All_Eligible,Oil_Rents_GDP_Pct_lag1,raw_ratio_stress,Inward_FDI_Net_Flow_GDP_Pct,All_Eligible,all,,Future_Period,train_to_2012__test_from_2013,2969,1765,182,184,ElasticNet,M1_Macro,0.26621912657419733,6.86523484017839,1.225168129412435,7.5043949582300895,57.79455301143855,-391.5551190092479,-11.051484637953848,2.712798351386624,75.10964137527645,1709.8272317393,-253.19902017165174,3.2741180924171562,1475.4175112588127,"[""Inward_FDI_Net_Flow_GDP_Pct_lag1"", ""GDP_log_lag1"", ""Population_log_lag1"", ""Inflation_CPI_Annual_Pct_lag1"", ""Electricity_Access_Pct_lag1""]"
M1_Macro_vs_M2_Macro_Oil__raw_ratio_stress__All_Eligible,Oil_Rents_GDP_Pct_lag1,raw_ratio_stress,Inward_FDI_Net_Flow_GDP_Pct,All_Eligible,all,,Future_Period,train_to_2012__test_from_2013,2969,1765,182,184,ElasticNet,M2_Macro_Oil,0.2663057818672856,6.864825233706316,1.2118778219685087,7.5043949582300895,57.79455301143855,-391.5551190092479,-11.051484637953848,2.712798351386624,75.10964137527645,1709.8272317393,-253.11346471148556,3.28762132991472,1475.202708590826,"[""Inward_FDI_Net_Flow_GDP_Pct_lag1"", ""GDP_log_lag1"", ""Population_log_lag1"", ""Inflation_CPI_Annual_Pct_lag1"", ""Electricity_Access_Pct_lag1"", ""Oil_Rents_GDP_Pct_lag1""]"
M1_Macro_vs_M2_Macro_Oil__raw_ratio_stress__All_Eligible,Oil_Rents_GDP_Pct_lag1,raw_ratio_stress,Inward_FDI_Net_Flow_GDP_Pct,All_Eligible,all,,Future_Period,train_to_2012__test_from_2013,2969,1765,182,184,RandomForest,M1_Macro,0.343730529437992,6.57270889962247,1.2731159828568483,7.5043949582300895,57.79455301143855,-391.5551190092479,-11.051484637953848,2.712798351386624,75.10964137527645,1709.8272317393,-2.6106170476427155,3.317187379468261,299.2069581073121,"[""Inward_FDI_Net_Flow_GDP_Pct_lag1"", ""GDP_log_lag1"", ""Population_log_lag1"", ""Inflation_CPI_Annual_Pct_lag1"", ""Electricity_Access_Pct_lag1""]"
M1_Macro_vs_M2_Macro_Oil__raw_ratio_stress__All_Eligible,Oil_Rents_GDP_Pct_lag1,raw_ratio_stress,Inward_FDI_Net_Flow_GDP_Pct,All_Eligible,all,,Future_Period,train_to_2012__test_from_2013,2969,1765,182,184,RandomForest,M2_Macro_Oil,0.3572510601688228,6.506266979133102,1.2573499272324433,7.5043949582300895,57.79455301143855,-391.5551190092479,-11.051484637953848,2.712798351386624,75.10964137527645,1709.8272317393,-2.3838936271333315,3.2583229656817245,320.24762467173946,"[""Inward_FDI_Net_Flow_GDP_Pct_lag1"", ""GDP_log_lag1"", ""Population_log_lag1"", ""Inflation_CPI_Annual_Pct_lag1"", ""Electricity_Access_Pct_lag1"", ""Oil_Rents_GDP_Pct_lag1""]"
M1_Macro_vs_M2_Macro_Oil__raw_ratio_stress__All_Eligible,Oil_Rents_GDP_Pct_lag1,raw_ratio_stress,Inward_FDI_Net_Flow_GDP_Pct,All_Eligible,all,,Future_Period,train_to_2012__test_from_2013,2969,1765,182,184,Ridge,M1_Macro,0.26375934621946384,6.870465251849192,1.2220016936512972,7.5043949582300895,57.79455301143855,-391.5551190092479,-11.051484637953848,2.712798351386624,75.10964137527645,1709.8272317393,-254.4519360797628,3.2792582040051967,1482.5936854994936,"[""Inward_FDI_Net_Flow_GDP_Pct_lag1"", ""GDP_log_lag1"", ""Population_log_lag1"", ""Inflation_CPI_Annual_Pct_lag1"", ""Electricity_Access_Pct_lag1""]"
M1_Macro_vs_M2_Macro_Oil__raw_ratio_stress__All_Eligible,Oil_Rents_GDP_Pct_lag1,raw_ratio_stress,Inward_FDI_Net_Flow_GDP_Pct,All_Eligible,all,,Future_Period,train_to_2012__test_from_2013,2969,1765,182,184,Ridge,M2_Macro_Oil,0.2638514951833617,6.870099132177203,1.1988843300722047,7.5043949582300895,57.79455301143855,-391.5551190092479,-11.051484637953848,2.712798351386624,75.10964137527645,1709.8272317393,-254.36193128062763,3.2814258181580804,1482.366995067465,"[""Inward_FDI_Net_Flow_GDP_Pct_lag1"", ""GDP_log_lag1"", ""Population_log_lag1"", ""Inflation_CPI_Annual_Pct_lag1"", ""Electricity_Access_Pct_lag1"", ""Oil_Rents_GDP_Pct_lag1""]"
M1_Macro_vs_M2_Macro_Oil__raw_ratio_stress__All_Eligible,Oil_Rents_GDP_Pct_lag1,raw_ratio_stress,Inward_FDI_Net_Flow_GDP_Pct,All_Eligible,all,,Future_Period,train_to_2014__test_from_2015,3330,1404,183,184,ElasticNet,M1_Macro,-0.1522925854426811,7.601826742545547,1.0687830450819935,6.736614557525994,54.651507198626106,-391.5551190092479,-16.150129027070133,2.641183360482157,74.35974484576498,1709.8272317393,-300.9510658788474,2.7948715677714357,1743.1798256243744,"[""Inward_FDI_Net_Flow_GDP_Pct_lag1"", ""GDP_log_lag1"", ""Population_log_lag1"", ""Inflation_CPI_Annual_Pct_lag1"", ""Electricity_Access_Pct_lag1""]"
M1_Macro_vs_M2_Macro_Oil__raw_ratio_stress__All_Eligible,Oil_Rents_GDP_Pct_lag1,raw_ratio_stress,Inward_FDI_Net_Flow_GDP_Pct,All_Eligible,all,,Future_Period,train_to_2014__test_from_2015,3330,1404,183,184,ElasticNet,M2_Macro_Oil,-0.15229258787585165,7.60182671010034,1.0687835418285263,6.736614557525994,54.651507198626106,-391.5551190092479,-16.150129027070133,2.641183360482157,74.35974484576498,1709.8272317393,-300.95106704716494,2.794871372238916,1743.1798287565837,"[""Inward_FDI_Net_Flow_GDP_Pct_lag1"", ""GDP_log_lag1"", ""Population_log_lag1"", ""Inflation_CPI_Annual_Pct_lag1"", ""Electricity_Access_Pct_lag1"", ""Oil_Rents_GDP_Pct_lag1""]"
M1_Macro_vs_M2_Macro_Oil__raw_ratio_stress__All_Eligible,Oil_Rents_GDP_Pct_lag1,raw_ratio_stress,Inward_FDI_Net_Flow_GDP_Pct,All_Eligible,all,,Future_Period,train_to_2014__test_from_2015,3330,1404,183,184,RandomForest,M1_Macro,0.29850156500612723,6.860008195881244,1.2298275128154827,6.736614557525994,54.651507198626106,-391.5551190092479,-16.150129027070133,2.641183360482157,74.35974484576498,1709.8272317393,-1.4935899689607555,3.1474040340411875,492.76252579011526,"[""Inward_FDI_Net_Flow_GDP_Pct_lag1"", ""GDP_log_lag1"", ""Population_log_lag1"", ""Inflation_CPI_Annual_Pct_lag1"", ""Electricity_Access_Pct_lag1""]"
M1_Macro_vs_M2_Macro_Oil__raw_ratio_stress__All_Eligible,Oil_Rents_GDP_Pct_lag1,raw_ratio_stress,Inward_FDI_Net_Flow_GDP_Pct,All_Eligible,all,,Future_Period,train_to_2014__test_from_2015,3330,1404,183,184,RandomForest,M2_Macro_Oil,0.3069822888159488,6.944626632137612,1.1579131971398429,6.736614557525994,54.651507198626106,-391.5551190092479,-16.150129027070133,2.641183360482157,74.35974484576498,1709.8272317393,-2.185997878458841,3.1872395753565206,495.6790871242896,"[""Inward_FDI_Net_Flow_GDP_Pct_lag1"", ""GDP_log_lag1"", ""Population_log_lag1"", ""Inflation_CPI_Annual_Pct_lag1"", ""Electricity_Access_Pct_lag1"", ""Oil_Rents_GDP_Pct_lag1""]"
M1_Macro_vs_M2_Macro_Oil__raw_ratio_stress__All_Eligible,Oil_Rents_GDP_Pct_lag1,raw_ratio_stress,Inward_FDI_Net_Flow_GDP_Pct,All_Eligible,all,,Future_Period,train_to_2014__test_from_2015,3330,1404,183,184,Ridge,M1_Macro,-0.159250281047705,7.616044484892356,1.0662768704575902,6.736614557525994,54.651507198626106,-391.5551190092479,-16.150129027070133,2.641183360482157,74.35974484576498,1709.8272317393,-302.4624865195803,2.7852960812461287,1751.688381576346,"[""Inward_FDI_Net_Flow_GDP_Pct_lag1"", ""GDP_log_lag1"", ""Population_log_lag1"", ""Inflation_CPI_Annual_Pct_lag1"", ""Electricity_Access_Pct_lag1""]"
M1_Macro_vs_M2_Macro_Oil__raw_ratio_stress__All_Eligible,Oil_Rents_GDP_Pct_lag1,raw_ratio_stress,Inward_FDI_Net_Flow_GDP_Pct,All_Eligible,all,,Future_Period,train_to_2014__test_from_2015,3330,1404,183,184,Ridge,M2_Macro_Oil,-0.1592540871100796,7.616023905397966,1.0666761872781552,6.736614557525994,54.651507198626106,-391.5551190092479,-16.150129027070133,2.641183360482157,74.35974484576498,1709.8272317393,-302.46445962325583,2.7843056384620706,1751.6929541948673,"[""Inward_FDI_Net_Flow_GDP_Pct_lag1"", ""GDP_log_lag1"", ""Population_log_lag1"", ""Inflation_CPI_Annual_Pct_lag1"", ""Electricity_Access_Pct_lag1"", ""Oil_Rents_GDP_Pct_lag1""]"
M1_Macro_vs_M2_Macro_Oil__raw_ratio_stress__All_Eligible,Oil_Rents_GDP_Pct_lag1,raw_ratio_stress,Inward_FDI_Net_Flow_GDP_Pct,All_Eligible,all,,Future_Period,train_to_2015__test_from_2016,3510,1224,183,181,ElasticNet,M1_Macro,-3.636557970478596,8.500386172096984,1.1777290388599748,5.444229171601157,31.97890558733052,-391.5551190092479,-19.655894241811126,2.641183360482157,54.485490723858014,452.2208630141506,-357.208215740009,2.4301512418324545,2057.3424793820523,"[""Inward_FDI_Net_Flow_GDP_Pct_lag1"", ""GDP_log_lag1"", ""Population_log_lag1"", ""Inflation_CPI_Annual_Pct_lag1"", ""Electricity_Access_Pct_lag1""]"
M1_Macro_vs_M2_Macro_Oil__raw_ratio_stress__All_Eligible,Oil_Rents_GDP_Pct_lag1,raw_ratio_stress,Inward_FDI_Net_Flow_GDP_Pct,All_Eligible,all,,Future_Period,train_to_2015__test_from_2016,3510,1224,183,181,ElasticNet,M2_Macro_Oil,-3.637509722829523,8.501618617948061,1.1930257177368715,5.444229171601157,31.97890558733052,-391.5551190092479,-19.655894241811126,2.641183360482157,54.485490723858014,452.2208630141506,-357.3307500983237,2.384775325582356,2057.5895064157253,"[""Inward_FDI_Net_Flow_GDP_Pct_lag1"", ""GDP_log_lag1"", ""Population_log_lag1"", ""Inflation_CPI_Annual_Pct_lag1"", ""Electricity_Access_Pct_lag1"", ""Oil_Rents_GDP_Pct_lag1""]"
M1_Macro_vs_M2_Macro_Oil__raw_ratio_stress__All_Eligible,Oil_Rents_GDP_Pct_lag1,raw_ratio_stress,Inward_FDI_Net_Flow_GDP_Pct,All_Eligible,all,,Future_Period,train_to_2015__test_from_2016,3510,1224,183,181,RandomForest,M1_Macro,-0.5752784102768591,6.861926317278703,1.2481748588569392,5.444229171601157,31.97890558733052,-391.5551190092479,-19.655894241811126,2.641183360482157,54.485490723858014,452.2208630141506,-1.8201967270739108,3.0955632151334465,632.7979946370303,"[""Inward_FDI_Net_Flow_GDP_Pct_lag1"", ""GDP_log_lag1"", ""Population_log_lag1"", ""Inflation_CPI_Annual_Pct_lag1"", ""Electricity_Access_Pct_lag1""]"
M1_Macro_vs_M2_Macro_Oil__raw_ratio_stress__All_Eligible,Oil_Rents_GDP_Pct_lag1,raw_ratio_stress,Inward_FDI_Net_Flow_GDP_Pct,All_Eligible,all,,Future_Period,train_to_2015__test_from_2016,3510,1224,183,181,RandomForest,M2_Macro_Oil,-0.7677105519432257,6.816709756707401,1.149867699352302,5.444229171601157,31.97890558733052,-391.5551190092479,-19.655894241811126,2.641183360482157,54.485490723858014,452.2208630141506,-2.033380247568837,3.228746254345013,661.8316312889486,"[""Inward_FDI_Net_Flow_GDP_Pct_lag1"", ""GDP_log_lag1"", ""Population_log_lag1"", ""Inflation_CPI_Annual_Pct_lag1"", ""Electricity_Access_Pct_lag1"", ""Oil_Rents_GDP_Pct_lag1""]"
M1_Macro_vs_M2_Macro_Oil__raw_ratio_stress__All_Eligible,Oil_Rents_GDP_Pct_lag1,raw_ratio_stress,Inward_FDI_Net_Flow_GDP_Pct,All_Eligible,all,,Future_Period,train_to_2015__test_from_2016,3510,1224,183,181,Ridge,M1_Macro,-3.6777282076208184,8.530894429163284,1.1842205201030782,5.444229171601157,31.97890558733052,-391.5551190092479,-19.655894241811126,2.641183360482157,54.485490723858014,452.2208630141506,-359.06993285665783,2.4095809309527625,2067.5127795465587,"[""Inward_FDI_Net_Flow_GDP_Pct_lag1"", ""GDP_log_lag1"", ""Population_log_lag1"", ""Inflation_CPI_Annual_Pct_lag1"", ""Electricity_Access_Pct_lag1""]"
M1_Macro_vs_M2_Macro_Oil__raw_ratio_stress__All_Eligible,Oil_Rents_GDP_Pct_lag1,raw_ratio_stress,Inward_FDI_Net_Flow_GDP_Pct,All_Eligible,all,,Future_Period,train_to_2015__test_from_2016,3510,1224,183,181,Ridge,M2_Macro_Oil,-3.6787854453601287,8.532660825181983,1.213476408693002,5.444229171601157,31.97890558733052,-391.5551190092479,-19.655894241811126,2.641183360482157,54.485490723858014,452.2208630141506,-359.20471631163485,2.3698073183369877,2067.785675023808,"[""Inward_FDI_Net_Flow_GDP_Pct_lag1"", ""GDP_log_lag1"", ""Population_log_lag1"", ""Inflation_CPI_Annual_Pct_lag1"", ""Electricity_Access_Pct_lag1"", ""Oil_Rents_GDP_Pct_lag1""]"
M1_Macro_vs_M2_Macro_Oil__raw_ratio_stress__All_Eligible,Oil_Rents_GDP_Pct_lag1,raw_ratio_stress,Inward_FDI_Net_Flow_GDP_Pct,All_Eligible,all,,Future_Period,train_to_2016__test_from_2017,3688,1046,184,181,ElasticNet,M1_Macro,0.08094906633002152,6.562963891563021,1.7507679457435277,5.5267654344535835,34.401765329500925,-391.5551190092479,-21.175833623004785,2.599649814371629,84.90956277177874,452.2208630141506,-193.32830090199508,3.8404337777251194,307.3337969802131,"[""Inward_FDI_Net_Flow_GDP_Pct_lag1"", ""GDP_log_lag1"", ""Population_log_lag1"", ""Inflation_CPI_Annual_Pct_lag1"", ""Electricity_Access_Pct_lag1""]"
M1_Macro_vs_M2_Macro_Oil__raw_ratio_stress__All_Eligible,Oil_Rents_GDP_Pct_lag1,raw_ratio_stress,Inward_FDI_Net_Flow_GDP_Pct,All_Eligible,all,,Future_Period,train_to_2016__test_from_2017,3688,1046,184,181,ElasticNet,M2_Macro_Oil,0.08114390024536611,6.5756208862547725,1.775969451928708,5.5267654344535835,34.401765329500925,-391.5551190092479,-21.175833623004785,2.599649814371629,84.90956277177874,452.2208630141506,-193.07575976472992,3.8574693067055525,307.36341612491645,"[""Inward_FDI_Net_Flow_GDP_Pct_lag1"", ""GDP_log_lag1"", ""Population_log_lag1"", ""Inflation_CPI_Annual_Pct_lag1"", ""Electricity_Access_Pct_lag1"", ""Oil_Rents_GDP_Pct_lag1""]"
M1_Macro_vs_M2_Macro_Oil__raw_ratio_stress__All_Eligible,Oil_Rents_GDP_Pct_lag1,raw_ratio_stress,Inward_FDI_Net_Flow_GDP_Pct,All_Eligible,all,,Future_Period,train_to_2016__test_from_2017,3688,1046,184,181,RandomForest,M1_Macro,-0.12931142277119134,6.42934813927995,1.2329219514308922,5.5267654344535835,34.401765329500925,-391.5551190092479,-21.175833623004785,2.599649814371629,84.90956277177874,452.2208630141506,-2.2023745969080393,3.1590833070883693,492.15836120057656,"[""Inward_FDI_Net_Flow_GDP_Pct_lag1"", ""GDP_log_lag1"", ""Population_log_lag1"", ""Inflation_CPI_Annual_Pct_lag1"", ""Electricity_Access_Pct_lag1""]"
M1_Macro_vs_M2_Macro_Oil__raw_ratio_stress__All_Eligible,Oil_Rents_GDP_Pct_lag1,raw_ratio_stress,Inward_FDI_Net_Flow_GDP_Pct,All_Eligible,all,,Future_Period,train_to_2016__test_from_2017,3688,1046,184,181,RandomForest,M2_Macro_Oil,-0.10666926094925899,6.395527598446362,1.1964562354272317,5.5267654344535835,34.401765329500925,-391.5551190092479,-21.175833623004785,2.599649814371629,84.90956277177874,452.2208630141506,-1.9146235261511664,3.147721473903213,474.79651401385047,"[""Inward_FDI_Net_Flow_GDP_Pct_lag1"", ""GDP_log_lag1"", ""Population_log_lag1"", ""Inflation_CPI_Annual_Pct_lag1"", ""Electricity_Access_Pct_lag1"", ""Oil_Rents_GDP_Pct_lag1""]"
M1_Macro_vs_M2_Macro_Oil__raw_ratio_stress__All_Eligible,Oil_Rents_GDP_Pct_lag1,raw_ratio_stress,Inward_FDI_Net_Flow_GDP_Pct,All_Eligible,all,,Future_Period,train_to_2016__test_from_2017,3688,1046,184,181,Ridge,M1_Macro,0.0793196530878395,6.575243113305703,1.7942391169063918,5.5267654344535835,34.401765329500925,-391.5551190092479,-21.175833623004785,2.599649814371629,84.90956277177874,452.2208630141506,-194.25263435660224,3.809173565837181,308.80077807540005,"[""Inward_FDI_Net_Flow_GDP_Pct_lag1"", ""GDP_log_lag1"", ""Population_log_lag1"", ""Inflation_CPI_Annual_Pct_lag1"", ""Electricity_Access_Pct_lag1""]"
M1_Macro_vs_M2_Macro_Oil__raw_ratio_stress__All_Eligible,Oil_Rents_GDP_Pct_lag1,raw_ratio_stress,Inward_FDI_Net_Flow_GDP_Pct,All_Eligible,all,,Future_Period,train_to_2016__test_from_2017,3688,1046,184,181,Ridge,M2_Macro_Oil,0.07951486917963557,6.589677187810646,1.8247320703447052,5.5267654344535835,34.401765329500925,-391.5551190092479,-21.175833623004785,2.599649814371629,84.90956277177874,452.2208630141506,-193.99306176598157,3.8575800347521687,308.8304648763897,"[""Inward_FDI_Net_Flow_GDP_Pct_lag1"", ""GDP_log_lag1"", ""Population_log_lag1"", ""Inflation_CPI_Annual_Pct_lag1"", ""Electricity_Access_Pct_lag1"", ""Oil_Rents_GDP_Pct_lag1""]"
M1_Macro_vs_M2_Macro_Oil__raw_ratio_stress__All_Eligible,Oil_Rents_GDP_Pct_lag1,raw_ratio_stress,Inward_FDI_Net_Flow_GDP_Pct,All_Eligible,all,,Future_Period,train_to_2018__test_from_2019,4041,693,184,177,ElasticNet,M1_Macro,-0.16360524512329322,6.865430481387614,1.7608131333228565,4.970453735912439,33.824136705117475,-391.5551190092479,-16.292246098863394,2.501992272937718,63.26220587625321,433.6068398798668,-198.29926638814143,3.5696143604334765,314.6344871981144,"[""Inward_FDI_Net_Flow_GDP_Pct_lag1"", ""GDP_log_lag1"", ""Population_log_lag1"", ""Inflation_CPI_Annual_Pct_lag1"", ""Electricity_Access_Pct_lag1""]"
M1_Macro_vs_M2_Macro_Oil__raw_ratio_stress__All_Eligible,Oil_Rents_GDP_Pct_lag1,raw_ratio_stress,Inward_FDI_Net_Flow_GDP_Pct,All_Eligible,all,,Future_Period,train_to_2018__test_from_2019,4041,693,184,177,ElasticNet,M2_Macro_Oil,-0.1632971292844112,6.872344250794025,1.7532062064458422,4.970453735912439,33.824136705117475,-391.5551190092479,-16.292246098863394,2.501992272937718,63.26220587625321,433.6068398798668,-198.05812763876006,3.5636770284781876,314.6557120147088,"[""Inward_FDI_Net_Flow_GDP_Pct_lag1"", ""GDP_log_lag1"", ""Population_log_lag1"", ""Inflation_CPI_Annual_Pct_lag1"", ""Electricity_Access_Pct_lag1"", ""Oil_Rents_GDP_Pct_lag1""]"
M1_Macro_vs_M2_Macro_Oil__raw_ratio_stress__All_Eligible,Oil_Rents_GDP_Pct_lag1,raw_ratio_stress,Inward_FDI_Net_Flow_GDP_Pct,All_Eligible,all,,Future_Period,train_to_2018__test_from_2019,4041,693,184,177,RandomForest,M1_Macro,-0.408719612662346,6.493150412783432,1.311552547950365,4.970453735912439,33.824136705117475,-391.5551190092479,-16.292246098863394,2.501992272937718,63.26220587625321,433.6068398798668,-11.857418937223553,2.779624110603197,465.5186199303083,"[""Inward_FDI_Net_Flow_GDP_Pct_lag1"", ""GDP_log_lag1"", ""Population_log_lag1"", ""Inflation_CPI_Annual_Pct_lag1"", ""Electricity_Access_Pct_lag1""]"
M1_Macro_vs_M2_Macro_Oil__raw_ratio_stress__All_Eligible,Oil_Rents_GDP_Pct_lag1,raw_ratio_stress,Inward_FDI_Net_Flow_GDP_Pct,All_Eligible,all,,Future_Period,train_to_2018__test_from_2019,4041,693,184,177,RandomForest,M2_Macro_Oil,-0.5362356088505087,6.968047791794242,1.1876283681228774,4.970453735912439,33.824136705117475,-391.5551190092479,-16.292246098863394,2.501992272937718,63.26220587625321,433.6068398798668,-13.11225724452834,2.9396886866844487,490.2821453689882,"[""Inward_FDI_Net_Flow_GDP_Pct_lag1"", ""GDP_log_lag1"", ""Population_log_lag1"", ""Inflation_CPI_Annual_Pct_lag1"", ""Electricity_Access_Pct_lag1"", ""Oil_Rents_GDP_Pct_lag1""]"
M1_Macro_vs_M2_Macro_Oil__raw_ratio_stress__All_Eligible,Oil_Rents_GDP_Pct_lag1,raw_ratio_stress,Inward_FDI_Net_Flow_GDP_Pct,All_Eligible,all,,Future_Period,train_to_2018__test_from_2019,4041,693,184,177,Ridge,M1_Macro,-0.167196376599976,6.8784380473872755,1.7724903652126942,4.970453735912439,33.824136705117475,-391.5551190092479,-16.292246098863394,2.501992272937718,63.26220587625321,433.6068398798668,-199.2582283160493,3.630197628832676,316.1432603023502,"[""Inward_FDI_Net_Flow_GDP_Pct_lag1"", ""GDP_log_lag1"", ""Population_log_lag1"", ""Inflation_CPI_Annual_Pct_lag1"", ""Electricity_Access_Pct_lag1""]"
M1_Macro_vs_M2_Macro_Oil__raw_ratio_stress__All_Eligible,Oil_Rents_GDP_Pct_lag1,raw_ratio_stress,Inward_FDI_Net_Flow_GDP_Pct,All_Eligible,all,,Future_Period,train_to_2018__test_from_2019,4041,693,184,177,Ridge,M2_Macro_Oil,-0.16688368788901786,6.887236717541238,1.7797253898862504,4.970453735912439,33.824136705117475,-391.5551190092479,-16.292246098863394,2.501992272937718,63.26220587625321,433.6068398798668,-199.0106241496342,3.5757982342209855,316.16432944462053,"[""Inward_FDI_Net_Flow_GDP_Pct_lag1"", ""GDP_log_lag1"", ""Population_log_lag1"", ""Inflation_CPI_Annual_Pct_lag1"", ""Electricity_Access_Pct_lag1"", ""Oil_Rents_GDP_Pct_lag1""]"
