Country Name,ISO3,Year,Avg_FDI_Restriction_Index,FDI_Flows_Millions_USD
Angola,AGO,1995,0.003981915,2921
Angola,AGO,1996,0.003981915,3101
Angola,AGO,1997,0.003981915,3513
Angola,AGO,1998,0.003981915,4627
Angola,AGO,1999,0.003981915,7099
Angola,AGO,2000,0.003981915,7977
Angola,AGO,2001,0.003981915,10123
Angola,AGO,2002,0.003981915,11866
Angola,AGO,2003,0.003981915,15443
Angola,AGO,2004,0.003981915,17640
Angola,AGO,2005,0.003981915,16336
Angola,AGO,2006,0.003981915,16299
Angola,AGO,2007,0.003981915,15405
Angola,AGO,2008,0.003981915,17084
Angola,AGO,2009,0.003981915,19290
Angola,AGO,2010,0.003981915,32458
Angola,AGO,2011,0.003981915,43275
Angola,AGO,2012,0.003981915,41811
Angola,AGO,2013,0.003981915,34691
Angola,AGO,2014,0.003981915,25479
Angola,AGO,2015,0.003981915,32312
Angola,AGO,2016,0.003981915,29184
Angola,AGO,2017,0.003981915,29436
Angola,AGO,2018,0.003981915,22717
Angola,AGO,2019,0.003981915,18879
Angola,AGO,2020,0.003981915,21595
Angola,AGO,2021,0.003834567,20861
Albania,ALB,1995,0.003630469,211
Albania,ALB,1996,0.003630469,301
Albania,ALB,1997,0.003630469,349
Albania,ALB,1998,0.003630469,394
Albania,ALB,1999,0.003630469,435
Albania,ALB,2000,0.003630469,247
Albania,ALB,2001,0.003630469,327
Albania,ALB,2002,0.003630469,360
Albania,ALB,2003,0.003630469,483
Albania,ALB,2004,0.003630469,837
Albania,ALB,2005,0.003630469,1020
Albania,ALB,2006,0.003630469,1392
Albania,ALB,2007,0.003630469,2693
Albania,ALB,2008,0.003630469,2869
Albania,ALB,2009,0.003630469,3258
Albania,ALB,2010,0.003630469,3255
Albania,ALB,2011,0.003630469,4399
Albania,ALB,2012,0.003630469,4303
Albania,ALB,2013,0.003630469,3931
Albania,ALB,2014,0.003630469,4295
Albania,ALB,2015,0.003630469,4337
Albania,ALB,2016,0.003630469,4985
Albania,ALB,2017,0.003630469,6742
Albania,ALB,2018,0.003630469,7664
Albania,ALB,2019,0.003630469,8188
Albania,ALB,2020,0.003630469,9608
Albania,ALB,2021,0.003630469,9786
Argentina,ARG,1995,0.004652083,27991
Argentina,ARG,1996,0.004652083,33557
Argentina,ARG,1997,0.004652083,42013
Argentina,ARG,1998,0.004652083,47797
Argentina,ARG,1999,0.004652083,61926
Argentina,ARG,2000,0.004652083,67601
Argentina,ARG,2001,0.004652083,79504
Argentina,ARG,2002,0.004652083,43146
Argentina,ARG,2003,0.004652083,48262
Argentina,ARG,2004,0.004652083,52507
Argentina,ARG,2005,0.004652083,55139
Argentina,ARG,2006,0.004652083,59882
Argentina,ARG,2007,0.004652083,66226
Argentina,ARG,2008,0.004652083,75235
Argentina,ARG,2009,0.004652083,78205
Argentina,ARG,2010,0.004652083,85591
Argentina,ARG,2011,0.004652083,92295
Argentina,ARG,2012,0.004652083,98706
Argentina,ARG,2013,0.004652083,88338
Argentina,ARG,2014,0.004652083,89716
Argentina,ARG,2015,0.004652083,79773
Argentina,ARG,2016,0.004652083,74868
Argentina,ARG,2017,0.004652083,80700
Argentina,ARG,2018,0.004652083,72589
Argentina,ARG,2019,0.004652083,70458
Argentina,ARG,2020,0.004652083,85269
Argentina,ARG,2021,0.008140385,99995
Armenia,ARM,1995,0.00825,66
Armenia,ARM,1996,0.00825,84
Armenia,ARM,1997,0.00825,103
Armenia,ARM,1998,0.00825,103
Armenia,ARM,1999,0.00825,421
Armenia,ARM,2000,0.00825,513
Armenia,ARM,2001,0.00825,580
Armenia,ARM,2002,0.00825,684
Armenia,ARM,2003,0.00825,795
Armenia,ARM,2004,0.00825,1039
Armenia,ARM,2005,0.00825,1383
Armenia,ARM,2006,0.00825,1880
Armenia,ARM,2007,0.00825,2586
Armenia,ARM,2008,0.00825,3643
Armenia,ARM,2009,0.00825,3734
Armenia,ARM,2010,0.00825,4405
Armenia,ARM,2011,0.00825,5241
Armenia,ARM,2012,0.00825,5287
Armenia,ARM,2013,0.00825,5491
Armenia,ARM,2014,0.00825,4213
Armenia,ARM,2015,0.00825,4338
Armenia,ARM,2016,0.00825,4635
Armenia,ARM,2017,0.00825,4755
Armenia,ARM,2018,0.00825,5527
Armenia,ARM,2019,0.00825,5521
Armenia,ARM,2020,0.00825,5229
Armenia,ARM,2021,0.00825,5629
Australia,AUS,1995,0.009164043,111311
Australia,AUS,1996,0.009164043,122702
Australia,AUS,1997,0.009164043,106451
Australia,AUS,1998,0.009164043,113102
Australia,AUS,1999,0.009164043,127144
Australia,AUS,2000,0.009164043,121686
Australia,AUS,2001,0.009164043,123671
Australia,AUS,2002,0.009164043,154275
Australia,AUS,2003,0.009164043,219094
Australia,AUS,2004,0.009164043,291010
Australia,AUS,2005,0.009164043,247748
Australia,AUS,2006,0.009164043,302079
Australia,AUS,2007,0.009164043,391761
Australia,AUS,2008,0.009164043,307751
Australia,AUS,2009,0.009164043,439623
Australia,AUS,2010,0.009164043,527728
Australia,AUS,2011,0.009164043,555575
Australia,AUS,2012,0.009164043,615814
Australia,AUS,2013,0.009164043,569825
Australia,AUS,2014,0.009164043,582538
Australia,AUS,2015,0.009164043,566429
Australia,AUS,2016,0.009164043,611138
Australia,AUS,2017,0.009164043,700460
Australia,AUS,2018,0.009164043,699981
Australia,AUS,2019,0.009164043,726119
Australia,AUS,2020,0.009164043,788392
Australia,AUS,2021,0.009094599,773040
Austria,AUT,1995,0.003195,19001
Austria,AUT,1996,0.003195,19579
Austria,AUT,1997,0.003195,19790
Austria,AUT,1998,0.003195,23471
Austria,AUT,1999,0.003195,23471
Austria,AUT,2000,0.003195,31165
Austria,AUT,2001,0.003195,34999
Austria,AUT,2002,0.003195,44895
Austria,AUT,2003,0.003195,57636
Austria,AUT,2004,0.003195,70714
Austria,AUT,2005,0.003195,82551
Austria,AUT,2006,0.003195,109050
Austria,AUT,2007,0.003195,159552
Austria,AUT,2008,0.003195,145795
Austria,AUT,2009,0.003195,169125
Austria,AUT,2010,0.003195,160615
Austria,AUT,2011,0.003195,152769
Austria,AUT,2012,0.003195,164714
Austria,AUT,2013,0.003195,179763
Austria,AUT,2014,0.003195,176937
Austria,AUT,2015,0.003195,161125
Austria,AUT,2016,0.003195,152273
Austria,AUT,2017,0.003195,193223
Austria,AUT,2018,0.003195,187311
Austria,AUT,2019,0.003195,193976
Austria,AUT,2020,0.003195,206174
Austria,AUT,2021,0.003310187,211502
Azerbaijan,AZE,1995,0.003430597,330
Azerbaijan,AZE,1996,0.003430597,957
Azerbaijan,AZE,1997,0.003430597,2089
Azerbaijan,AZE,1998,0.003430597,3095
Azerbaijan,AZE,1999,0.003430597,3605
Azerbaijan,AZE,2000,0.003430597,1791
Azerbaijan,AZE,2001,0.003430597,2018
Azerbaijan,AZE,2002,0.003430597,3410
Azerbaijan,AZE,2003,0.003430597,6695
Azerbaijan,AZE,2004,0.003430597,10251
Azerbaijan,AZE,2005,0.003430597,11930
Azerbaijan,AZE,2006,0.003430597,19099
Azerbaijan,AZE,2007,0.003430597,18515
Azerbaijan,AZE,2008,0.003430597,13766
Azerbaijan,AZE,2009,0.003430597,13780
Azerbaijan,AZE,2010,0.003430597,14253
Azerbaijan,AZE,2011,0.003430597,14816
Azerbaijan,AZE,2012,0.003430597,16281
Azerbaijan,AZE,2013,0.003430597,18285
Azerbaijan,AZE,2014,0.003430597,22117
Azerbaijan,AZE,2015,0.003430597,26748
Azerbaijan,AZE,2016,0.003430597,31229
Azerbaijan,AZE,2017,0.003430597,34008
Azerbaijan,AZE,2018,0.003430597,35486
Azerbaijan,AZE,2019,0.003430597,36931
Azerbaijan,AZE,2020,0.003430597,37832
Azerbaijan,AZE,2021,0.003430597,36243
Burundi,BDI,1995,0.024947917,34
Burundi,BDI,1996,0.024947917,34
Burundi,BDI,1997,0.024947917,34
Burundi,BDI,1998,0.024947917,36
Burundi,BDI,1999,0.024947917,35
Burundi,BDI,2000,0.024947917,47
Burundi,BDI,2001,0.024947917,47
Burundi,BDI,2002,0.024947917,47
Burundi,BDI,2003,0.024947917,47
Burundi,BDI,2004,0.024947917,47
Burundi,BDI,2005,0.024947917,47
Burundi,BDI,2006,0.024947917,10
Burundi,BDI,2007,0.024947917,9
Burundi,BDI,2008,0.024947917,12
Burundi,BDI,2009,0.024947917,13
Burundi,BDI,2010,0.024947917,13
Burundi,BDI,2011,0.024947917,15
Burundi,BDI,2012,0.024947917,14
Burundi,BDI,2013,0.024947917,132
Burundi,BDI,2014,0.024947917,212
Burundi,BDI,2015,0.024947917,252
Burundi,BDI,2016,0.024947917,241
Burundi,BDI,2017,0.024947917,231
Burundi,BDI,2018,0.024947917,227
Burundi,BDI,2019,0.024947917,228
Burundi,BDI,2020,0.024947917,234
Burundi,BDI,2021,0.024947917,242
Belgium,BEL,1995,0.0020165,112960
Belgium,BEL,1996,0.0020165,123883
Belgium,BEL,1997,0.0020165,128728
Belgium,BEL,1998,0.0020165,180492
Belgium,BEL,1999,0.0020165,179924
Belgium,BEL,2000,0.0020165,195219
Belgium,BEL,2001,0.0020165,203537
Belgium,BEL,2005,0.0020165,378156
Belgium,BEL,2006,0.0020165,481356
Belgium,BEL,2007,0.0020165,810944
Belgium,BEL,2008,0.0020165,407403
Belgium,BEL,2009,0.0020165,458295
Belgium,BEL,2010,0.0020165,473358
Belgium,BEL,2011,0.0020165,484120
Belgium,BEL,2012,0.0020165,561811
Belgium,BEL,2013,0.0020165,625201
Belgium,BEL,2014,0.0020165,556045
Belgium,BEL,2015,0.0020165,549341
Belgium,BEL,2016,0.0020165,517412
Belgium,BEL,2017,0.0020165,580176
Belgium,BEL,2018,0.0020165,502433
Belgium,BEL,2019,0.0020165,556595
Belgium,BEL,2020,0.0020165,588902
Belgium,BEL,2021,0.0020165,552239
Bangladesh,BGD,1995,0.003848,600
Bangladesh,BGD,1996,0.003848,832
Bangladesh,BGD,1997,0.003848,1407
Bangladesh,BGD,1998,0.003848,1833
Bangladesh,BGD,1999,0.003848,1891
Bangladesh,BGD,2000,0.003848,2162
Bangladesh,BGD,2001,0.003848,2202
Bangladesh,BGD,2002,0.003848,2451
Bangladesh,BGD,2003,0.003848,2876
Bangladesh,BGD,2004,0.003848,3091
Bangladesh,BGD,2005,0.003848,3537
Bangladesh,BGD,2006,0.003848,4187
Bangladesh,BGD,2007,0.003848,4399
Bangladesh,BGD,2008,0.003848,4816
Bangladesh,BGD,2009,0.003848,5279
Bangladesh,BGD,2010,0.003848,6072
Bangladesh,BGD,2011,0.003848,6166
Bangladesh,BGD,2012,0.003848,7750
Bangladesh,BGD,2013,0.003848,8593
Bangladesh,BGD,2014,0.003848,10029
Bangladesh,BGD,2015,0.003848,12912
Bangladesh,BGD,2016,0.003848,14539
Bangladesh,BGD,2017,0.003848,14557
Bangladesh,BGD,2018,0.003848,17062
Bangladesh,BGD,2019,0.003848,14888
Bangladesh,BGD,2020,0.003848,16340
Bangladesh,BGD,2021,0.003756,18433
Bulgaria,BGR,1995,0.003479687,445
Bulgaria,BGR,1996,0.003479687,554
Bulgaria,BGR,1997,0.003479687,1059
Bulgaria,BGR,1998,0.003479687,1597
Bulgaria,BGR,1999,0.003479687,2184
Bulgaria,BGR,2000,0.003479687,2704
Bulgaria,BGR,2001,0.003479687,2945
Bulgaria,BGR,2002,0.003479687,4118
Bulgaria,BGR,2003,0.003479687,6371
Bulgaria,BGR,2004,0.003479687,10108
Bulgaria,BGR,2005,0.003479687,13869
Bulgaria,BGR,2006,0.003479687,23483
Bulgaria,BGR,2007,0.003479687,37936
Bulgaria,BGR,2008,0.003479687,44059
Bulgaria,BGR,2009,0.003479687,49225
Bulgaria,BGR,2010,0.003479687,44970
Bulgaria,BGR,2011,0.003479687,45679
Bulgaria,BGR,2012,0.003479687,48615
Bulgaria,BGR,2013,0.003479687,50302
Bulgaria,BGR,2014,0.003479687,45462
Bulgaria,BGR,2015,0.003479687,43472
Bulgaria,BGR,2016,0.003479687,42946
Bulgaria,BGR,2017,0.003479687,50925
Bulgaria,BGR,2018,0.003479687,50432
Bulgaria,BGR,2019,0.003479687,51741
Bulgaria,BGR,2020,0.003479687,57830
Bulgaria,BGR,2021,0.003479687,55144
Bosnia and Herzegovina,BIH,1997,0.00575,109
Bosnia and Herzegovina,BIH,1998,0.00575,186
Bosnia and Herzegovina,BIH,1999,0.00575,327
Bosnia and Herzegovina,BIH,2000,0.00575,450
Bosnia and Herzegovina,BIH,2001,0.00575,544
Bosnia and Herzegovina,BIH,2002,0.00575,942
Bosnia and Herzegovina,BIH,2003,0.00575,1561
Bosnia and Herzegovina,BIH,2004,0.00575,2286
Bosnia and Herzegovina,BIH,2005,0.00575,2302
Bosnia and Herzegovina,BIH,2006,0.00575,3203
Bosnia and Herzegovina,BIH,2007,0.00575,5397
Bosnia and Herzegovina,BIH,2008,0.00575,6103
Bosnia and Herzegovina,BIH,2009,0.00575,6936
Bosnia and Herzegovina,BIH,2010,0.00575,6709
Bosnia and Herzegovina,BIH,2011,0.00575,7127
Bosnia and Herzegovina,BIH,2012,0.00575,7564
Bosnia and Herzegovina,BIH,2013,0.00575,8503
Bosnia and Herzegovina,BIH,2014,0.00575,7507
Bosnia and Herzegovina,BIH,2015,0.00575,7161
Bosnia and Herzegovina,BIH,2016,0.00575,7140
Bosnia and Herzegovina,BIH,2017,0.00575,8553
Bosnia and Herzegovina,BIH,2018,0.00575,8635
Bosnia and Herzegovina,BIH,2019,0.00575,8777
Bosnia and Herzegovina,BIH,2020,0.00575,9846
Bosnia and Herzegovina,BIH,2021,0.00575,9767
Belarus,BLR,1995,0.00506973,50
Belarus,BLR,1996,0.00506973,154
Belarus,BLR,1997,0.00506973,506
Belarus,BLR,1998,0.00506973,1320
Belarus,BLR,1999,0.00506973,1156
Belarus,BLR,2000,0.00506973,1306
Belarus,BLR,2001,0.00506973,1397
Belarus,BLR,2002,0.00506973,1646
Belarus,BLR,2003,0.00506973,1899
Belarus,BLR,2004,0.00506973,2057
Belarus,BLR,2005,0.00506973,2383
Belarus,BLR,2006,0.00506973,2734
Belarus,BLR,2007,0.00506973,4483
Belarus,BLR,2008,0.00506973,6683
Belarus,BLR,2009,0.00506973,8537
Belarus,BLR,2010,0.00506973,9904
Belarus,BLR,2011,0.00506973,12997
Belarus,BLR,2012,0.00506973,14570
Belarus,BLR,2013,0.00506973,16669
Belarus,BLR,2014,0.00506973,17737
Belarus,BLR,2015,0.00506973,17972
Belarus,BLR,2016,0.00506973,18623
Belarus,BLR,2017,0.00506973,12831
Belarus,BLR,2018,0.00506973,13031
Belarus,BLR,2019,0.00506973,14417
Belarus,BLR,2020,0.00506973,13717
Belarus,BLR,2021,0.00506973,15318
Brazil,BRA,1995,0.005866233,47887
Brazil,BRA,1996,0.005866233,54846
Brazil,BRA,1997,0.005866233,69721
Brazil,BRA,1998,0.005866233,99505
Brazil,BRA,1999,0.005866233,102331
Brazil,BRA,2001,0.005866233,117611
Brazil,BRA,2002,0.005866233,96861
Brazil,BRA,2003,0.005866233,127726
Brazil,BRA,2004,0.005866233,157777
Brazil,BRA,2005,0.005866233,177915
Brazil,BRA,2006,0.005866233,213021
Brazil,BRA,2007,0.005866233,292531
Brazil,BRA,2008,0.005866233,260531
Brazil,BRA,2009,0.005866233,367183
Brazil,BRA,2010,0.005866233,640330
Brazil,BRA,2011,0.005866233,649126
Brazil,BRA,2012,0.005866233,664208
Brazil,BRA,2013,0.005866233,627789
Brazil,BRA,2014,0.005866233,601490
Brazil,BRA,2015,0.005866233,429843
Brazil,BRA,2016,0.005866233,563539
Brazil,BRA,2017,0.005866233,623021
Brazil,BRA,2018,0.005866233,568741
Brazil,BRA,2019,0.005866233,705031
Brazil,BRA,2020,0.005866233,595285
Brazil,BRA,2021,0.007075,729577
Brunei Darussalam,BRN,1995,0.003039826,642
Brunei Darussalam,BRN,1996,0.003039826,1295
Brunei Darussalam,BRN,1997,0.003039826,1997
Brunei Darussalam,BRN,1998,0.003039826,2570
Brunei Darussalam,BRN,1999,0.003039826,3318
Brunei Darussalam,BRN,2000,0.003039826,3868
Brunei Darussalam,BRN,2001,0.003039826,4394
Brunei Darussalam,BRN,2002,0.003039826,5430
Brunei Darussalam,BRN,2003,0.003039826,1630
Brunei Darussalam,BRN,2004,0.003039826,1835
Brunei Darussalam,BRN,2005,0.003039826,2125
Brunei Darussalam,BRN,2006,0.003039826,2559
Brunei Darussalam,BRN,2007,0.003039826,2819
Brunei Darussalam,BRN,2008,0.003039826,3141
Brunei Darussalam,BRN,2009,0.003039826,3511
Brunei Darussalam,BRN,2010,0.003039826,4140
Brunei Darussalam,BRN,2011,0.003039826,4837
Brunei Darussalam,BRN,2012,0.003039826,5662
Brunei Darussalam,BRN,2013,0.003039826,6251
Brunei Darussalam,BRN,2014,0.003039826,6219
Brunei Darussalam,BRN,2015,0.003039826,6061
Brunei Darussalam,BRN,2016,0.003039826,5897
Brunei Darussalam,BRN,2017,0.003039826,6561
Brunei Darussalam,BRN,2018,0.003039826,6646
Brunei Darussalam,BRN,2019,0.003039826,7127
Brunei Darussalam,BRN,2020,0.003039826,7589
Brunei Darussalam,BRN,2021,0.003151518,7302
Botswana,BWA,1995,0.005055449,1126
Botswana,BWA,1996,0.005055449,1058
Botswana,BWA,1997,0.005055449,1173
Botswana,BWA,1998,0.005055449,1295
Botswana,BWA,1999,0.005055449,1387
Botswana,BWA,2000,0.005055449,1827
Botswana,BWA,2001,0.005055449,1388
Botswana,BWA,2002,0.005055449,854
Botswana,BWA,2003,0.005055449,1167
Botswana,BWA,2004,0.005055449,1640
Botswana,BWA,2005,0.005055449,1664
Botswana,BWA,2006,0.005055449,1992
Botswana,BWA,2007,0.005055449,2506
Botswana,BWA,2008,0.005055449,2474
Botswana,BWA,2009,0.005055449,3012
Botswana,BWA,2010,0.005055449,3351
Botswana,BWA,2011,0.005055449,4113
Botswana,BWA,2012,0.005055449,3538
Botswana,BWA,2013,0.005055449,3684
Botswana,BWA,2014,0.005055449,3862
Botswana,BWA,2015,0.005055449,3612
Botswana,BWA,2016,0.005055449,5042
Botswana,BWA,2017,0.005055449,5228
Botswana,BWA,2018,0.005055449,5173
Botswana,BWA,2019,0.005055449,5454
Botswana,BWA,2020,0.005055449,5733
Botswana,BWA,2021,0.005840432,5011
Canada,CAN,1995,0.009972292,123181
Canada,CAN,1996,0.009972292,132978
Canada,CAN,1997,0.009972292,135944
Canada,CAN,1998,0.009972292,143345
Canada,CAN,1999,0.009972292,174990
Canada,CAN,2000,0.009972292,325020
Canada,CAN,2001,0.009972292,317369
Canada,CAN,2002,0.009972292,290473
Canada,CAN,2003,0.009972292,439940
Canada,CAN,2004,0.009972292,544147
Canada,CAN,2005,0.009972292,638650
Canada,CAN,2006,0.009972292,706901
Canada,CAN,2007,0.009972292,1032966
Canada,CAN,2008,0.009972292,620191
Canada,CAN,2009,0.009972292,867387
Canada,CAN,2010,0.009972292,983889
Canada,CAN,2011,0.009972292,862698
Canada,CAN,2012,0.009972292,953503
Canada,CAN,2013,0.009972292,982529
Canada,CAN,2014,0.009972292,994712
Canada,CAN,2015,0.009972292,806298
Canada,CAN,2016,0.009972292,903453
Canada,CAN,2017,0.009972292,963583
Canada,CAN,2018,0.009972292,965461
Canada,CAN,2019,0.009972292,1387443
Canada,CAN,2020,0.009972292,1297537
Canada,CAN,2021,0.009972292,1621548
Switzerland,CHE,1995,0.01392125,57063
Switzerland,CHE,1996,0.01392125,53918
Switzerland,CHE,1997,0.01392125,59519
Switzerland,CHE,1998,0.01392125,71995
Switzerland,CHE,1999,0.01392125,75995
Switzerland,CHE,2000,0.01392125,101635
Switzerland,CHE,2001,0.01392125,103773
Switzerland,CHE,2002,0.01392125,143618
Switzerland,CHE,2003,0.01392125,184199
Switzerland,CHE,2004,0.01392125,222693
Switzerland,CHE,2005,0.01392125,192342
Switzerland,CHE,2006,0.01392125,293730
Switzerland,CHE,2007,0.01392125,381391
Switzerland,CHE,2008,0.01392125,478224
Switzerland,CHE,2009,0.01392125,532405
Switzerland,CHE,2010,0.01392125,648092
Switzerland,CHE,2011,0.01392125,720566
Switzerland,CHE,2012,0.01392125,781079
Switzerland,CHE,2013,0.01392125,822051
Switzerland,CHE,2014,0.01392125,720407
Switzerland,CHE,2015,0.01392125,799390
Switzerland,CHE,2016,0.01392125,992127
Switzerland,CHE,2017,0.01392125,1125690
Switzerland,CHE,2018,0.01392125,1075642
Switzerland,CHE,2019,0.01392125,1098783
Switzerland,CHE,2020,0.01392125,1183579
Switzerland,CHE,2021,0.010162421,1064351
Chile,CHL,1995,0.00103694,24437
Chile,CHL,1996,0.00103694,29252
Chile,CHL,1997,0.00103694,34523
Chile,CHL,1998,0.00103694,37630
Chile,CHL,1999,0.00103694,43498
Chile,CHL,2000,0.00103694,45753
Chile,CHL,2001,0.00103694,43482
Chile,CHL,2002,0.00103694,42311
Chile,CHL,2003,0.00103694,54570
Chile,CHL,2004,0.00103694,65629
Chile,CHL,2005,0.00103694,78599
Chile,CHL,2006,0.00103694,84535
Chile,CHL,2007,0.00103694,107583
Chile,CHL,2008,0.00103694,101737
Chile,CHL,2009,0.00103694,129274
Chile,CHL,2010,0.00103694,160904
Chile,CHL,2011,0.00103694,173243
Chile,CHL,2012,0.00103694,179320
Chile,CHL,2013,0.00103694,190785
Chile,CHL,2014,0.00103694,205015
Chile,CHL,2015,0.00103694,207888
Chile,CHL,2016,0.00103694,222752
Chile,CHL,2017,0.00103694,245716
Chile,CHL,2018,0.00103694,241029
Chile,CHL,2019,0.00103694,245468
Chile,CHL,2020,0.00103694,248932
Chile,CHL,2021,0.00101194,238534
Colombia,COL,1995,0.002352644,6407
Colombia,COL,1996,0.002352644,11773
Colombia,COL,1997,0.002352644,19694
Colombia,COL,1998,0.002352644,16645
Colombia,COL,1999,0.002352644,13424
Colombia,COL,2000,0.002352644,11157
Colombia,COL,2001,0.002352644,15377
Colombia,COL,2002,0.002352644,18032
Colombia,COL,2003,0.002352644,20540
Colombia,COL,2004,0.002352644,24883
Colombia,COL,2005,0.002352644,36987
Colombia,COL,2006,0.002352644,45406
Colombia,COL,2007,0.002352644,56463
Colombia,COL,2008,0.002352644,67266
Colombia,COL,2009,0.002352644,75986
Colombia,COL,2010,0.002352644,82991
Colombia,COL,2011,0.002352644,97379
Colombia,COL,2012,0.002352644,112949
Colombia,COL,2013,0.002352644,128213
Colombia,COL,2014,0.002352644,141810
Colombia,COL,2015,0.002352644,149073
Colombia,COL,2016,0.002352644,164428
Colombia,COL,2017,0.002352644,179334
Colombia,COL,2018,0.002352644,188833
Colombia,COL,2019,0.002352644,204916
Colombia,COL,2020,0.002352644,212299
Colombia,COL,2021,0.002352644,219677
Costa Rica,CRI,1995,0.002412555,409
Costa Rica,CRI,1996,0.002412555,836
Costa Rica,CRI,1997,0.002412555,1221
Costa Rica,CRI,1998,0.002412555,1759
Costa Rica,CRI,1999,0.002412555,2365
Costa Rica,CRI,2000,0.002412555,2809
Costa Rica,CRI,2001,0.002412555,3411
Costa Rica,CRI,2002,0.002412555,4236
Costa Rica,CRI,2003,0.002412555,4930
Costa Rica,CRI,2004,0.002412555,5946
Costa Rica,CRI,2005,0.002412555,7175
Costa Rica,CRI,2006,0.002412555,8843
Costa Rica,CRI,2007,0.002412555,10820
Costa Rica,CRI,2008,0.002412555,13110
Costa Rica,CRI,2009,0.002412555,14552
Costa Rica,CRI,2010,0.002412555,15936
Costa Rica,CRI,2011,0.002412555,18096
Costa Rica,CRI,2012,0.002412555,20606
Costa Rica,CRI,2013,0.002412555,24112
Costa Rica,CRI,2014,0.002412555,27571
Costa Rica,CRI,2015,0.002412555,30860
Costa Rica,CRI,2016,0.002412555,34213
Costa Rica,CRI,2017,0.002412555,37546
Costa Rica,CRI,2018,0.002412555,40755
Costa Rica,CRI,2019,0.002412555,44077
Costa Rica,CRI,2020,0.002412555,46112
Costa Rica,CRI,2021,0.002449326,49213
Czechia,CZE,1995,0.002026875,7350
Czechia,CZE,1996,0.002026875,8572
Czechia,CZE,1997,0.002026875,9234
Czechia,CZE,1998,0.002026875,14375
Czechia,CZE,1999,0.002026875,17552
Czechia,CZE,2000,0.002026875,21644
Czechia,CZE,2001,0.002026875,27092
Czechia,CZE,2002,0.002026875,38669
Czechia,CZE,2003,0.002026875,45287
Czechia,CZE,2004,0.002026875,57259
Czechia,CZE,2005,0.002026875,60662
Czechia,CZE,2006,0.002026875,79841
Czechia,CZE,2007,0.002026875,112408
Czechia,CZE,2008,0.002026875,113174
Czechia,CZE,2009,0.002026875,125827
Czechia,CZE,2010,0.002026875,128504
Czechia,CZE,2011,0.002026875,120569
Czechia,CZE,2012,0.002026875,136493
Czechia,CZE,2013,0.002026875,134085
Czechia,CZE,2014,0.002026875,121512
Czechia,CZE,2015,0.002026875,116628
Czechia,CZE,2016,0.002026875,121855
Czechia,CZE,2017,0.002026875,155994
Czechia,CZE,2018,0.002026875,164225
Czechia,CZE,2019,0.002026875,171334
Czechia,CZE,2020,0.002026875,195240
Czechia,CZE,2021,0.00228225,200468
Germany,DEU,1995,0.001465167,312576
Germany,DEU,1996,0.001465167,316600
Germany,DEU,1997,0.001465167,314306
Germany,DEU,1998,0.001465167,403622
Germany,DEU,1999,0.001465167,235254
Germany,DEU,2000,0.001465167,470938
Germany,DEU,2001,0.001465167,424308
Germany,DEU,2002,0.001465167,538019
Germany,DEU,2003,0.001465167,686717
Germany,DEU,2004,0.001465167,727999
Germany,DEU,2005,0.001465167,640058
Germany,DEU,2006,0.001465167,799247
Germany,DEU,2007,0.001465167,952220
Germany,DEU,2008,0.001465167,914509
Germany,DEU,2009,0.001465167,963511
Germany,DEU,2010,0.001465167,955881
Germany,DEU,2011,0.001465167,997727
Germany,DEU,2012,0.001465167,1077019
Germany,DEU,2013,0.001465167,967688
Germany,DEU,2014,0.001465167,859565
Germany,DEU,2015,0.001465167,781718
Germany,DEU,2016,0.001465167,794527
Germany,DEU,2017,0.001465167,963099
Germany,DEU,2018,0.001465167,940577
Germany,DEU,2019,0.001465167,963566
Germany,DEU,2020,0.001465167,1153099
Germany,DEU,2021,0.001465167,1105424
Denmark,DNK,1995,0.002265,23801
Denmark,DNK,1996,0.002265,22340
Denmark,DNK,1997,0.002265,22268
Denmark,DNK,1998,0.002265,35694
Denmark,DNK,1999,0.002265,47643
Denmark,DNK,2000,0.002265,73574
Denmark,DNK,2001,0.002265,75438
Denmark,DNK,2002,0.002265,82799
Denmark,DNK,2003,0.002265,100191
Denmark,DNK,2004,0.002265,71707
Denmark,DNK,2005,0.002265,72402
Denmark,DNK,2006,0.002265,89727
Denmark,DNK,2007,0.002265,107610
Denmark,DNK,2008,0.002265,77216
Denmark,DNK,2009,0.002265,81904
Denmark,DNK,2010,0.002265,81408
Denmark,DNK,2011,0.002265,86386
Denmark,DNK,2012,0.002265,88233
Denmark,DNK,2013,0.002265,84764
Denmark,DNK,2014,0.002265,66451
Denmark,DNK,2015,0.002265,68263
Denmark,DNK,2016,0.002265,62975
Denmark,DNK,2017,0.002265,79577
Denmark,DNK,2018,0.002265,79602
Denmark,DNK,2019,0.002265,116281
Denmark,DNK,2020,0.002265,145850
Denmark,DNK,2021,0.001530556,138845
Algeria,DZA,1995,0.020836938,1671
Algeria,DZA,1996,0.020836938,1941
Algeria,DZA,1997,0.020836938,2201
Algeria,DZA,1998,0.020836938,2807
Algeria,DZA,1999,0.020836938,3099
Algeria,DZA,2000,0.020836938,3379
Algeria,DZA,2001,0.020836938,4492
Algeria,DZA,2002,0.020836938,5557
Algeria,DZA,2003,0.020836938,6195
Algeria,DZA,2004,0.020836938,7080
Algeria,DZA,2005,0.020836938,8225
Algeria,DZA,2006,0.020836938,10114
Algeria,DZA,2007,0.020836938,11857
Algeria,DZA,2008,0.020836938,14489
Algeria,DZA,2009,0.020836938,17243
Algeria,DZA,2010,0.020836938,19545
Algeria,DZA,2011,0.020836938,23536
Algeria,DZA,2012,0.020836938,25035
Algeria,DZA,2013,0.020836938,26732
Algeria,DZA,2014,0.020836938,28239
Algeria,DZA,2015,0.020836938,27654
Algeria,DZA,2016,0.020836938,29291
Algeria,DZA,2017,0.020836938,30523
Algeria,DZA,2018,0.020836938,31998
Algeria,DZA,2019,0.020836938,33379
Algeria,DZA,2020,0.020836938,34519
Algeria,DZA,2021,0.007855537,35389
Egypt,EGY,1995,0.009346336,14690
Egypt,EGY,1996,0.009346336,15326
Egypt,EGY,1997,0.009346336,16578
Egypt,EGY,1998,0.009346336,17654
Egypt,EGY,1999,0.009346336,18719
Egypt,EGY,2000,0.009346336,19955
Egypt,EGY,2001,0.009346336,20465
Egypt,EGY,2002,0.009346336,21112
Egypt,EGY,2003,0.009346336,21349
Egypt,EGY,2004,0.009346336,23506
Egypt,EGY,2005,0.009346336,28882
Egypt,EGY,2006,0.009346336,38925
Egypt,EGY,2007,0.009346336,50503
Egypt,EGY,2008,0.009346336,59997
Egypt,EGY,2009,0.009346336,66709
Egypt,EGY,2010,0.009346336,73095
Egypt,EGY,2011,0.009346336,72612
Egypt,EGY,2012,0.009346336,78643
Egypt,EGY,2013,0.009346336,82893
Egypt,EGY,2014,0.009346336,87485
Egypt,EGY,2015,0.009346336,94307
Egypt,EGY,2016,0.009346336,102324
Egypt,EGY,2017,0.009346336,109677
Egypt,EGY,2018,0.009346336,117728
Egypt,EGY,2019,0.009346336,126639
Egypt,EGY,2020,0.009346336,132477
Egypt,EGY,2021,0.010057543,137543
Spain,ESP,1995,0.000803558,105723
Spain,ESP,1996,0.000803558,110224
Spain,ESP,1997,0.000803558,106007
Spain,ESP,1998,0.000803558,126060
Spain,ESP,1999,0.000803558,125361
Spain,ESP,2000,0.000803558,156348
Spain,ESP,2001,0.000803558,177254
Spain,ESP,2002,0.000803558,257106
Spain,ESP,2003,0.000803558,339652
Spain,ESP,2004,0.000803558,407472
Spain,ESP,2005,0.000803558,384538
Spain,ESP,2006,0.000803558,461528
Spain,ESP,2007,0.000803558,585857
Spain,ESP,2008,0.000803558,588901
Spain,ESP,2009,0.000803558,632246
Spain,ESP,2010,0.000803558,628341
Spain,ESP,2011,0.000803558,628950
Spain,ESP,2012,0.000803558,592267
Spain,ESP,2013,0.000803558,583447
Spain,ESP,2014,0.000803558,540287
Spain,ESP,2015,0.000803558,513621
Spain,ESP,2016,0.000803558,468449
Spain,ESP,2017,0.000803558,594282
Spain,ESP,2018,0.000803558,628784
Spain,ESP,2019,0.000803558,651467
Spain,ESP,2020,0.000803558,748989
Spain,ESP,2021,0.000803558,763245
Estonia,EST,1995,0.00287,674
Estonia,EST,1996,0.00287,821
Estonia,EST,1997,0.00287,1161
Estonia,EST,1998,0.00287,1822
Estonia,EST,1999,0.00287,2465
Estonia,EST,2000,0.00287,2645
Estonia,EST,2001,0.00287,3149
Estonia,EST,2002,0.00287,4231
Estonia,EST,2003,0.00287,7014
Estonia,EST,2004,0.00287,10045
Estonia,EST,2005,0.00287,11192
Estonia,EST,2006,0.00287,12119
Estonia,EST,2007,0.00287,15671
Estonia,EST,2008,0.00287,15449
Estonia,EST,2009,0.00287,15841
Estonia,EST,2010,0.00287,15551
Estonia,EST,2011,0.00287,16350
Estonia,EST,2012,0.00287,18936
Estonia,EST,2013,0.00287,21780
Estonia,EST,2014,0.00287,20376
Estonia,EST,2015,0.00287,18384
Estonia,EST,2016,0.00287,19039
Estonia,EST,2017,0.00287,23261
Estonia,EST,2018,0.00287,24316
Estonia,EST,2019,0.00287,27377
Estonia,EST,2020,0.00287,33202
Estonia,EST,2021,0.00287,35019
Finland,FIN,1995,0.001620625,8155
Finland,FIN,1996,0.001620625,8609
Finland,FIN,1997,0.001620625,9594
Finland,FIN,1998,0.001620625,16455
Finland,FIN,1999,0.001620625,18320
Finland,FIN,2000,0.001620625,24273
Finland,FIN,2001,0.001620625,24070
Finland,FIN,2002,0.001620625,33987
Finland,FIN,2003,0.001620625,50257
Finland,FIN,2004,0.001620625,57379
Finland,FIN,2005,0.001620625,54802
Finland,FIN,2006,0.001620625,70569
Finland,FIN,2007,0.001620625,91703
Finland,FIN,2008,0.001620625,83534
Finland,FIN,2009,0.001620625,85163
Finland,FIN,2010,0.001620625,86698
Finland,FIN,2011,0.001620625,89232
Finland,FIN,2012,0.001620625,96641
Finland,FIN,2013,0.001620625,88806
Finland,FIN,2014,0.001620625,93052
Finland,FIN,2015,0.001620625,81658
Finland,FIN,2016,0.001620625,79932
Finland,FIN,2017,0.001620625,89985
Finland,FIN,2018,0.001620625,72072
Finland,FIN,2019,0.001620625,85821
Finland,FIN,2020,0.001620625,90301
Finland,FIN,2021,0.001620625,85919
France,FRA,1995,0.001149531,233126
France,FRA,1996,0.001149531,314647
France,FRA,1997,0.001149531,328951
France,FRA,1998,0.001149531,454046
France,FRA,1999,0.001149531,597283
France,FRA,2000,0.001149531,184215
France,FRA,2001,0.001149531,195513
France,FRA,2002,0.001149531,251729
France,FRA,2003,0.001149531,345577
France,FRA,2004,0.001149531,403441
France,FRA,2005,0.001149531,371447
France,FRA,2006,0.001149531,493763
France,FRA,2007,0.001149531,623625
France,FRA,2008,0.001149531,563005
France,FRA,2009,0.001149531,648012
France,FRA,2010,0.001149531,630710
France,FRA,2011,0.001149531,698871
France,FRA,2012,0.001149531,680410
France,FRA,2013,0.001149531,804773
France,FRA,2014,0.001149531,715554
France,FRA,2015,0.001149531,701052
France,FRA,2016,0.001149531,702363
France,FRA,2017,0.001149531,846845
France,FRA,2018,0.001149531,801678
France,FRA,2019,0.001149531,835976
France,FRA,2020,0.001149531,959493
France,FRA,2021,0.001242257,946520
United Kingdom,GBR,1995,0.00293,199772
United Kingdom,GBR,1996,0.00293,228643
United Kingdom,GBR,1997,0.00293,252959
United Kingdom,GBR,1998,0.00293,337386
United Kingdom,GBR,1999,0.00293,385146
United Kingdom,GBR,2000,0.00293,439458
United Kingdom,GBR,2001,0.00293,479681
United Kingdom,GBR,2002,0.00293,491596
United Kingdom,GBR,2003,0.00293,570596
United Kingdom,GBR,2004,0.00293,659807
United Kingdom,GBR,2005,0.00293,788150
United Kingdom,GBR,2006,0.00293,1035206
United Kingdom,GBR,2007,0.00293,1124650
United Kingdom,GBR,2008,0.00293,911162
United Kingdom,GBR,2009,0.00293,1026226
United Kingdom,GBR,2010,0.00293,1068187
United Kingdom,GBR,2011,0.00293,1157504
United Kingdom,GBR,2012,0.00293,1440494
United Kingdom,GBR,2013,0.00293,1512554
United Kingdom,GBR,2014,0.00293,1581501
United Kingdom,GBR,2015,0.00293,1530629
United Kingdom,GBR,2016,0.00293,1460614
United Kingdom,GBR,2017,0.00293,1881476
United Kingdom,GBR,2018,0.00293,1996777
United Kingdom,GBR,2019,0.00293,2152764
United Kingdom,GBR,2020,0.00293,2575605
United Kingdom,GBR,2021,0.0001,2689966
Georgia,GEO,1995,0.004658333,32
Georgia,GEO,1996,0.004658333,68
Georgia,GEO,1997,0.004658333,246
Georgia,GEO,1998,0.004658333,512
Georgia,GEO,1999,0.004658333,631
Georgia,GEO,2000,0.004658333,762
Georgia,GEO,2001,0.004658333,879
Georgia,GEO,2002,0.004658333,1049
Georgia,GEO,2003,0.004658333,1395
Georgia,GEO,2004,0.004658333,1913
Georgia,GEO,2005,0.004658333,2396
Georgia,GEO,2006,0.004658333,3599
Georgia,GEO,2007,0.004658333,5448
Georgia,GEO,2008,0.004658333,6918
Georgia,GEO,2009,0.004658333,7598
Georgia,GEO,2010,0.004658333,8518
Georgia,GEO,2011,0.004658333,9767
Georgia,GEO,2012,0.004658333,10725
Georgia,GEO,2013,0.004658333,11904
Georgia,GEO,2014,0.004658333,13464
Georgia,GEO,2015,0.004658333,13772
Georgia,GEO,2016,0.004658333,15188
Georgia,GEO,2017,0.004658333,18024
Georgia,GEO,2018,0.004658333,18425
Georgia,GEO,2019,0.004658333,19467
Georgia,GEO,2020,0.004658333,18735
Georgia,GEO,2021,0.007783333,19462
Greece,GRC,1995,0.001236016,10971
Greece,GRC,1996,0.001236016,12029
Greece,GRC,1997,0.001236016,13013
Greece,GRC,1998,0.001236016,13084
Greece,GRC,1999,0.001236016,15890
Greece,GRC,2000,0.001236016,14113
Greece,GRC,2001,0.001236016,13941
Greece,GRC,2002,0.001236016,15561
Greece,GRC,2003,0.001236016,22454
Greece,GRC,2004,0.001236016,28482
Greece,GRC,2005,0.001236016,29189
Greece,GRC,2006,0.001236016,41288
Greece,GRC,2007,0.001236016,53221
Greece,GRC,2008,0.001236016,38119
Greece,GRC,2009,0.001236016,42097
Greece,GRC,2010,0.001236016,35026
Greece,GRC,2011,0.001236016,29060
Greece,GRC,2012,0.001236016,24765
Greece,GRC,2013,0.001236016,25850
Greece,GRC,2014,0.001236016,21550
Greece,GRC,2015,0.001236016,24081
Greece,GRC,2016,0.001236016,24615
Greece,GRC,2017,0.001236016,33403
Greece,GRC,2018,0.001236016,35743
Greece,GRC,2019,0.001236016,45158
Greece,GRC,2020,0.001236016,39086
Greece,GRC,2021,0.001236016,43479
Croatia,HRV,1995,0.00244875,496
Croatia,HRV,1996,0.00244875,988
Croatia,HRV,1997,0.00244875,2136
Croatia,HRV,1998,0.00244875,1932
Croatia,HRV,1999,0.00244875,2564
Croatia,HRV,2000,0.00244875,2785
Croatia,HRV,2001,0.00244875,3544
Croatia,HRV,2002,0.00244875,5507
Croatia,HRV,2003,0.00244875,7665
Croatia,HRV,2004,0.00244875,11435
Croatia,HRV,2005,0.00244875,13684
Croatia,HRV,2006,0.00244875,24872
Croatia,HRV,2007,0.00244875,44214
Croatia,HRV,2008,0.00244875,30645
Croatia,HRV,2009,0.00244875,35970
Croatia,HRV,2010,0.00244875,34967
Croatia,HRV,2011,0.00244875,31742
Croatia,HRV,2012,0.00244875,33126
Croatia,HRV,2013,0.00244875,33650
Croatia,HRV,2014,0.00244875,33284
Croatia,HRV,2015,0.00244875,27427
Croatia,HRV,2016,0.00244875,29354
Croatia,HRV,2017,0.00244875,35949
Croatia,HRV,2018,0.00244875,35504
Croatia,HRV,2019,0.00244875,38974
Croatia,HRV,2020,0.00244875,42335
Croatia,HRV,2021,0.002570333,44049
Hungary,HUN,1995,0.002681944,11304
Hungary,HUN,1996,0.002681944,13282
Hungary,HUN,1997,0.002681944,17968
Hungary,HUN,1998,0.002681944,20733
Hungary,HUN,1999,0.002681944,23260
Hungary,HUN,2000,0.002681944,22870
Hungary,HUN,2001,0.002681944,27407
Hungary,HUN,2002,0.002681944,36224
Hungary,HUN,2003,0.002681944,48340
Hungary,HUN,2004,0.002681944,61567
Hungary,HUN,2005,0.002681944,61110
Hungary,HUN,2006,0.002681944,80153
Hungary,HUN,2007,0.002681944,95469
Hungary,HUN,2008,0.002681944,88551
Hungary,HUN,2009,0.002681944,100207
Hungary,HUN,2010,0.002681944,91723
Hungary,HUN,2011,0.002681944,88056
Hungary,HUN,2012,0.002681944,105322
Hungary,HUN,2013,0.002681944,109318
Hungary,HUN,2014,0.002681944,99452
Hungary,HUN,2015,0.002681944,84987
Hungary,HUN,2016,0.002681944,80835
Hungary,HUN,2017,0.002681944,90225
Hungary,HUN,2018,0.002681944,88612
Hungary,HUN,2019,0.002681944,90784
Hungary,HUN,2020,0.002681944,98929
Hungary,HUN,2021,0.002681944,102725
Indonesia,IDN,2003,0.005091922,10328
Indonesia,IDN,2004,0.005091922,15858
Indonesia,IDN,2005,0.005091922,41187
Indonesia,IDN,2006,0.005091922,54534
Indonesia,IDN,2007,0.005091922,79927
Indonesia,IDN,2008,0.005091922,72228
Indonesia,IDN,2009,0.005091922,108796
Indonesia,IDN,2010,0.005091922,160735
Indonesia,IDN,2011,0.005091922,184804
Indonesia,IDN,2012,0.005091922,211635
Indonesia,IDN,2013,0.005091922,230799
Indonesia,IDN,2014,0.005091922,217487
Indonesia,IDN,2015,0.005091922,222410
Indonesia,IDN,2016,0.005091922,249859
Indonesia,IDN,2017,0.005091922,231492
Indonesia,IDN,2018,0.005091922,225720
Indonesia,IDN,2019,0.005091922,235348
Indonesia,IDN,2020,0.005091922,240564
Indonesia,IDN,2021,0.004426447,259697
India,IND,1995,0.004179537,5641
India,IND,1996,0.004179537,8166
India,IND,1997,0.004179537,9719
India,IND,1998,0.004179537,13077
India,IND,1999,0.004179537,15052
India,IND,2000,0.004179537,16339
India,IND,2001,0.004179537,19676
India,IND,2002,0.004179537,25826
India,IND,2003,0.004179537,32549
India,IND,2004,0.004179537,38060
India,IND,2005,0.004179537,43202
India,IND,2006,0.004179537,70870
India,IND,2007,0.004179537,105790
India,IND,2008,0.004179537,125212
India,IND,2009,0.004179537,171218
India,IND,2010,0.004179537,205580
India,IND,2011,0.004179537,206354
India,IND,2012,0.004179537,224985
India,IND,2013,0.004179537,226549
India,IND,2014,0.004179537,253120
India,IND,2015,0.004179537,282617
India,IND,2016,0.004179537,318320
India,IND,2017,0.004179537,377246
India,IND,2018,0.004179537,386169
India,IND,2019,0.004179537,426959
India,IND,2020,0.004179537,480127
India,IND,2021,0.004036257,514130
Ireland,IRL,1995,0.002453333,44187
Ireland,IRL,1996,0.002453333,46804
Ireland,IRL,1997,0.002453333,47970
Ireland,IRL,1998,0.002453333,62205
Ireland,IRL,1999,0.002453333,72815
Ireland,IRL,2000,0.002453333,127089
Ireland,IRL,2001,0.002453333,134052
Ireland,IRL,2002,0.002453333,182897
Ireland,IRL,2003,0.002453333,222837
Ireland,IRL,2004,0.002453333,207647
Ireland,IRL,2005,0.002453333,163530
Ireland,IRL,2006,0.002453333,156491
Ireland,IRL,2007,0.002453333,203683
Ireland,IRL,2008,0.002453333,188290
Ireland,IRL,2009,0.002453333,250103
Ireland,IRL,2010,0.002453333,285575
Ireland,IRL,2011,0.002453333,290495
Ireland,IRL,2012,0.002453333,383204
Ireland,IRL,2013,0.002453333,442869
Ireland,IRL,2014,0.002453333,466202
Ireland,IRL,2015,0.002453333,920371
Ireland,IRL,2016,0.002453333,859344
Ireland,IRL,2017,0.002453333,1112824
Ireland,IRL,2018,0.002453333,1081207
Ireland,IRL,2019,0.002453333,1271895
Ireland,IRL,2020,0.002453333,1423311
Ireland,IRL,2021,0.002453333,1424741
Iceland,ISL,1995,0.025668333,129
Iceland,ISL,1996,0.025668333,199
Iceland,ISL,1997,0.025668333,336
Iceland,ISL,1998,0.025668333,466
Iceland,ISL,1999,0.025668333,478
Iceland,ISL,2000,0.025668333,497
Iceland,ISL,2001,0.025668333,686
Iceland,ISL,2002,0.025668333,798
Iceland,ISL,2003,0.025668333,1193
Iceland,ISL,2004,0.025668333,2077
Iceland,ISL,2005,0.025668333,4689
Iceland,ISL,2006,0.025668333,7667
Iceland,ISL,2007,0.025668333,16419
Iceland,ISL,2008,0.025668333,9208
Iceland,ISL,2009,0.025668333,8629
Iceland,ISL,2010,0.025668333,11784
Iceland,ISL,2011,0.025668333,12656
Iceland,ISL,2012,0.025668333,10367
Iceland,ISL,2013,0.025668333,7367
Iceland,ISL,2014,0.025668333,7889
Iceland,ISL,2015,0.025668333,7851
Iceland,ISL,2016,0.025668333,9841
Iceland,ISL,2017,0.025668333,10130
Iceland,ISL,2018,0.025668333,8751
Iceland,ISL,2019,0.025668333,8012
Iceland,ISL,2020,0.025668333,7343
Iceland,ISL,2021,0.025668333,9656
Israel,ISR,1995,0.005819095,5893
Israel,ISR,1996,0.005819095,7376
Israel,ISR,1997,0.005819095,9045
Israel,ISR,1998,0.005819095,10418
Israel,ISR,1999,0.005819095,17743
Israel,ISR,2000,0.005819095,20426
Israel,ISR,2001,0.005819095,18939
Israel,ISR,2002,0.005819095,17886
Israel,ISR,2003,0.005819095,22653
Israel,ISR,2004,0.005819095,24876
Israel,ISR,2005,0.005819095,30811
Israel,ISR,2006,0.005819095,43373
Israel,ISR,2007,0.005819095,49089
Israel,ISR,2008,0.005819095,48248
Israel,ISR,2009,0.005819095,56253
Israel,ISR,2010,0.005819095,60086
Israel,ISR,2011,0.005819095,64842
Israel,ISR,2012,0.005819095,75805
Israel,ISR,2013,0.005819095,86531
Israel,ISR,2014,0.005819095,89620
Israel,ISR,2015,0.005819095,99313
Israel,ISR,2016,0.005819095,107483
Israel,ISR,2017,0.005819095,127161
Israel,ISR,2018,0.005819095,143971
Israel,ISR,2019,0.005819095,161397
Israel,ISR,2020,0.005819095,182629
Israel,ISR,2021,0.005819095,221501
Italy,ITA,1995,0.003697143,65350
Italy,ITA,1996,0.003697143,74640
Italy,ITA,1997,0.003697143,85468
Italy,ITA,1998,0.003697143,108822
Italy,ITA,1999,0.003697143,117334
Italy,ITA,2000,0.003697143,122533
Italy,ITA,2001,0.003697143,114801
Italy,ITA,2002,0.003697143,134743
Italy,ITA,2003,0.003697143,188164
Italy,ITA,2004,0.003697143,231791
Italy,ITA,2005,0.003697143,237474
Italy,ITA,2006,0.003697143,312464
Italy,ITA,2007,0.003697143,376513
Italy,ITA,2008,0.003697143,327911
Italy,ITA,2009,0.003697143,364427
Italy,ITA,2010,0.003697143,328058
Italy,ITA,2011,0.003697143,355126
Italy,ITA,2012,0.003697143,375029
Italy,ITA,2013,0.003697143,364959
Italy,ITA,2014,0.003697143,352502
Italy,ITA,2015,0.003697143,340466
Italy,ITA,2016,0.003697143,352634
Italy,ITA,2017,0.003697143,422185
Italy,ITA,2018,0.003697143,429761
Italy,ITA,2019,0.003697143,436349
Italy,ITA,2020,0.003697143,480250
Italy,ITA,2021,0.003697143,443585
Jordan,JOR,1995,0.008813079,1379
Jordan,JOR,1996,0.008813079,1394
Jordan,JOR,1997,0.008813079,1755
Jordan,JOR,1998,0.008813079,2065
Jordan,JOR,1999,0.008813079,2222
Jordan,JOR,2000,0.008813079,3135
Jordan,JOR,2001,0.008813079,3428
Jordan,JOR,2002,0.008813079,3964
Jordan,JOR,2003,0.008813079,5004
Jordan,JOR,2004,0.008813079,8316
Jordan,JOR,2005,0.008813079,13229
Jordan,JOR,2006,0.008813079,12713
Jordan,JOR,2007,0.008813079,19013
Jordan,JOR,2008,0.008813079,20406
Jordan,JOR,2009,0.008813079,20761
Jordan,JOR,2010,0.008813079,21899
Jordan,JOR,2011,0.008813079,23385
Jordan,JOR,2012,0.008813079,24933
Jordan,JOR,2013,0.008813079,26946
Jordan,JOR,2014,0.008813079,29059
Jordan,JOR,2015,0.008813079,30629
Jordan,JOR,2016,0.008813079,32163
Jordan,JOR,2017,0.008813079,34250
Jordan,JOR,2018,0.008813079,35114
Jordan,JOR,2019,0.008813079,35760
Jordan,JOR,2020,0.008813079,36590
Jordan,JOR,2021,0.009294401,38372
Japan,JPN,1995,0.001667672,33531
Japan,JPN,1996,0.001667672,29940
Japan,JPN,1997,0.001667672,27080
Japan,JPN,1998,0.001667672,26064
Japan,JPN,1999,0.001667672,46115
Japan,JPN,2000,0.001667672,50323
Japan,JPN,2001,0.001667672,50320
Japan,JPN,2002,0.001667672,78143
Japan,JPN,2003,0.001667672,89729
Japan,JPN,2004,0.001667672,96987
Japan,JPN,2005,0.001667672,100901
Japan,JPN,2006,0.001667672,107636
Japan,JPN,2007,0.001667672,132854
Japan,JPN,2008,0.001667672,203374
Japan,JPN,2009,0.001667672,200144
Japan,JPN,2010,0.001667672,214880
Japan,JPN,2011,0.001667672,225787
Japan,JPN,2012,0.001667672,205752
Japan,JPN,2013,0.001667672,170710
Japan,JPN,2014,0.001667672,171663
Japan,JPN,2015,0.001667672,174146
Japan,JPN,2016,0.001667672,196614
Japan,JPN,2017,0.001667672,202441
Japan,JPN,2018,0.001667672,204524
Japan,JPN,2019,0.001667672,223810
Japan,JPN,2020,0.001667672,250070
Japan,JPN,2021,0.001667672,241125
Kazakhstan,KAZ,1995,0.002364236,2895
Kazakhstan,KAZ,1996,0.002364236,4032
Kazakhstan,KAZ,1997,0.002364236,5354
Kazakhstan,KAZ,1998,0.002364236,6505
Kazakhstan,KAZ,1999,0.002364236,7977
Kazakhstan,KAZ,2000,0.002364236,10078
Kazakhstan,KAZ,2001,0.002364236,12917
Kazakhstan,KAZ,2002,0.002364236,15464
Kazakhstan,KAZ,2003,0.002364236,17587
Kazakhstan,KAZ,2004,0.002364236,22376
Kazakhstan,KAZ,2005,0.002364236,25607
Kazakhstan,KAZ,2006,0.002364236,32879
Kazakhstan,KAZ,2007,0.002364236,44590
Kazakhstan,KAZ,2008,0.002364236,59035
Kazakhstan,KAZ,2009,0.002364236,71846
Kazakhstan,KAZ,2010,0.002364236,82648
Kazakhstan,KAZ,2011,0.002364236,107396
Kazakhstan,KAZ,2012,0.002364236,119944
Kazakhstan,KAZ,2013,0.002364236,125218
Kazakhstan,KAZ,2014,0.002364236,132127
Kazakhstan,KAZ,2015,0.002364236,133334
Kazakhstan,KAZ,2016,0.002364236,143065
Kazakhstan,KAZ,2017,0.002364236,146756
Kazakhstan,KAZ,2018,0.002364236,150638
Kazakhstan,KAZ,2019,0.002364236,152557
Kazakhstan,KAZ,2020,0.002364236,151910
Kazakhstan,KAZ,2021,0.002425391,152664
Kenya,KEN,1995,0.008780327,732
Kenya,KEN,1996,0.008780327,743
Kenya,KEN,1997,0.008780327,796
Kenya,KEN,1998,0.008780327,807
Kenya,KEN,1999,0.008780327,821
Kenya,KEN,2000,0.008780327,932
Kenya,KEN,2001,0.008780327,937
Kenya,KEN,2002,0.008780327,965
Kenya,KEN,2003,0.008780327,1046
Kenya,KEN,2004,0.008780327,1092
Kenya,KEN,2005,0.008780327,1114
Kenya,KEN,2006,0.008780327,1986
Kenya,KEN,2007,0.008780327,3600
Kenya,KEN,2008,0.008780327,3526
Kenya,KEN,2009,0.008780327,4838
Kenya,KEN,2010,0.008780327,4967
Kenya,KEN,2011,0.008780327,5437
Kenya,KEN,2012,0.008780327,4377
Kenya,KEN,2013,0.008780327,5267
Kenya,KEN,2014,0.008780327,5903
Kenya,KEN,2015,0.008780327,5757
Kenya,KEN,2016,0.008780327,6152
Kenya,KEN,2017,0.008780327,6739
Kenya,KEN,2018,0.008780327,8546
Kenya,KEN,2019,0.008780327,9293
Kenya,KEN,2020,0.008780327,9796
Kenya,KEN,2021,0.008780327,9813
Kyrgyzstan,KGZ,1995,0.014289063,144
Kyrgyzstan,KGZ,1996,0.014289063,191
Kyrgyzstan,KGZ,1997,0.014289063,274
Kyrgyzstan,KGZ,1998,0.014289063,383
Kyrgyzstan,KGZ,1999,0.014289063,428
Kyrgyzstan,KGZ,2000,0.014289063,432
Kyrgyzstan,KGZ,2001,0.014289063,427
Kyrgyzstan,KGZ,2002,0.014289063,479
Kyrgyzstan,KGZ,2003,0.014289063,532
Kyrgyzstan,KGZ,2004,0.014289063,582
Kyrgyzstan,KGZ,2005,0.014289063,627
Kyrgyzstan,KGZ,2006,0.014289063,750
Kyrgyzstan,KGZ,2007,0.014289063,983
Kyrgyzstan,KGZ,2008,0.014289063,1380
Kyrgyzstan,KGZ,2009,0.014289063,1429
Kyrgyzstan,KGZ,2010,0.014289063,1698
Kyrgyzstan,KGZ,2011,0.014289063,2413
Kyrgyzstan,KGZ,2012,0.014289063,3553
Kyrgyzstan,KGZ,2013,0.014289063,3319
Kyrgyzstan,KGZ,2014,0.014289063,3553
Kyrgyzstan,KGZ,2015,0.014289063,4638
Kyrgyzstan,KGZ,2016,0.014289063,5246
Kyrgyzstan,KGZ,2017,0.014289063,3960
Kyrgyzstan,KGZ,2018,0.014289063,5299
Kyrgyzstan,KGZ,2019,0.014289063,5912
Kyrgyzstan,KGZ,2020,0.014289063,5499
Kyrgyzstan,KGZ,2021,0.014289063,5637
Cambodia,KHM,1995,0.00514386,356
Cambodia,KHM,1996,0.00514386,942
Cambodia,KHM,1997,0.00514386,956
Cambodia,KHM,1998,0.00514386,1199
Cambodia,KHM,1999,0.00514386,1431
Cambodia,KHM,2000,0.00514386,1580
Cambodia,KHM,2001,0.00514386,1729
Cambodia,KHM,2002,0.00514386,1874
Cambodia,KHM,2003,0.00514386,1958
Cambodia,KHM,2004,0.00514386,2090
Cambodia,KHM,2005,0.00514386,2471
Cambodia,KHM,2006,0.00514386,2954
Cambodia,KHM,2007,0.00514386,3063
Cambodia,KHM,2008,0.00514386,3940
Cambodia,KHM,2009,0.00514386,4924
Cambodia,KHM,2010,0.00514386,9026
Cambodia,KHM,2011,0.00514386,11431
Cambodia,KHM,2012,0.00514386,14296
Cambodia,KHM,2013,0.00514386,17293
Cambodia,KHM,2014,0.00514386,20066
Cambodia,KHM,2015,0.00514386,21901
Cambodia,KHM,2016,0.00514386,24377
Cambodia,KHM,2017,0.00514386,27049
Cambodia,KHM,2018,0.00514386,30370
Cambodia,KHM,2019,0.00514386,33987
Cambodia,KHM,2020,0.00514386,37486
Cambodia,KHM,2021,0.00514386,41025
Lebanon,LBN,1995,0.012246486,138
Lebanon,LBN,1996,0.012246486,218
Lebanon,LBN,1997,0.012246486,2018
Lebanon,LBN,1998,0.012246486,3153
Lebanon,LBN,1999,0.012246486,4024
Lebanon,LBN,2000,0.012246486,14233
Lebanon,LBN,2001,0.012246486,15687
Lebanon,LBN,2002,0.012246486,17023
Lebanon,LBN,2003,0.012246486,19883
Lebanon,LBN,2004,0.012246486,22367
Lebanon,LBN,2005,0.012246486,25688
Lebanon,LBN,2006,0.012246486,28820
Lebanon,LBN,2007,0.012246486,32196
Lebanon,LBN,2008,0.012246486,36198
Lebanon,LBN,2009,0.012246486,40577
Lebanon,LBN,2010,0.012246486,44285
Lebanon,LBN,2011,0.012246486,47422
Lebanon,LBN,2012,0.012246486,50533
Lebanon,LBN,2013,0.012246486,53194
Lebanon,LBN,2014,0.012246486,56057
Lebanon,LBN,2015,0.012246486,58216
Lebanon,LBN,2016,0.012246486,60785
Lebanon,LBN,2017,0.012246486,63307
Lebanon,LBN,2018,0.012246486,65965
Lebanon,LBN,2019,0.012246486,67871
Lebanon,LBN,2020,0.012246486,69477
Lebanon,LBN,2021,0.003968071,70077
Libya,LBY,1995,0.065491071,766
Libya,LBY,1996,0.065491071,654
Libya,LBY,1997,0.065491071,586
Libya,LBY,1998,0.065491071,459
Libya,LBY,1999,0.065491071,330
Libya,LBY,2000,0.065491071,471
Libya,LBY,2001,0.065491071,338
Libya,LBY,2002,0.065491071,483
Libya,LBY,2003,0.065491071,626
Libya,LBY,2004,0.065491071,983
Libya,LBY,2005,0.065491071,2021
Libya,LBY,2006,0.065491071,4085
Libya,LBY,2007,0.065491071,7935
Libya,LBY,2008,0.065491071,11115
Libya,LBY,2009,0.065491071,14425
Libya,LBY,2010,0.065491071,16334
Libya,LBY,2011,0.065491071,16334
Libya,LBY,2012,0.065491071,17759
Libya,LBY,2013,0.065491071,18461
Libya,LBY,2014,0.065491071,18462
Libya,LBY,2015,0.065491071,18462
Libya,LBY,2016,0.065491071,18462
Libya,LBY,2017,0.065491071,18462
Libya,LBY,2018,0.065491071,18462
Libya,LBY,2019,0.065491071,18462
Libya,LBY,2020,0.065491071,18462
Libya,LBY,2021,0.065491071,18462
Lesotho,LSO,1995,0.017068033,179
Lesotho,LSO,1996,0.017068033,207
Lesotho,LSO,1997,0.017068033,239
Lesotho,LSO,1998,0.017068033,265
Lesotho,LSO,1999,0.017068033,298
Lesotho,LSO,2000,0.017068033,330
Lesotho,LSO,2001,0.017068033,358
Lesotho,LSO,2002,0.017068033,385
Lesotho,LSO,2003,0.017068033,427
Lesotho,LSO,2004,0.017068033,480
Lesotho,LSO,2005,0.017068033,193
Lesotho,LSO,2006,0.017068033,128
Lesotho,LSO,2007,0.017068033,487
Lesotho,LSO,2008,0.017068033,446
Lesotho,LSO,2009,0.017068033,847
Lesotho,LSO,2010,0.017068033,929
Lesotho,LSO,2011,0.017068033,697
Lesotho,LSO,2012,0.017068033,434
Lesotho,LSO,2013,0.017068033,618
Lesotho,LSO,2014,0.017068033,615
Lesotho,LSO,2015,0.017068033,572
Lesotho,LSO,2016,0.017068033,1124
Lesotho,LSO,2017,0.017068033,1094
Lesotho,LSO,2018,0.017068033,1139
Lesotho,LSO,2019,0.017068033,1157
Lesotho,LSO,2020,0.017068033,1129
Lesotho,LSO,2021,0.015659586,1024
Lithuania,LTU,1995,0.002151786,352
Lithuania,LTU,1996,0.002151786,700
Lithuania,LTU,1997,0.002151786,1041
Lithuania,LTU,1998,0.002151786,1625
Lithuania,LTU,1999,0.002151786,2063
Lithuania,LTU,2000,0.002151786,2334
Lithuania,LTU,2001,0.002151786,2665
Lithuania,LTU,2002,0.002151786,3981
Lithuania,LTU,2003,0.002151786,4960
Lithuania,LTU,2004,0.002151786,6553
Lithuania,LTU,2005,0.002151786,8450
Lithuania,LTU,2006,0.002151786,11620
Lithuania,LTU,2007,0.002151786,15652
Lithuania,LTU,2008,0.002151786,13268
Lithuania,LTU,2009,0.002151786,14824
Lithuania,LTU,2010,0.002151786,15455
Lithuania,LTU,2011,0.002151786,16147
Lithuania,LTU,2012,0.002151786,17727
Lithuania,LTU,2013,0.002151786,19525
Lithuania,LTU,2014,0.002151786,16555
Lithuania,LTU,2015,0.002151786,15747
Lithuania,LTU,2016,0.002151786,15604
Lithuania,LTU,2017,0.002151786,19302
Lithuania,LTU,2018,0.002151786,19109
Lithuania,LTU,2019,0.002151786,21354
Lithuania,LTU,2020,0.002151786,24860
Lithuania,LTU,2021,0.002151786,27356
Luxembourg,LUX,2002,0.001146667,39075
Luxembourg,LUX,2003,0.001146667,59100
Luxembourg,LUX,2004,0.001146667,76150
Luxembourg,LUX,2005,0.001146667,64729
Luxembourg,LUX,2006,0.001146667,84845
Luxembourg,LUX,2007,0.001146667,137380
Luxembourg,LUX,2008,0.001146667,125128
Luxembourg,LUX,2009,0.001146667,172217
Luxembourg,LUX,2010,0.001146667,172257
Luxembourg,LUX,2011,0.001146667,225725
Luxembourg,LUX,2012,0.001146667,168354
Luxembourg,LUX,2013,0.001146667,181234
Luxembourg,LUX,2014,0.001146667,111368
Luxembourg,LUX,2015,0.001146667,265661
Luxembourg,LUX,2016,0.001146667,220064
Luxembourg,LUX,2017,0.001146667,208391
Luxembourg,LUX,2018,0.001146667,177559
Luxembourg,LUX,2019,0.001146667,283039
Luxembourg,LUX,2020,0.001146667,1439590
Luxembourg,LUX,2021,0.001301,1428983
Latvia,LVA,1995,0.001201786,615
Latvia,LVA,1996,0.001201786,936
Latvia,LVA,1997,0.001201786,1271
Latvia,LVA,1998,0.001201786,1557
Latvia,LVA,1999,0.001201786,1796
Latvia,LVA,2000,0.001201786,1691
Latvia,LVA,2001,0.001201786,1863
Latvia,LVA,2002,0.001201786,2438
Latvia,LVA,2003,0.001201786,3185
Latvia,LVA,2004,0.001201786,4529
Latvia,LVA,2005,0.001201786,4906
Latvia,LVA,2006,0.001201786,7510
Latvia,LVA,2007,0.001201786,10991
Latvia,LVA,2008,0.001201786,11309
Latvia,LVA,2009,0.001201786,11519
Latvia,LVA,2010,0.001201786,10869
Latvia,LVA,2011,0.001201786,12062
Latvia,LVA,2012,0.001201786,13488
Latvia,LVA,2013,0.001201786,15904
Latvia,LVA,2014,0.001201786,15130
Latvia,LVA,2015,0.001201786,14733
Latvia,LVA,2016,0.001201786,14326
Latvia,LVA,2017,0.001201786,17679
Latvia,LVA,2018,0.001201786,17557
Latvia,LVA,2019,0.001201786,18031
Latvia,LVA,2020,0.001201786,20614
Latvia,LVA,2021,0.001201786,24034
Morocco,MAR,1995,0.002498333,5126
Morocco,MAR,1996,0.002498333,5448
Morocco,MAR,1997,0.002498333,6655
Morocco,MAR,1998,0.002498333,7056
Morocco,MAR,1999,0.002498333,8419
Morocco,MAR,2000,0.002498333,8842
Morocco,MAR,2001,0.002498333,11649
Morocco,MAR,2002,0.002498333,12130
Morocco,MAR,2003,0.002498333,17106
Morocco,MAR,2004,0.002498333,19883
Morocco,MAR,2005,0.002498333,20752
Morocco,MAR,2006,0.002498333,29939
Morocco,MAR,2007,0.002498333,38613
Morocco,MAR,2008,0.002498333,39388
Morocco,MAR,2009,0.002498333,42581
Morocco,MAR,2010,0.002498333,45082
Morocco,MAR,2011,0.002498333,44516
Morocco,MAR,2012,0.002498333,45246
Morocco,MAR,2013,0.002498333,51816
Morocco,MAR,2014,0.002498333,51192
Morocco,MAR,2015,0.002498333,49671
Morocco,MAR,2016,0.002498333,54784
Morocco,MAR,2017,0.002498333,63205
Morocco,MAR,2018,0.002498333,64135
Morocco,MAR,2019,0.002498333,66551
Morocco,MAR,2020,0.002498333,71975
Morocco,MAR,2021,0.002453571,72994
Madagascar,MDG,1995,0.005976437,172
Madagascar,MDG,1996,0.005976437,183
Madagascar,MDG,1997,0.005976437,196
Madagascar,MDG,1998,0.005976437,212
Madagascar,MDG,1999,0.005976437,271
Madagascar,MDG,2000,0.005976437,141
Madagascar,MDG,2001,0.005976437,143
Madagascar,MDG,2002,0.005976437,181
Madagascar,MDG,2003,0.005976437,259
Madagascar,MDG,2004,0.005976437,257
Madagascar,MDG,2005,0.005976437,246
Madagascar,MDG,2006,0.005976437,739
Madagascar,MDG,2007,0.005976437,1773
Madagascar,MDG,2008,0.005976437,2787
Madagascar,MDG,2009,0.005976437,3948
Madagascar,MDG,2010,0.005976437,4383
Madagascar,MDG,2011,0.005976437,4915
Madagascar,MDG,2012,0.005976437,5730
Madagascar,MDG,2013,0.005976437,6378
Madagascar,MDG,2014,0.005976437,7089
Madagascar,MDG,2015,0.005976437,5976
Madagascar,MDG,2016,0.005976437,6225
Madagascar,MDG,2017,0.005976437,7074
Madagascar,MDG,2018,0.005976437,6707
Madagascar,MDG,2019,0.005976437,5698
Madagascar,MDG,2020,0.005976437,4101
Madagascar,MDG,2021,0.005969971,3792
Mexico,MEX,1995,0.006516536,41130
Mexico,MEX,1996,0.006516536,46912
Mexico,MEX,1997,0.006516536,55810
Mexico,MEX,1998,0.006516536,63610
Mexico,MEX,1999,0.006516536,88470
Mexico,MEX,2000,0.006516536,121691
Mexico,MEX,2001,0.006516536,159607
Mexico,MEX,2002,0.006516536,164330
Mexico,MEX,2003,0.006516536,175260
Mexico,MEX,2004,0.006516536,206784
Mexico,MEX,2005,0.006516536,248181
Mexico,MEX,2006,0.006516536,277460
Mexico,MEX,2007,0.006516536,311821
Mexico,MEX,2008,0.006516536,280878
Mexico,MEX,2009,0.006516536,286620
Mexico,MEX,2010,0.006516536,355512
Mexico,MEX,2011,0.006516536,336179
Mexico,MEX,2012,0.006516536,426101
Mexico,MEX,2013,0.006516536,469236
Mexico,MEX,2014,0.006516536,456569
Mexico,MEX,2015,0.006516536,430576
Mexico,MEX,2016,0.006516536,433834
Mexico,MEX,2017,0.006516536,497533
Mexico,MEX,2018,0.006516536,516485
Mexico,MEX,2019,0.006516536,567016
Mexico,MEX,2020,0.006516536,544430
Mexico,MEX,2021,0.006516536,592221
North Macedonia,MKD,1995,0.007341667,87
North Macedonia,MKD,1996,0.007341667,98
North Macedonia,MKD,1997,0.007341667,156
North Macedonia,MKD,1998,0.007341667,315
North Macedonia,MKD,1999,0.007341667,362
North Macedonia,MKD,2000,0.007341667,540
North Macedonia,MKD,2001,0.007341667,916
North Macedonia,MKD,2002,0.007341667,1217
North Macedonia,MKD,2003,0.007341667,1632
North Macedonia,MKD,2004,0.007341667,2193
North Macedonia,MKD,2005,0.007341667,2087
North Macedonia,MKD,2006,0.007341667,2764
North Macedonia,MKD,2007,0.007341667,3747
North Macedonia,MKD,2008,0.007341667,4132
North Macedonia,MKD,2009,0.007341667,4525
North Macedonia,MKD,2010,0.007341667,4351
North Macedonia,MKD,2011,0.007341667,4678
North Macedonia,MKD,2012,0.007341667,4863
North Macedonia,MKD,2013,0.007341667,5489
North Macedonia,MKD,2014,0.007341667,4885
North Macedonia,MKD,2015,0.007341667,4790
North Macedonia,MKD,2016,0.007341667,4909
North Macedonia,MKD,2017,0.007341667,5634
North Macedonia,MKD,2018,0.007341667,6077
North Macedonia,MKD,2019,0.007341667,6408
North Macedonia,MKD,2020,0.007341667,7181
North Macedonia,MKD,2021,0.007341667,7133
Myanmar,MMR,1995,0.004322695,1214
Myanmar,MMR,1996,0.004322695,1794
Myanmar,MMR,1997,0.004322695,2673
Myanmar,MMR,1998,0.004322695,3357
Myanmar,MMR,1999,0.004322695,3661
Myanmar,MMR,2000,0.004322695,3752
Myanmar,MMR,2001,0.004322695,3767
Myanmar,MMR,2002,0.004322695,3785
Myanmar,MMR,2003,0.004322695,5640
Myanmar,MMR,2004,0.004322695,6370
Myanmar,MMR,2005,0.004322695,6480
Myanmar,MMR,2006,0.004322695,7205
Myanmar,MMR,2007,0.004322695,7207
Myanmar,MMR,2008,0.004322695,7810
Myanmar,MMR,2009,0.004322695,7837
Myanmar,MMR,2010,0.004322695,14507
Myanmar,MMR,2011,0.004322695,15625
Myanmar,MMR,2012,0.004322695,16121
Myanmar,MMR,2013,0.004322695,16706
Myanmar,MMR,2014,0.004322695,17652
Myanmar,MMR,2015,0.004322695,20476
Myanmar,MMR,2016,0.004322695,23406
Myanmar,MMR,2017,0.004322695,27814
Myanmar,MMR,2018,0.004322695,30706
Myanmar,MMR,2019,0.004322695,33215
Myanmar,MMR,2020,0.004322695,35122
Myanmar,MMR,2021,0.004275795,37189
Montenegro,MNE,2010,0.004040625,4231
Montenegro,MNE,2011,0.004040625,4209
Montenegro,MNE,2012,0.004040625,4707
Montenegro,MNE,2013,0.004040625,5192
Montenegro,MNE,2014,0.004040625,4897
Montenegro,MNE,2015,0.004040625,4881
Montenegro,MNE,2016,0.004040625,4579
Montenegro,MNE,2017,0.004040625,5368
Montenegro,MNE,2018,0.004040625,5341
Montenegro,MNE,2019,0.004040625,5418
Montenegro,MNE,2020,0.004040625,5723
Montenegro,MNE,2021,0.004040625,5321
Mongolia,MNG,1995,0.02225,38
Mongolia,MNG,1996,0.02225,54
Mongolia,MNG,1997,0.02225,79
Mongolia,MNG,1998,0.02225,97
Mongolia,MNG,1999,0.02225,128
Mongolia,MNG,2000,0.02225,182
Mongolia,MNG,2001,0.02225,3187
Mongolia,MNG,2002,0.02225,3265
Mongolia,MNG,2003,0.02225,3406
Mongolia,MNG,2004,0.02225,3493
Mongolia,MNG,2005,0.02225,3697
Mongolia,MNG,2006,0.02225,3953
Mongolia,MNG,2007,0.02225,4404
Mongolia,MNG,2008,0.02225,5217
Mongolia,MNG,2009,0.02225,6277
Mongolia,MNG,2010,0.02225,8445
Mongolia,MNG,2011,0.02225,13333
Mongolia,MNG,2012,0.02225,17668
Mongolia,MNG,2013,0.02225,19579
Mongolia,MNG,2014,0.02225,20247
Mongolia,MNG,2015,0.02225,20696
Mongolia,MNG,2016,0.02225,16277
Mongolia,MNG,2017,0.02225,18020
Mongolia,MNG,2018,0.02225,20223
Mongolia,MNG,2019,0.02225,22556
Mongolia,MNG,2020,0.02225,24207
Mongolia,MNG,2021,0.02225,26282
Mozambique,MOZ,1995,0.007926941,356
Mozambique,MOZ,1996,0.007926941,429
Mozambique,MOZ,1997,0.007926941,493
Mozambique,MOZ,1998,0.007926941,728
Mozambique,MOZ,1999,0.007926941,1110
Mozambique,MOZ,2000,0.007926941,1249
Mozambique,MOZ,2001,0.007926941,1505
Mozambique,MOZ,2002,0.007926941,1852
Mozambique,MOZ,2003,0.007926941,2189
Mozambique,MOZ,2004,0.007926941,2442
Mozambique,MOZ,2005,0.007926941,2578
Mozambique,MOZ,2006,0.007926941,2551
Mozambique,MOZ,2007,0.007926941,2961
Mozambique,MOZ,2008,0.007926941,3492
Mozambique,MOZ,2009,0.007926941,3609
Mozambique,MOZ,2010,0.007926941,4331
Mozambique,MOZ,2011,0.007926941,7722
Mozambique,MOZ,2012,0.007926941,13491
Mozambique,MOZ,2013,0.007926941,19947
Mozambique,MOZ,2014,0.007926941,24919
Mozambique,MOZ,2015,0.007926941,29276
Mozambique,MOZ,2016,0.007926941,35715
Mozambique,MOZ,2017,0.007926941,38034
Mozambique,MOZ,2018,0.007926941,40712
Mozambique,MOZ,2019,0.007926941,42893
Mozambique,MOZ,2020,0.007926941,46280
Mozambique,MOZ,2021,0.006948498,50068
Mauritius,MUS,1995,0.005481877,253
Mauritius,MUS,1996,0.005481877,290
Mauritius,MUS,1997,0.005481877,345
Mauritius,MUS,1998,0.005481877,357
Mauritius,MUS,1999,0.005481877,407
Mauritius,MUS,2000,0.005481877,683
Mauritius,MUS,2001,0.005481877,658
Mauritius,MUS,2002,0.005481877,690
Mauritius,MUS,2003,0.005481877,752
Mauritius,MUS,2004,0.005481877,763
Mauritius,MUS,2005,0.005481877,805
Mauritius,MUS,2006,0.005481877,910
Mauritius,MUS,2007,0.005481877,1249
Mauritius,MUS,2008,0.005481877,1632
Mauritius,MUS,2009,0.005481877,3016
Mauritius,MUS,2010,0.005481877,4658
Mauritius,MUS,2011,0.005481877,2999
Mauritius,MUS,2012,0.005481877,3218
Mauritius,MUS,2013,0.005481877,4345
Mauritius,MUS,2014,0.005481877,4180
Mauritius,MUS,2015,0.005481877,4364
Mauritius,MUS,2016,0.005481877,4617
Mauritius,MUS,2017,0.005481877,5222
Mauritius,MUS,2018,0.005481877,5490
Mauritius,MUS,2019,0.005481877,5780
Mauritius,MUS,2020,0.005481877,5630
Mauritius,MUS,2021,0.005241668,5681
Malawi,MWI,1995,0.011570648,230
Malawi,MWI,1996,0.011570648,246
Malawi,MWI,1997,0.011570648,260
Malawi,MWI,1998,0.011570648,273
Malawi,MWI,1999,0.011570648,332
Malawi,MWI,2000,0.011570648,358
Malawi,MWI,2001,0.011570648,381
Malawi,MWI,2002,0.011570648,345
Malawi,MWI,2003,0.011570648,248
Malawi,MWI,2004,0.011570648,409
Malawi,MWI,2005,0.011570648,553
Malawi,MWI,2006,0.011570648,828
Malawi,MWI,2007,0.011570648,1410
Malawi,MWI,2008,0.011570648,1886
Malawi,MWI,2009,0.011570648,941
Malawi,MWI,2010,0.011570648,963
Malawi,MWI,2011,0.011570648,1922
Malawi,MWI,2012,0.011570648,1276
Malawi,MWI,2013,0.011570648,534
Malawi,MWI,2014,0.011570648,762
Malawi,MWI,2015,0.011570648,714
Malawi,MWI,2016,0.011570648,1114
Malawi,MWI,2017,0.011570648,1306
Malawi,MWI,2018,0.011570648,1377
Malawi,MWI,2019,0.011570648,1454
Malawi,MWI,2020,0.011570648,1557
Malawi,MWI,2021,0.010316505,2071
Malaysia,MYS,1995,0.004089402,28731
Malaysia,MYS,1996,0.004089402,36028
Malaysia,MYS,1997,0.004089402,42351
Malaysia,MYS,1998,0.004089402,45065
Malaysia,MYS,1999,0.004089402,48960
Malaysia,MYS,2000,0.004089402,52747
Malaysia,MYS,2001,0.004089402,33972
Malaysia,MYS,2002,0.004089402,37542
Malaysia,MYS,2003,0.004089402,41188
Malaysia,MYS,2004,0.004089402,43047
Malaysia,MYS,2005,0.004089402,44460
Malaysia,MYS,2006,0.004089402,53710
Malaysia,MYS,2007,0.004089402,75763
Malaysia,MYS,2008,0.004089402,73601
Malaysia,MYS,2009,0.004089402,78995
Malaysia,MYS,2010,0.004089402,101620
Malaysia,MYS,2011,0.004089402,115064
Malaysia,MYS,2012,0.004089402,132656
Malaysia,MYS,2013,0.004089402,136028
Malaysia,MYS,2014,0.004089402,135798
Malaysia,MYS,2015,0.004089402,116744
Malaysia,MYS,2016,0.004089402,122030
Malaysia,MYS,2017,0.004089402,146602
Malaysia,MYS,2018,0.004089402,154576
Malaysia,MYS,2019,0.004089402,168059
Malaysia,MYS,2020,0.004089402,170682
Malaysia,MYS,2021,0.004033629,187257
Namibia,NAM,1995,0.00603261,1708
Namibia,NAM,1996,0.00603261,1473
Namibia,NAM,1997,0.00603261,1583
Namibia,NAM,1998,0.00603261,1444
Namibia,NAM,1999,0.00603261,1513
Namibia,NAM,2000,0.00603261,1276
Namibia,NAM,2001,0.00603261,715
Namibia,NAM,2002,0.00603261,1822
Namibia,NAM,2003,0.00603261,2952
Namibia,NAM,2004,0.00603261,4120
Namibia,NAM,2005,0.00603261,2453
Namibia,NAM,2006,0.00603261,2786
Namibia,NAM,2007,0.00603261,3854
Namibia,NAM,2008,0.00603261,3543
Namibia,NAM,2009,0.00603261,2780
Namibia,NAM,2010,0.00603261,3595
Namibia,NAM,2011,0.00603261,3793
Namibia,NAM,2012,0.00603261,3303
Namibia,NAM,2013,0.00603261,3447
Namibia,NAM,2014,0.00603261,3287
Namibia,NAM,2015,0.00603261,5221
Namibia,NAM,2016,0.00603261,6231
Namibia,NAM,2017,0.00603261,7241
Namibia,NAM,2018,0.00603261,6906
Namibia,NAM,2019,0.00603261,6827
Namibia,NAM,2020,0.00603261,7047
Namibia,NAM,2021,0.00581771,7191
Norway,NOR,1995,0.001492963,18800
Norway,NOR,1996,0.001492963,21001
Norway,NOR,1997,0.001492963,22486
Norway,NOR,1998,0.001492963,25618
Norway,NOR,1999,0.001492963,29430
Norway,NOR,2000,0.001492963,30265
Norway,NOR,2001,0.001492963,32669
Norway,NOR,2002,0.001492963,42781
Norway,NOR,2003,0.001492963,48967
Norway,NOR,2004,0.001492963,82655
Norway,NOR,2005,0.001492963,79136
Norway,NOR,2006,0.001492963,101141
Norway,NOR,2007,0.001492963,115688
Norway,NOR,2008,0.001492963,98689
Norway,NOR,2009,0.001492963,129067
Norway,NOR,2010,0.001492963,149108
Norway,NOR,2011,0.001492963,163916
Norway,NOR,2012,0.001492963,199881
Norway,NOR,2013,0.001492963,203405
Norway,NOR,2014,0.001492963,174629
Norway,NOR,2015,0.001492963,155611
Norway,NOR,2016,0.001492963,154261
Norway,NOR,2017,0.001492963,158953
Norway,NOR,2018,0.001492963,154214
Norway,NOR,2019,0.001492963,165606
Norway,NOR,2020,0.001492963,159764
Norway,NOR,2021,0.001345337,157651
New Zealand,NZL,1995,0.014279545,25728
New Zealand,NZL,1996,0.014279545,34744
New Zealand,NZL,1997,0.014279545,31507
New Zealand,NZL,1998,0.014279545,33191
New Zealand,NZL,1999,0.014279545,32875
New Zealand,NZL,2000,0.014279545,24101
New Zealand,NZL,2001,0.014279545,20378
New Zealand,NZL,2002,0.014279545,29880
New Zealand,NZL,2003,0.014279545,38194
New Zealand,NZL,2004,0.014279545,44315
New Zealand,NZL,2005,0.014279545,44094
New Zealand,NZL,2006,0.014279545,50120
New Zealand,NZL,2007,0.014279545,58967
New Zealand,NZL,2008,0.014279545,44113
New Zealand,NZL,2009,0.014279545,56458
New Zealand,NZL,2010,0.014279545,59738
New Zealand,NZL,2011,0.014279545,64432
New Zealand,NZL,2012,0.014279545,71577
New Zealand,NZL,2013,0.014279545,75343
New Zealand,NZL,2014,0.014279545,76622
New Zealand,NZL,2015,0.014279545,66480
New Zealand,NZL,2016,0.014279545,70095
New Zealand,NZL,2017,0.014279545,75325
New Zealand,NZL,2018,0.014279545,76012
New Zealand,NZL,2019,0.014279545,81281
New Zealand,NZL,2020,0.014279545,93191
New Zealand,NZL,2021,0.014279545,93204
Peru,PER,1995,0.001724375,5510
Peru,PER,1996,0.001724375,6720
Peru,PER,1997,0.001724375,7753
Peru,PER,1998,0.001724375,8297
Peru,PER,1999,0.001724375,9791
Peru,PER,2000,0.001724375,11062
Peru,PER,2001,0.001724375,11835
Peru,PER,2002,0.001724375,12549
Peru,PER,2003,0.001724375,12876
Peru,PER,2004,0.001724375,13310
Peru,PER,2005,0.001724375,15889
Peru,PER,2006,0.001724375,20484
Peru,PER,2007,0.001724375,26808
Peru,PER,2008,0.001724375,32340
Peru,PER,2009,0.001724375,34521
Peru,PER,2010,0.001724375,42976
Peru,PER,2011,0.001724375,50658
Peru,PER,2012,0.001724375,64281
Peru,PER,2013,0.001724375,74107
Peru,PER,2014,0.001724375,78643
Peru,PER,2015,0.001724375,86850
Peru,PER,2016,0.001724375,93308
Peru,PER,2017,0.001724375,99839
Peru,PER,2018,0.001724375,106600
Peru,PER,2019,0.001724375,112859
Peru,PER,2020,0.001724375,111671
Peru,PER,2021,0.001444375,117031
Philippines,PHL,1995,0.007907369,6730
Philippines,PHL,1996,0.007907369,8250
Philippines,PHL,1997,0.007907369,9499
Philippines,PHL,1998,0.007907369,11251
Philippines,PHL,1999,0.007907369,12429
Philippines,PHL,2000,0.007907369,13762
Philippines,PHL,2001,0.007907369,10385
Philippines,PHL,2002,0.007907369,11565
Philippines,PHL,2003,0.007907369,11411
Philippines,PHL,2004,0.007907369,12737
Philippines,PHL,2005,0.007907369,14978
Philippines,PHL,2006,0.007907369,16914
Philippines,PHL,2007,0.007907369,20463
Philippines,PHL,2008,0.007907369,21746
Philippines,PHL,2009,0.007907369,22931
Philippines,PHL,2010,0.007907369,25896
Philippines,PHL,2011,0.007907369,30995
Philippines,PHL,2012,0.007907369,36459
Philippines,PHL,2013,0.007907369,47276
Philippines,PHL,2014,0.007907369,56646
Philippines,PHL,2015,0.007907369,56767
Philippines,PHL,2016,0.007907369,62731
Philippines,PHL,2017,0.007907369,77100
Philippines,PHL,2018,0.007907369,80865
Philippines,PHL,2019,0.007907369,91593
Philippines,PHL,2020,0.007907369,100091
Philippines,PHL,2021,0.007883063,108049
Poland,POL,1995,0.006528125,7843
Poland,POL,1996,0.006528125,11463
Poland,POL,1997,0.006528125,14587
Poland,POL,1998,0.006528125,22461
Poland,POL,1999,0.006528125,26075
Poland,POL,2000,0.006528125,33477
Poland,POL,2001,0.006528125,40394
Poland,POL,2002,0.006528125,47295
Poland,POL,2003,0.006528125,56110
Poland,POL,2004,0.006528125,84102
Poland,POL,2005,0.006528125,86345
Poland,POL,2006,0.006528125,115792
Poland,POL,2007,0.006528125,164370
Poland,POL,2008,0.006528125,148417
Poland,POL,2009,0.006528125,167399
Poland,POL,2010,0.006528125,215615
Poland,POL,2011,0.006528125,181437
Poland,POL,2012,0.006528125,213626
Poland,POL,2013,0.006528125,237929
Poland,POL,2014,0.006528125,216879
Poland,POL,2015,0.006528125,189541
Poland,POL,2016,0.006528125,192307
Poland,POL,2017,0.006528125,243061
Poland,POL,2018,0.006528125,235298
Poland,POL,2019,0.006528125,248194
Poland,POL,2020,0.006528125,263000
Poland,POL,2021,0.006528125,280321
Portugal,PRT,1995,0.000852778,18592
Portugal,PRT,1996,0.000852778,20641
Portugal,PRT,1997,0.000852778,22610
Portugal,PRT,1998,0.000852778,30089
Portugal,PRT,1999,0.000852778,26911
Portugal,PRT,2000,0.000852778,34224
Portugal,PRT,2001,0.000852778,38188
Portugal,PRT,2002,0.000852778,50998
Portugal,PRT,2003,0.000852778,70799
Portugal,PRT,2004,0.000852778,58919
Portugal,PRT,2005,0.000852778,56711
Portugal,PRT,2006,0.000852778,77177
Portugal,PRT,2007,0.000852778,95866
Portugal,PRT,2008,0.000852778,79382
Portugal,PRT,2009,0.000852778,92508
Portugal,PRT,2010,0.000852778,90912
Portugal,PRT,2011,0.000852778,92320
Portugal,PRT,2012,0.000852778,105748
Portugal,PRT,2013,0.000852778,132039
Portugal,PRT,2014,0.000852778,123733
Portugal,PRT,2015,0.000852778,123506
Portugal,PRT,2016,0.000852778,123338
Portugal,PRT,2017,0.000852778,152703
Portugal,PRT,2018,0.000852778,148165
Portugal,PRT,2019,0.000852778,159355
Portugal,PRT,2020,0.000852778,177984
Portugal,PRT,2021,0.0009125,179941
Romania,ROU,1995,0.0037025,821
Romania,ROU,1996,0.0037025,1097
Romania,ROU,1997,0.0037025,2417
Romania,ROU,1998,0.0037025,4527
Romania,ROU,1999,0.0037025,5674
Romania,ROU,2000,0.0037025,6953
Romania,ROU,2001,0.0037025,8339
Romania,ROU,2002,0.0037025,7846
Romania,ROU,2003,0.0037025,12202
Romania,ROU,2004,0.0037025,20486
Romania,ROU,2005,0.0037025,25383
Romania,ROU,2006,0.0037025,44516
Romania,ROU,2007,0.0037025,61610
Romania,ROU,2008,0.0037025,64759
Romania,ROU,2009,0.0037025,70340
Romania,ROU,2010,0.0037025,68699
Romania,ROU,2011,0.0037025,69512
Romania,ROU,2012,0.0037025,76329
Romania,ROU,2013,0.0037025,83629
Romania,ROU,2014,0.0037025,75273
Romania,ROU,2015,0.0037025,70398
Romania,ROU,2016,0.0037025,74569
Romania,ROU,2017,0.0037025,90968
Romania,ROU,2018,0.0037025,92887
Romania,ROU,2019,0.0037025,99201
Romania,ROU,2020,0.0037025,111387
Romania,ROU,2021,0.005265,113559
Rwanda,RWA,1995,0.002040702,51
Rwanda,RWA,1996,0.002040702,53
Rwanda,RWA,1997,0.002040702,55
Rwanda,RWA,1998,0.002040702,63
Rwanda,RWA,1999,0.002040702,59
Rwanda,RWA,2000,0.002040702,55
Rwanda,RWA,2001,0.002040702,57
Rwanda,RWA,2002,0.002040702,57
Rwanda,RWA,2003,0.002040702,62
Rwanda,RWA,2004,0.002040702,69
Rwanda,RWA,2005,0.002040702,77
Rwanda,RWA,2006,0.002040702,88
Rwanda,RWA,2007,0.002040702,170
Rwanda,RWA,2008,0.002040702,274
Rwanda,RWA,2009,0.002040702,392
Rwanda,RWA,2010,0.002040702,422
Rwanda,RWA,2011,0.002040702,464
Rwanda,RWA,2012,0.002040702,583
Rwanda,RWA,2013,0.002040702,838
Rwanda,RWA,2014,0.002040702,1152
Rwanda,RWA,2015,0.002040702,1402
Rwanda,RWA,2016,0.002040702,1680
Rwanda,RWA,2017,0.002040702,1959
Rwanda,RWA,2018,0.002040702,2284
Rwanda,RWA,2019,0.002040702,2547
Rwanda,RWA,2020,0.002040702,2707
Rwanda,RWA,2021,0.002040702,2938
Saudi Arabia,SAU,1995,0.019516862,17056
Saudi Arabia,SAU,1996,0.019516862,17120
Saudi Arabia,SAU,1997,0.019516862,17177
Saudi Arabia,SAU,1998,0.019516862,17271
Saudi Arabia,SAU,1999,0.019516862,17394
Saudi Arabia,SAU,2000,0.019516862,17577
Saudi Arabia,SAU,2001,0.019516862,17281
Saudi Arabia,SAU,2002,0.019516862,17734
Saudi Arabia,SAU,2003,0.019516862,18512
Saudi Arabia,SAU,2004,0.019516862,20454
Saudi Arabia,SAU,2005,0.019516862,33535
Saudi Arabia,SAU,2006,0.019516862,50659
Saudi Arabia,SAU,2007,0.019516862,79470
Saudi Arabia,SAU,2008,0.019516862,84976
Saudi Arabia,SAU,2009,0.019516862,85412
Saudi Arabia,SAU,2010,0.019516862,90291
Saudi Arabia,SAU,2011,0.019516862,94975
Saudi Arabia,SAU,2012,0.019516862,100010
Saudi Arabia,SAU,2013,0.019516862,103382
Saudi Arabia,SAU,2014,0.019516862,104891
Saudi Arabia,SAU,2015,0.019516862,108861
Saudi Arabia,SAU,2016,0.019516862,132331
Saudi Arabia,SAU,2017,0.019516862,133817
Saudi Arabia,SAU,2018,0.019516862,146687
Saudi Arabia,SAU,2019,0.019516862,149174
Saudi Arabia,SAU,2020,0.019516862,152192
Saudi Arabia,SAU,2021,0.011413003,181532
Singapore,SGP,1995,0.004088281,65644
Singapore,SGP,1996,0.004088281,89494
Singapore,SGP,1997,0.004088281,74768
Singapore,SGP,1998,0.004088281,86840
Singapore,SGP,1999,0.004088281,102533
Singapore,SGP,2000,0.004088281,110570
Singapore,SGP,2001,0.004088281,116939
Singapore,SGP,2002,0.004088281,132058
Singapore,SGP,2003,0.004088281,144747
Singapore,SGP,2004,0.004088281,169433
Singapore,SGP,2005,0.004088281,194581
Singapore,SGP,2006,0.004088281,241585
Singapore,SGP,2007,0.004088281,323735
Singapore,SGP,2008,0.004088281,354770
Singapore,SGP,2009,0.004088281,409508
Singapore,SGP,2010,0.004088281,516593
Singapore,SGP,2011,0.004088281,540090
Singapore,SGP,2012,0.004088281,660778
Singapore,SGP,2013,0.004088281,715846
Singapore,SGP,2014,0.004088281,841859
Singapore,SGP,2015,0.004088281,896846
Singapore,SGP,2016,0.004088281,935076
Singapore,SGP,2017,0.004088281,1168812
Singapore,SGP,2018,0.004088281,1266051
Singapore,SGP,2019,0.004088281,1420221
Singapore,SGP,2020,0.004088281,1604529
Singapore,SGP,2021,0.004088281,1822679
Serbia,SRB,2008,0.006916667,19333
Serbia,SRB,2009,0.006916667,20870
Serbia,SRB,2010,0.006916667,22299
Serbia,SRB,2011,0.006916667,24675
Serbia,SRB,2012,0.006916667,26014
Serbia,SRB,2013,0.006916667,31490
Serbia,SRB,2014,0.006916667,29569
Serbia,SRB,2015,0.006916667,29073
Serbia,SRB,2016,0.006916667,30369
Serbia,SRB,2017,0.006916667,37788
Serbia,SRB,2018,0.006916667,40295
Serbia,SRB,2019,0.006916667,43826
Serbia,SRB,2020,0.006916667,52220
Serbia,SRB,2021,0.006906246,52223
Slovenia,SVN,1995,0.004698125,1808
Slovenia,SVN,1996,0.004698125,2019
Slovenia,SVN,1997,0.004698125,2208
Slovenia,SVN,1998,0.004698125,2765
Slovenia,SVN,1999,0.004698125,2687
Slovenia,SVN,2000,0.004698125,2389
Slovenia,SVN,2001,0.004698125,2522
Slovenia,SVN,2002,0.004698125,3973
Slovenia,SVN,2003,0.004698125,6150
Slovenia,SVN,2004,0.004698125,7213
Slovenia,SVN,2005,0.004698125,7056
Slovenia,SVN,2006,0.004698125,8856
Slovenia,SVN,2007,0.004698125,10939
Slovenia,SVN,2008,0.004698125,11966
Slovenia,SVN,2009,0.004698125,11277
Slovenia,SVN,2010,0.004698125,10667
Slovenia,SVN,2011,0.004698125,11490
Slovenia,SVN,2012,0.004698125,12203
Slovenia,SVN,2013,0.004698125,12269
Slovenia,SVN,2014,0.004698125,12386
Slovenia,SVN,2015,0.004698125,12642
Slovenia,SVN,2016,0.004698125,13672
Slovenia,SVN,2017,0.004698125,16738
Slovenia,SVN,2018,0.004698125,17466
Slovenia,SVN,2019,0.004698125,18175
Slovenia,SVN,2020,0.004698125,20448
Slovenia,SVN,2021,0.00465125,21268
Sweden,SWE,1995,0.002515833,31043
Sweden,SWE,1996,0.002515833,34835
Sweden,SWE,1997,0.002515833,41454
Sweden,SWE,1998,0.002515833,51003
Sweden,SWE,1999,0.002515833,73301
Sweden,SWE,2000,0.002515833,93791
Sweden,SWE,2001,0.002515833,91942
Sweden,SWE,2002,0.002515833,119145
Sweden,SWE,2003,0.002515833,160587
Sweden,SWE,2004,0.002515833,199562
Sweden,SWE,2005,0.002515833,173777
Sweden,SWE,2006,0.002515833,229992
Sweden,SWE,2007,0.002515833,297183
Sweden,SWE,2008,0.002515833,258148
Sweden,SWE,2009,0.002515833,309460
Sweden,SWE,2010,0.002515833,324478
Sweden,SWE,2011,0.002515833,327332
Sweden,SWE,2012,0.002515833,354496
Sweden,SWE,2013,0.002515833,350734
Sweden,SWE,2014,0.002515833,286071
Sweden,SWE,2015,0.002515833,286465
Sweden,SWE,2016,0.002515833,290084
Sweden,SWE,2017,0.002515833,335260
Sweden,SWE,2018,0.002515833,311775
Sweden,SWE,2019,0.002515833,322535
Sweden,SWE,2020,0.002515833,391783
Sweden,SWE,2021,0.002515833,403794
Eswatini,SWZ,1995,0.004261488,535
Eswatini,SWZ,1996,0.004261488,438
Eswatini,SWZ,1997,0.004261488,407
Eswatini,SWZ,1998,0.004261488,481
Eswatini,SWZ,1999,0.004261488,558
Eswatini,SWZ,2000,0.004261488,536
Eswatini,SWZ,2001,0.004261488,353
Eswatini,SWZ,2002,0.004261488,613
Eswatini,SWZ,2003,0.004261488,725
Eswatini,SWZ,2004,0.004261488,932
Eswatini,SWZ,2005,0.004261488,786
Eswatini,SWZ,2006,0.004261488,831
Eswatini,SWZ,2007,0.004261488,889
Eswatini,SWZ,2008,0.004261488,542
Eswatini,SWZ,2009,0.004261488,809
Eswatini,SWZ,2010,0.004261488,927
Eswatini,SWZ,2011,0.004261488,907
Eswatini,SWZ,2012,0.004261488,922
Eswatini,SWZ,2013,0.004261488,770
Eswatini,SWZ,2014,0.004261488,616
Eswatini,SWZ,2015,0.004261488,521
Eswatini,SWZ,2016,0.004261488,848
Eswatini,SWZ,2017,0.004261488,925
Eswatini,SWZ,2018,0.004261488,813
Eswatini,SWZ,2019,0.004261488,975
Eswatini,SWZ,2020,0.004261488,963
Eswatini,SWZ,2021,0.004261488,1096
Seychelles,SYC,1995,0.014991283,346
Seychelles,SYC,1996,0.014991283,366
Seychelles,SYC,1997,0.014991283,409
Seychelles,SYC,1998,0.014991283,436
Seychelles,SYC,1999,0.014991283,497
Seychelles,SYC,2000,0.014991283,515
Seychelles,SYC,2001,0.014991283,580
Seychelles,SYC,2002,0.014991283,628
Seychelles,SYC,2003,0.014991283,686
Seychelles,SYC,2004,0.014991283,723
Seychelles,SYC,2005,0.014991283,809
Seychelles,SYC,2006,0.014991283,955
Seychelles,SYC,2007,0.014991283,1136
Seychelles,SYC,2008,0.014991283,2900
Seychelles,SYC,2009,0.014991283,2940
Seychelles,SYC,2010,0.014991283,2960
Seychelles,SYC,2011,0.014991283,2977
Seychelles,SYC,2012,0.014991283,3019
Seychelles,SYC,2013,0.014991283,2340
Seychelles,SYC,2014,0.014991283,2570
Seychelles,SYC,2015,0.014991283,2764
Seychelles,SYC,2016,0.014991283,2919
Seychelles,SYC,2017,0.014991283,2916
Seychelles,SYC,2018,0.014991283,2845
Seychelles,SYC,2019,0.014991283,2882
Seychelles,SYC,2020,0.014991283,3085
Seychelles,SYC,2021,0.016306476,3098
Thailand,THA,1995,0.003386467,17684
Thailand,THA,1996,0.003386467,19706
Thailand,THA,1997,0.003386467,13333
Thailand,THA,1998,0.003386467,25481
Thailand,THA,1999,0.003386467,31114
Thailand,THA,2000,0.003386467,30944
Thailand,THA,2001,0.003386467,34098
Thailand,THA,2002,0.003386467,38778
Thailand,THA,2003,0.003386467,49702
Thailand,THA,2004,0.003386467,53861
Thailand,THA,2005,0.003386467,61413
Thailand,THA,2006,0.003386467,80238
Thailand,THA,2007,0.003386467,96248
Thailand,THA,2008,0.003386467,96636
Thailand,THA,2009,0.003386467,110061
Thailand,THA,2010,0.003386467,142334
Thailand,THA,2011,0.003386467,159239
Thailand,THA,2012,0.003386467,180047
Thailand,THA,2013,0.003386467,187313
Thailand,THA,2014,0.003386467,201887
Thailand,THA,2015,0.003386467,183279
Thailand,THA,2016,0.003386467,190888
Thailand,THA,2017,0.003386467,239317
Thailand,THA,2018,0.003386467,245048
Thailand,THA,2019,0.003386467,281374
Thailand,THA,2020,0.003386467,289647
Thailand,THA,2021,0.003386467,283378
Tajikistan,TJK,1995,0.005174123,40
Tajikistan,TJK,1996,0.005174123,58
Tajikistan,TJK,1997,0.005174123,76
Tajikistan,TJK,1998,0.005174123,106
Tajikistan,TJK,1999,0.005174123,113
Tajikistan,TJK,2000,0.005174123,136
Tajikistan,TJK,2001,0.005174123,146
Tajikistan,TJK,2002,0.005174123,182
Tajikistan,TJK,2003,0.005174123,213
Tajikistan,TJK,2004,0.005174123,251
Tajikistan,TJK,2005,0.005174123,18
Tajikistan,TJK,2006,0.005174123,207
Tajikistan,TJK,2007,0.005174123,618
Tajikistan,TJK,2008,0.005174123,1081
Tajikistan,TJK,2009,0.005174123,1120
Tajikistan,TJK,2010,0.005174123,1226
Tajikistan,TJK,2011,0.005174123,1328
Tajikistan,TJK,2012,0.005174123,1599
Tajikistan,TJK,2013,0.005174123,1846
Tajikistan,TJK,2014,0.005174123,1930
Tajikistan,TJK,2015,0.005174123,2279
Tajikistan,TJK,2016,0.005174123,2501
Tajikistan,TJK,2017,0.005174123,2705
Tajikistan,TJK,2018,0.005174123,2887
Tajikistan,TJK,2019,0.005174123,3047
Tajikistan,TJK,2020,0.005174123,3113
Tajikistan,TJK,2021,0.005174123,3066
Tunisia,TUN,1995,0.002199475,10967
Tunisia,TUN,1996,0.002199475,11181
Tunisia,TUN,1997,0.002199475,10629
Tunisia,TUN,1998,0.002199475,12237
Tunisia,TUN,1999,0.002199475,11432
Tunisia,TUN,2000,0.002199475,11545
Tunisia,TUN,2001,0.002199475,11519
Tunisia,TUN,2002,0.002199475,13861
Tunisia,TUN,2003,0.002199475,16239
Tunisia,TUN,2004,0.002199475,17844
Tunisia,TUN,2005,0.002199475,16840
Tunisia,TUN,2006,0.002199475,21832
Tunisia,TUN,2007,0.002199475,26193
Tunisia,TUN,2008,0.002199475,28525
Tunisia,TUN,2009,0.002199475,31277
Tunisia,TUN,2010,0.002199475,31364
Tunisia,TUN,2011,0.002199475,31543
Tunisia,TUN,2012,0.002199475,32604
Tunisia,TUN,2013,0.002199475,33772
Tunisia,TUN,2014,0.002199475,31562
Tunisia,TUN,2015,0.002199475,31772
Tunisia,TUN,2016,0.002199475,28940
Tunisia,TUN,2017,0.002199475,29516
Tunisia,TUN,2018,0.002199475,29987
Tunisia,TUN,2019,0.002199475,35310
Tunisia,TUN,2020,0.002199475,37955
Tunisia,TUN,2021,0.002199475,38933
Uganda,UGA,1995,0.006581302,277
Uganda,UGA,1996,0.006581302,317
Uganda,UGA,1997,0.006581302,459
Uganda,UGA,1998,0.006581302,591
Uganda,UGA,1999,0.006581302,667
Uganda,UGA,2000,0.006581302,807
Uganda,UGA,2001,0.006581302,959
Uganda,UGA,2002,0.006581302,1147
Uganda,UGA,2003,0.006581302,1349
Uganda,UGA,2004,0.006581302,1645
Uganda,UGA,2005,0.006581302,2024
Uganda,UGA,2006,0.006581302,2669
Uganda,UGA,2007,0.006581302,3461
Uganda,UGA,2008,0.006581302,4190
Uganda,UGA,2009,0.006581302,5031
Uganda,UGA,2010,0.006581302,5575
Uganda,UGA,2011,0.006581302,6470
Uganda,UGA,2012,0.006581302,7675
Uganda,UGA,2013,0.006581302,8771
Uganda,UGA,2014,0.006581302,9829
Uganda,UGA,2015,0.006581302,10369
Uganda,UGA,2016,0.006581302,10273
Uganda,UGA,2017,0.006581302,11532
Uganda,UGA,2018,0.006581302,13315
Uganda,UGA,2019,0.006581302,14084
Uganda,UGA,2020,0.006581302,13358
Uganda,UGA,2021,0.006581302,15032
Ukraine,UKR,1995,0.0111,897
Ukraine,UKR,1996,0.0111,1438
Ukraine,UKR,1997,0.0111,2064
Ukraine,UKR,1998,0.0111,2801
Ukraine,UKR,1999,0.0111,3248
Ukraine,UKR,2000,0.0111,3875
Ukraine,UKR,2001,0.0111,4801
Ukraine,UKR,2002,0.0111,5924
Ukraine,UKR,2003,0.0111,7566
Ukraine,UKR,2004,0.0111,9606
Ukraine,UKR,2005,0.0111,17209
Ukraine,UKR,2006,0.0111,23125
Ukraine,UKR,2007,0.0111,38059
Ukraine,UKR,2008,0.0111,46997
Ukraine,UKR,2009,0.0111,45354
Ukraine,UKR,2010,0.0111,52872
Ukraine,UKR,2011,0.0111,58654
Ukraine,UKR,2012,0.0111,65121
Ukraine,UKR,2013,0.0111,67031
Ukraine,UKR,2014,0.0111,49835
Ukraine,UKR,2015,0.0111,46009
Ukraine,UKR,2016,0.0111,47706
Ukraine,UKR,2017,0.0111,47765
Ukraine,UKR,2018,0.0111,46894
Ukraine,UKR,2019,0.0111,54210
Ukraine,UKR,2020,0.0111,52091
Ukraine,UKR,2021,0.009835714,65746
Uruguay,URY,1995,0.001968015,1128
Uruguay,URY,1996,0.001968015,1265
Uruguay,URY,1997,0.001968015,1391
Uruguay,URY,1998,0.001968015,1555
Uruguay,URY,1999,0.001968015,1790
Uruguay,URY,2000,0.001968015,2088
Uruguay,URY,2001,0.001968015,2406
Uruguay,URY,2002,0.001968015,1403
Uruguay,URY,2003,0.001968015,1800
Uruguay,URY,2004,0.001968015,2110
Uruguay,URY,2005,0.001968015,2844
Uruguay,URY,2006,0.001968015,3899
Uruguay,URY,2007,0.001968015,6356
Uruguay,URY,2008,0.001968015,7998
Uruguay,URY,2009,0.001968015,10668
Uruguay,URY,2010,0.001968015,12479
Uruguay,URY,2011,0.001968015,15147
Uruguay,URY,2012,0.001968015,28030
Uruguay,URY,2013,0.001968015,31181
Uruguay,URY,2014,0.001968015,33400
Uruguay,URY,2015,0.001968015,32523
Uruguay,URY,2016,0.001968015,30731
Uruguay,URY,2017,0.001968015,31316
Uruguay,URY,2018,0.001968015,30727
Uruguay,URY,2019,0.001968015,31655
Uruguay,URY,2020,0.001968015,30487
Uruguay,URY,2021,0.001968015,31808
United States,USA,1995,0.0020385,1005726
United States,USA,1996,0.0020385,1229118
United States,USA,1997,0.0020385,1637408
United States,USA,1998,0.0020385,2179035
United States,USA,1999,0.0020385,2798193
United States,USA,2000,0.0020385,2783235
United States,USA,2001,0.0020385,2560294
United States,USA,2002,0.0020385,2021817
United States,USA,2003,0.0020385,2454877
United States,USA,2004,0.0020385,2717383
United States,USA,2005,0.0020385,2817970
United States,USA,2006,0.0020385,3293053
United States,USA,2007,0.0020385,3551307
United States,USA,2008,0.0020385,2486446
United States,USA,2009,0.0020385,2995459
United States,USA,2010,0.0020385,3422293
United States,USA,2011,0.0020385,3498726
United States,USA,2012,0.0020385,3915805
United States,USA,2013,0.0020385,4948418
United States,USA,2014,0.0020385,5456888
United States,USA,2015,0.0020385,5731383
United States,USA,2016,0.0020385,6502750
United States,USA,2017,0.0020385,7806330
United States,USA,2018,0.0020385,7346877
United States,USA,2019,0.0020385,8951143
United States,USA,2020,0.0020385,10141194
United States,USA,2021,0.0020385,13085709
Uzbekistan,UZB,1995,0.015383929,106
Uzbekistan,UZB,1996,0.015383929,196
Uzbekistan,UZB,1997,0.015383929,363
Uzbekistan,UZB,1998,0.015383929,502
Uzbekistan,UZB,1999,0.015383929,624
Uzbekistan,UZB,2000,0.015383929,698
Uzbekistan,UZB,2001,0.015383929,781
Uzbekistan,UZB,2002,0.015383929,846
Uzbekistan,UZB,2003,0.015383929,929
Uzbekistan,UZB,2004,0.015383929,1106
Uzbekistan,UZB,2005,0.015383929,1297
Uzbekistan,UZB,2006,0.015383929,1471
Uzbekistan,UZB,2007,0.015383929,2176
Uzbekistan,UZB,2008,0.015383929,2888
Uzbekistan,UZB,2009,0.015383929,3730
Uzbekistan,UZB,2010,0.015383929,2564
Uzbekistan,UZB,2011,0.015383929,4124
Uzbekistan,UZB,2012,0.015383929,4740
Uzbekistan,UZB,2013,0.015383929,5408
Uzbekistan,UZB,2014,0.015383929,6160
Uzbekistan,UZB,2015,0.015383929,7136
Uzbekistan,UZB,2016,0.015383929,8661
Uzbekistan,UZB,2017,0.015383929,10045
Uzbekistan,UZB,2018,0.015383929,8993
Uzbekistan,UZB,2019,0.015383929,9582
Uzbekistan,UZB,2020,0.015383929,10288
Uzbekistan,UZB,2021,0.017083333,11616
Viet Nam,VNM,1995,0.003923582,5743
Viet Nam,VNM,1996,0.003923582,8138
Viet Nam,VNM,1997,0.003923582,10358
Viet Nam,VNM,1998,0.003923582,12029
Viet Nam,VNM,1999,0.003923582,13441
Viet Nam,VNM,2000,0.003923582,14730
Viet Nam,VNM,2001,0.003923582,16030
Viet Nam,VNM,2002,0.003923582,17430
Viet Nam,VNM,2003,0.003923582,18880
Viet Nam,VNM,2004,0.003923582,20490
Viet Nam,VNM,2005,0.003923582,22444
Viet Nam,VNM,2006,0.003923582,24844
Viet Nam,VNM,2007,0.003923582,31825
Viet Nam,VNM,2008,0.003923582,41404
Viet Nam,VNM,2009,0.003923582,49004
Viet Nam,VNM,2010,0.003923582,57004
Viet Nam,VNM,2011,0.003923582,64523
Viet Nam,VNM,2012,0.003923582,72891
Viet Nam,VNM,2013,0.003923582,81791
Viet Nam,VNM,2014,0.003923582,90991
Viet Nam,VNM,2015,0.003923582,102791
Viet Nam,VNM,2016,0.003923582,115391
Viet Nam,VNM,2017,0.003923582,129491
Viet Nam,VNM,2018,0.003923582,144991
Viet Nam,VNM,2019,0.003923582,161111
Viet Nam,VNM,2020,0.003923582,176911
Viet Nam,VNM,2021,0.003867442,192571
South Africa,ZAF,1995,0.00340958,15014
South Africa,ZAF,1996,0.00340958,13236
South Africa,ZAF,1997,0.00340958,16736
South Africa,ZAF,1998,0.00340958,15676
South Africa,ZAF,1999,0.00340958,51772
South Africa,ZAF,2000,0.00340958,43451
South Africa,ZAF,2001,0.00340958,34695
South Africa,ZAF,2002,0.00340958,35885
South Africa,ZAF,2003,0.00340958,57061
South Africa,ZAF,2004,0.00340958,80278
South Africa,ZAF,2005,0.00340958,96693
South Africa,ZAF,2006,0.00340958,106929
South Africa,ZAF,2007,0.00340958,131831
South Africa,ZAF,2008,0.00340958,83649
South Africa,ZAF,2009,0.00340958,138751
South Africa,ZAF,2010,0.00340958,179565
South Africa,ZAF,2011,0.00340958,159390
South Africa,ZAF,2012,0.00340958,163510
South Africa,ZAF,2013,0.00340958,152123
South Africa,ZAF,2014,0.00340958,138906
South Africa,ZAF,2015,0.00340958,126755
South Africa,ZAF,2016,0.00340958,135454
South Africa,ZAF,2017,0.00340958,156353
South Africa,ZAF,2018,0.00340958,138562
South Africa,ZAF,2019,0.00340958,145246
South Africa,ZAF,2020,0.00340958,133127
South Africa,ZAF,2021,0.00340958,174783
Zambia,ZMB,1995,0.007967355,3186
Zambia,ZMB,1996,0.007967355,3303
Zambia,ZMB,1997,0.007967355,3520
Zambia,ZMB,1998,0.007967355,3758
Zambia,ZMB,1999,0.007967355,3844
Zambia,ZMB,2000,0.007967355,3966
Zambia,ZMB,2001,0.007967355,4038
Zambia,ZMB,2002,0.007967355,4341
Zambia,ZMB,2003,0.007967355,4688
Zambia,ZMB,2004,0.007967355,5052
Zambia,ZMB,2005,0.007967355,5409
Zambia,ZMB,2006,0.007967355,5768
Zambia,ZMB,2007,0.007967355,6921
Zambia,ZMB,2008,0.007967355,7257
Zambia,ZMB,2009,0.007967355,7607
Zambia,ZMB,2010,0.007967355,7433
Zambia,ZMB,2011,0.007967355,8394
Zambia,ZMB,2012,0.007967355,11048
Zambia,ZMB,2013,0.007967355,12342
Zambia,ZMB,2014,0.007967355,16149
Zambia,ZMB,2015,0.007967355,16488
Zambia,ZMB,2016,0.007967355,18855
Zambia,ZMB,2017,0.007967355,19866
Zambia,ZMB,2018,0.007967355,21367
Zambia,ZMB,2019,0.007967355,20906
Zambia,ZMB,2020,0.007967355,15138
Zambia,ZMB,2021,0.007735382,16885
Zimbabwe,ZWE,1995,0.004825284,496
Zimbabwe,ZWE,1996,0.004825284,576
Zimbabwe,ZWE,1997,0.004825284,712
Zimbabwe,ZWE,1998,0.004825284,1156
Zimbabwe,ZWE,1999,0.004825284,1215
Zimbabwe,ZWE,2000,0.004825284,1238
Zimbabwe,ZWE,2001,0.004825284,1242
Zimbabwe,ZWE,2002,0.004825284,1268
Zimbabwe,ZWE,2003,0.004825284,1272
Zimbabwe,ZWE,2004,0.004825284,1280
Zimbabwe,ZWE,2005,0.004825284,1383
Zimbabwe,ZWE,2006,0.004825284,1423
Zimbabwe,ZWE,2007,0.004825284,1492
Zimbabwe,ZWE,2008,0.004825284,1544
Zimbabwe,ZWE,2009,0.004825284,1649
Zimbabwe,ZWE,2010,0.004825284,1815
Zimbabwe,ZWE,2011,0.004825284,2202
Zimbabwe,ZWE,2012,0.004825284,2602
Zimbabwe,ZWE,2013,0.004825284,3002
Zimbabwe,ZWE,2014,0.004825284,3547
Zimbabwe,ZWE,2015,0.004825284,3968
Zimbabwe,ZWE,2016,0.004825284,4340
Zimbabwe,ZWE,2017,0.004825284,4689
Zimbabwe,ZWE,2018,0.004825284,5130
Zimbabwe,ZWE,2019,0.004825284,5410
Zimbabwe,ZWE,2020,0.004825284,5604
Zimbabwe,ZWE,2021,0.004825284,5854
