signal,target_role,target,universe,validation,comparisons,median_delta_r2,mean_delta_r2,positive_share,median_delta_mae,mae_improvement_share,minimum_delta_r2,maximum_delta_r2
Oil_Rents_GDP_Pct_lag1,normalized,Inward_FDI_Net_Flow_GDP_Pct_asinh,All_Eligible,Country_Holdout_CV,15,0.004326073330746916,0.0008941276970456288,0.7333333333333333,-0.0032185739319909867,0.6,-0.07741667711581274,0.0436792862290854
Oil_Rents_GDP_Pct_lag1,normalized,Inward_FDI_Net_Flow_GDP_Pct_asinh,All_Eligible,Future_Period,15,0.005859181697113219,0.00873158849405659,0.9333333333333333,-0.004354456075796431,1.0,-0.0008919499539168096,0.02573480531779221
Oil_Rents_GDP_Pct_lag1,normalized,Inward_FDI_Net_Flow_GDP_Pct_asinh,Oil_Rent_Intensive_Pre2016_ge10pct,Country_Holdout_CV,15,0.0060629366052872835,0.01190154015406662,0.6666666666666666,-0.00731890029333182,0.6,-0.015719110880464626,0.09077024763916319
Oil_Rents_GDP_Pct_lag1,normalized,Inward_FDI_Net_Flow_GDP_Pct_asinh,Oil_Rent_Intensive_Pre2016_ge10pct,Future_Period,15,0.002952172698755501,0.003205014326032394,0.8666666666666667,-0.0037493549054827824,0.9333333333333333,-0.015846953829613708,0.025807704746110216
Oil_Rents_GDP_Pct_lag1,normalized,Inward_FDI_Net_Flow_GDP_Pct_asinh,Oil_Rent_Intensive_Pre2016_ge15pct,Country_Holdout_CV,15,0.001611144859413105,0.0011051833926318218,0.6666666666666666,-0.001608007548643542,0.8,-0.07356764952286832,0.05182413312138931
Oil_Rents_GDP_Pct_lag1,normalized,Inward_FDI_Net_Flow_GDP_Pct_asinh,Oil_Rent_Intensive_Pre2016_ge15pct,Future_Period,15,0.0015564600539200724,0.00591668517222253,0.9333333333333333,-0.0029997588951635734,0.8666666666666667,-0.027145145105855084,0.03945401485369909
Oil_Rents_GDP_Pct_lag1,normalized,Inward_FDI_Net_Flow_GDP_Pct_asinh,Oil_Rent_Intensive_Pre2016_ge1pct,Country_Holdout_CV,15,0.013880129987570489,0.021168540343289632,0.8666666666666667,0.0019804629696927867,0.4666666666666667,-0.0028985287392340187,0.1026199855425512
Oil_Rents_GDP_Pct_lag1,normalized,Inward_FDI_Net_Flow_GDP_Pct_asinh,Oil_Rent_Intensive_Pre2016_ge1pct,Future_Period,15,0.010931184404254612,0.013912318527040269,1.0,-0.008437855576594044,1.0,0.001170333776431609,0.04642058214534017
Oil_Rents_GDP_Pct_lag1,normalized,Inward_FDI_Net_Flow_GDP_Pct_asinh,Oil_Rent_Intensive_Pre2016_ge5pct,Country_Holdout_CV,15,0.0013580061265168197,0.004634757321283703,0.6,-0.0001362433603467883,0.5333333333333333,-0.02821770348349162,0.04705693028801411
Oil_Rents_GDP_Pct_lag1,normalized,Inward_FDI_Net_Flow_GDP_Pct_asinh,Oil_Rent_Intensive_Pre2016_ge5pct,Future_Period,15,0.005095715667369161,0.0043310269911262834,0.8,-0.0058085722635425885,0.9333333333333333,-0.014634027943037586,0.02861356415324523
Oil_Rents_GDP_Pct_lag1,primary,Inward_FDI_Net_Flow_asinh,All_Eligible,Country_Holdout_CV,15,0.009883098814339797,0.014164350133803065,1.0,0.009161352307733184,0.4666666666666667,0.003947057787035413,0.03649771426891901
Oil_Rents_GDP_Pct_lag1,primary,Inward_FDI_Net_Flow_asinh,All_Eligible,Future_Period,15,0.007849969997337697,0.01184083804106613,1.0,-0.044926937334852646,1.0,0.007462912946695044,0.02605125852237719
Oil_Rents_GDP_Pct_lag1,primary,Inward_FDI_Net_Flow_asinh,Oil_Rent_Intensive_Pre2016_ge10pct,Country_Holdout_CV,15,0.006872695734893908,0.001084215355019578,0.6666666666666666,0.004155793476531056,0.4666666666666667,-0.04776451407940291,0.04129755398809809
Oil_Rents_GDP_Pct_lag1,primary,Inward_FDI_Net_Flow_asinh,Oil_Rent_Intensive_Pre2016_ge10pct,Future_Period,15,-1.669397110901083e-05,-0.0029677177114895387,0.4666666666666667,-0.07239447425829759,0.8,-0.02043058974270362,0.005402850351370614
Oil_Rents_GDP_Pct_lag1,primary,Inward_FDI_Net_Flow_asinh,Oil_Rent_Intensive_Pre2016_ge15pct,Country_Holdout_CV,15,-0.0006719722141219076,-0.0022697823684274714,0.4666666666666667,0.0014533598840782425,0.4666666666666667,-0.027475950222753592,0.04328149492043859
Oil_Rents_GDP_Pct_lag1,primary,Inward_FDI_Net_Flow_asinh,Oil_Rent_Intensive_Pre2016_ge15pct,Future_Period,15,-0.004514762081712198,-0.007760306632955588,0.26666666666666666,-0.07809651975924448,0.8,-0.04071837712274032,0.015019301609790259
Oil_Rents_GDP_Pct_lag1,primary,Inward_FDI_Net_Flow_asinh,Oil_Rent_Intensive_Pre2016_ge1pct,Country_Holdout_CV,15,0.01977708571319231,0.020496781657284517,0.9333333333333333,0.016989060780564724,0.4666666666666667,-0.0008046278299932985,0.06029795027757867
Oil_Rents_GDP_Pct_lag1,primary,Inward_FDI_Net_Flow_asinh,Oil_Rent_Intensive_Pre2016_ge1pct,Future_Period,15,0.011660989918851061,0.011230809783050444,0.9333333333333333,-0.10281681399850306,1.0,-0.006267551247550185,0.023062608371746895
Oil_Rents_GDP_Pct_lag1,primary,Inward_FDI_Net_Flow_asinh,Oil_Rent_Intensive_Pre2016_ge5pct,Country_Holdout_CV,15,0.0082587563579547,0.004374574505496339,0.6666666666666666,0.012225321590782823,0.4,-0.0583463955882447,0.10753026156960638
Oil_Rents_GDP_Pct_lag1,primary,Inward_FDI_Net_Flow_asinh,Oil_Rent_Intensive_Pre2016_ge5pct,Future_Period,15,0.0024428484327521094,0.001336311244525353,0.7333333333333333,-0.09176439276422022,0.8,-0.012682643554390804,0.010678822328411997
Oil_Rents_GDP_Pct_lag1,raw_ratio_stress,Inward_FDI_Net_Flow_GDP_Pct,All_Eligible,Country_Holdout_CV,15,-4.0242704491100234e-05,1.558465377903062,0.4666666666666667,0.012422784322080105,0.4666666666666667,-0.032669773620413456,23.353604909413836
Oil_Rents_GDP_Pct_lag1,raw_ratio_stress,Inward_FDI_Net_Flow_GDP_Pct,All_Eligible,Future_Period,15,9.214896389792004e-05,-0.018408524084250717,0.6,0.0012324458510768466,0.4666666666666667,-0.19243214166636657,0.02264216182193239
Regulatory_Quality_lag1,normalized,Inward_FDI_Net_Flow_GDP_Pct_asinh,All_Eligible,Country_Holdout_CV,15,0.007381295546484701,0.007944535796073494,0.7333333333333333,-0.00523166961984789,0.8,-0.005115125140346399,0.0419672705300293
Regulatory_Quality_lag1,normalized,Inward_FDI_Net_Flow_GDP_Pct_asinh,All_Eligible,Future_Period,15,0.005722402526557091,0.002955359790320065,0.8,-0.002334332895544633,0.9333333333333333,-0.023686951297156006,0.019906037019980394
Regulatory_Quality_lag1,normalized,Inward_FDI_Net_Flow_GDP_Pct_asinh,Oil_Rent_Intensive_Pre2016_ge10pct,Country_Holdout_CV,15,-0.0008498349526442073,-0.006991214343929305,0.3333333333333333,0.0,0.4,-0.05145153532274499,0.030223320957559197
Regulatory_Quality_lag1,normalized,Inward_FDI_Net_Flow_GDP_Pct_asinh,Oil_Rent_Intensive_Pre2016_ge10pct,Future_Period,15,0.00042640401746260603,0.005768634742807114,0.6,-0.0004452139501559538,0.8666666666666667,-0.04424528662102031,0.09693383729268831
Regulatory_Quality_lag1,normalized,Inward_FDI_Net_Flow_GDP_Pct_asinh,Oil_Rent_Intensive_Pre2016_ge15pct,Country_Holdout_CV,15,-0.0027917282889491357,-0.005195648533057937,0.26666666666666666,0.0028328479903737547,0.3333333333333333,-0.049279263968487586,0.05023399444691212
Regulatory_Quality_lag1,normalized,Inward_FDI_Net_Flow_GDP_Pct_asinh,Oil_Rent_Intensive_Pre2016_ge15pct,Future_Period,15,-0.002072557841685696,0.0004368815246383717,0.26666666666666666,0.00047802066223323614,0.4,-0.0132143946598125,0.021116411926867307
Regulatory_Quality_lag1,normalized,Inward_FDI_Net_Flow_GDP_Pct_asinh,Oil_Rent_Intensive_Pre2016_ge1pct,Country_Holdout_CV,15,0.0002584176349924028,-0.0020211702690672443,0.5333333333333333,-0.002675425928806874,0.7333333333333333,-0.06081039376188352,0.04769034902047742
Regulatory_Quality_lag1,normalized,Inward_FDI_Net_Flow_GDP_Pct_asinh,Oil_Rent_Intensive_Pre2016_ge1pct,Future_Period,15,0.0012772617206228132,0.0007881697126967106,0.7333333333333333,-0.0004906107079933886,0.9333333333333333,-0.03452196692904819,0.025646165268660703
Regulatory_Quality_lag1,normalized,Inward_FDI_Net_Flow_GDP_Pct_asinh,Oil_Rent_Intensive_Pre2016_ge5pct,Country_Holdout_CV,15,0.00021441098398511382,-0.014701847344163176,0.5333333333333333,-0.0009047885089303875,0.6,-0.1613600822320279,0.025582229921594313
Regulatory_Quality_lag1,normalized,Inward_FDI_Net_Flow_GDP_Pct_asinh,Oil_Rent_Intensive_Pre2016_ge5pct,Future_Period,15,0.000923335906117484,-0.00020120805610235882,0.8,-0.0008685296490121841,0.8666666666666667,-0.03660022694468559,0.032026046600102664
Regulatory_Quality_lag1,primary,Inward_FDI_Net_Flow_asinh,All_Eligible,Country_Holdout_CV,15,0.0036233349114319635,0.006818219319705619,0.6666666666666666,-0.012264531308585847,0.6666666666666666,-0.0032200842603625768,0.03532110234233379
Regulatory_Quality_lag1,primary,Inward_FDI_Net_Flow_asinh,All_Eligible,Future_Period,15,0.0025730011777839734,-0.002073679153046957,0.7333333333333333,0.0075322053152238055,0.3333333333333333,-0.0315207050058601,0.01766624341009479
Regulatory_Quality_lag1,primary,Inward_FDI_Net_Flow_asinh,Oil_Rent_Intensive_Pre2016_ge10pct,Country_Holdout_CV,15,0.0016147056639988777,0.0018751263932391498,0.6,-0.009031526281103375,0.5333333333333333,-0.028768464794902082,0.0534378395963091
Regulatory_Quality_lag1,primary,Inward_FDI_Net_Flow_asinh,Oil_Rent_Intensive_Pre2016_ge10pct,Future_Period,15,0.0013558614495035037,0.0006760329808265705,0.8666666666666667,0.0008875533761090182,0.3333333333333333,-0.0253786259001903,0.012943363125759999
Regulatory_Quality_lag1,primary,Inward_FDI_Net_Flow_asinh,Oil_Rent_Intensive_Pre2016_ge15pct,Country_Holdout_CV,15,-0.001491704768313895,-0.004742494822761567,0.26666666666666666,0.014187095578332087,0.3333333333333333,-0.04542930531351988,0.06303022658325641
Regulatory_Quality_lag1,primary,Inward_FDI_Net_Flow_asinh,Oil_Rent_Intensive_Pre2016_ge15pct,Future_Period,15,-0.0008479335159863877,0.0003269917502256248,0.13333333333333333,0.004637027765068691,0.3333333333333333,-0.005384569542491002,0.022899102357743117
Regulatory_Quality_lag1,primary,Inward_FDI_Net_Flow_asinh,Oil_Rent_Intensive_Pre2016_ge1pct,Country_Holdout_CV,15,0.002752341279691095,0.008483508762437449,0.8,-0.009774934338413921,0.7333333333333333,-0.00674129046475172,0.0460547432722849
Regulatory_Quality_lag1,primary,Inward_FDI_Net_Flow_asinh,Oil_Rent_Intensive_Pre2016_ge1pct,Future_Period,15,-2.721062797861329e-07,0.0006288571549088425,0.4666666666666667,2.23287868621469e-05,0.4,-0.011235805295204515,0.0153090428294535
Regulatory_Quality_lag1,primary,Inward_FDI_Net_Flow_asinh,Oil_Rent_Intensive_Pre2016_ge5pct,Country_Holdout_CV,15,0.003075754026550248,0.004084089844863668,0.6666666666666666,-0.014321026731989317,0.7333333333333333,-0.016052368643416914,0.042650885193591226
Regulatory_Quality_lag1,primary,Inward_FDI_Net_Flow_asinh,Oil_Rent_Intensive_Pre2016_ge5pct,Future_Period,15,0.0014573452902429396,0.0017806357252410422,0.8666666666666667,-0.0007188572021648021,0.6,-0.01414829302653653,0.023827387904434394
Regulatory_Quality_lag1,raw_ratio_stress,Inward_FDI_Net_Flow_GDP_Pct,All_Eligible,Country_Holdout_CV,15,-0.0013845379811107117,-0.34445431268847904,0.4666666666666667,0.06655058795076796,0.4,-4.910438222262359,0.016122994681059877
Regulatory_Quality_lag1,raw_ratio_stress,Inward_FDI_Net_Flow_GDP_Pct,All_Eligible,Future_Period,15,0.000414085413383003,0.008790844876764252,0.8,-0.02964832629632319,0.7333333333333333,-0.015037267840145807,0.0801322410283817
