signal,target_role,universe,validation,algorithm,model,min_r2,median_r2,max_r2,r2_range
Oil_Rents_GDP_Pct_lag1,normalized,All_Eligible,Country_Holdout_CV,ElasticNet,M1_Macro,0.1914948193358695,0.4277605526119229,0.438488162677354,0.2469933433414845
Oil_Rents_GDP_Pct_lag1,normalized,All_Eligible,Country_Holdout_CV,ElasticNet,M2_Macro_Oil,0.1992838002991745,0.4333277133363262,0.4427480921045028,0.24346429180532828
Oil_Rents_GDP_Pct_lag1,normalized,All_Eligible,Country_Holdout_CV,RandomForest,M1_Macro,0.2120057407145616,0.3742888601734611,0.417868240086036,0.2058624993714744
Oil_Rents_GDP_Pct_lag1,normalized,All_Eligible,Country_Holdout_CV,RandomForest,M2_Macro_Oil,0.1815024509923073,0.395144822660179,0.4118768432437422,0.23037439225143488
Oil_Rents_GDP_Pct_lag1,normalized,All_Eligible,Country_Holdout_CV,Ridge,M1_Macro,0.1889738854260114,0.4292884290219275,0.43820757992984,0.2492336945038286
Oil_Rents_GDP_Pct_lag1,normalized,All_Eligible,Country_Holdout_CV,Ridge,M2_Macro_Oil,0.1971935886339145,0.4338918334070948,0.4425336532605869,0.2453400646266724
Oil_Rents_GDP_Pct_lag1,normalized,All_Eligible,Future_Period,ElasticNet,M1_Macro,0.1259802135073741,0.183515644985993,0.2618476826953628,0.1358674691879887
Oil_Rents_GDP_Pct_lag1,normalized,All_Eligible,Future_Period,ElasticNet,M2_Macro_Oil,0.134690744757797,0.189072026075036,0.2662929137039237,0.13160216894612672
Oil_Rents_GDP_Pct_lag1,normalized,All_Eligible,Future_Period,RandomForest,M1_Macro,0.1616425732928103,0.1786244394067843,0.246290765206222,0.08464819191341172
Oil_Rents_GDP_Pct_lag1,normalized,All_Eligible,Future_Period,RandomForest,M2_Macro_Oil,0.165719339169068,0.2043592447245765,0.2593159674803992,0.0935966283113312
Oil_Rents_GDP_Pct_lag1,normalized,All_Eligible,Future_Period,Ridge,M1_Macro,0.1225921424490701,0.181225519324493,0.2601796044953757,0.1375874620463056
Oil_Rents_GDP_Pct_lag1,normalized,All_Eligible,Future_Period,Ridge,M2_Macro_Oil,0.1319120690702305,0.1870381715012934,0.2648772402874118,0.13296517121718127
Oil_Rents_GDP_Pct_lag1,normalized,Oil_Rent_Intensive_Pre2016_ge10pct,Country_Holdout_CV,ElasticNet,M1_Macro,0.2209303706272222,0.3542982446385353,0.4738384849349176,0.2529081143076954
Oil_Rents_GDP_Pct_lag1,normalized,Oil_Rent_Intensive_Pre2016_ge10pct,Country_Holdout_CV,ElasticNet,M2_Macro_Oil,0.2282351269018276,0.3591923819703498,0.4595459616851332,0.23131083478330558
Oil_Rents_GDP_Pct_lag1,normalized,Oil_Rent_Intensive_Pre2016_ge10pct,Country_Holdout_CV,RandomForest,M1_Macro,0.1582429518823974,0.2999836840298258,0.3143639427224078,0.1561209908400104
Oil_Rents_GDP_Pct_lag1,normalized,Oil_Rent_Intensive_Pre2016_ge10pct,Country_Holdout_CV,RandomForest,M2_Macro_Oil,0.2490131995215606,0.3053282100974935,0.3450446427773898,0.09603144325582919
Oil_Rents_GDP_Pct_lag1,normalized,Oil_Rent_Intensive_Pre2016_ge10pct,Country_Holdout_CV,Ridge,M1_Macro,0.219830401857855,0.3534652892061318,0.4749429314605646,0.2551125296027096
Oil_Rents_GDP_Pct_lag1,normalized,Oil_Rent_Intensive_Pre2016_ge10pct,Country_Holdout_CV,Ridge,M2_Macro_Oil,0.2280671428385219,0.3508317243945442,0.4592238205801,0.23115667774157808
Oil_Rents_GDP_Pct_lag1,normalized,Oil_Rent_Intensive_Pre2016_ge10pct,Future_Period,ElasticNet,M1_Macro,0.1761685034089116,0.2324855424705789,0.2631604361674997,0.08699193275858808
Oil_Rents_GDP_Pct_lag1,normalized,Oil_Rent_Intensive_Pre2016_ge10pct,Future_Period,ElasticNet,M2_Macro_Oil,0.1811766501927203,0.2347647210706795,0.2664534816526094,0.0852768314598891
Oil_Rents_GDP_Pct_lag1,normalized,Oil_Rent_Intensive_Pre2016_ge10pct,Future_Period,RandomForest,M1_Macro,0.1692894358996045,0.1848960231837065,0.2636317808555302,0.0943423449559257
Oil_Rents_GDP_Pct_lag1,normalized,Oil_Rent_Intensive_Pre2016_ge10pct,Future_Period,RandomForest,M2_Macro_Oil,0.1790245797602982,0.1942406078361428,0.2492212132370665,0.0701966334767683
Oil_Rents_GDP_Pct_lag1,normalized,Oil_Rent_Intensive_Pre2016_ge10pct,Future_Period,Ridge,M1_Macro,0.1719806703944031,0.2306807116678627,0.26123303070445,0.08925236031004688
Oil_Rents_GDP_Pct_lag1,normalized,Oil_Rent_Intensive_Pre2016_ge10pct,Future_Period,Ridge,M2_Macro_Oil,0.1774387253471877,0.2332355286748456,0.2648518076420428,0.08741308229485512
Oil_Rents_GDP_Pct_lag1,normalized,Oil_Rent_Intensive_Pre2016_ge15pct,Country_Holdout_CV,ElasticNet,M1_Macro,0.1487964992587807,0.3817131005460672,0.4911615432534008,0.3423650439946201
Oil_Rents_GDP_Pct_lag1,normalized,Oil_Rent_Intensive_Pre2016_ge15pct,Country_Holdout_CV,ElasticNet,M2_Macro_Oil,0.1470663865734598,0.3837590337221694,0.4953106145305337,0.3482442279570739
Oil_Rents_GDP_Pct_lag1,normalized,Oil_Rent_Intensive_Pre2016_ge15pct,Country_Holdout_CV,RandomForest,M1_Macro,0.1008476939478152,0.312181255661892,0.4272603029398049,0.32641260899198965
Oil_Rents_GDP_Pct_lag1,normalized,Oil_Rent_Intensive_Pre2016_ge15pct,Country_Holdout_CV,RandomForest,M2_Macro_Oil,0.1354043985805169,0.3230006510594647,0.4345510782524014,0.2991466796718845
Oil_Rents_GDP_Pct_lag1,normalized,Oil_Rent_Intensive_Pre2016_ge15pct,Country_Holdout_CV,Ridge,M1_Macro,0.148376872342403,0.3772023798757976,0.4929304840987062,0.3445536117563032
Oil_Rents_GDP_Pct_lag1,normalized,Oil_Rent_Intensive_Pre2016_ge15pct,Country_Holdout_CV,Ridge,M2_Macro_Oil,0.1459055081795131,0.3788135247352107,0.4975117448703081,0.351606236690795
Oil_Rents_GDP_Pct_lag1,normalized,Oil_Rent_Intensive_Pre2016_ge15pct,Future_Period,ElasticNet,M1_Macro,0.2922897210598506,0.3117038371973047,0.3567945528357839,0.06450483177593325
Oil_Rents_GDP_Pct_lag1,normalized,Oil_Rent_Intensive_Pre2016_ge15pct,Future_Period,ElasticNet,M2_Macro_Oil,0.2951445632120318,0.3130889683094224,0.3578978139342814,0.06275325072224958
Oil_Rents_GDP_Pct_lag1,normalized,Oil_Rent_Intensive_Pre2016_ge15pct,Future_Period,RandomForest,M1_Macro,0.180007150518585,0.1837936708739066,0.2575668330331375,0.07755968251455247
Oil_Rents_GDP_Pct_lag1,normalized,Oil_Rent_Intensive_Pre2016_ge15pct,Future_Period,RandomForest,M2_Macro_Oil,0.1932934216446831,0.2215035431699435,0.2304216879272824,0.0371282662825993
Oil_Rents_GDP_Pct_lag1,normalized,Oil_Rent_Intensive_Pre2016_ge15pct,Future_Period,Ridge,M1_Macro,0.2886871760997338,0.3098146570848122,0.3557428336573831,0.06705565755764925
Oil_Rents_GDP_Pct_lag1,normalized,Oil_Rent_Intensive_Pre2016_ge15pct,Future_Period,Ridge,M2_Macro_Oil,0.2917616615189137,0.3114420467757307,0.3570653245229999,0.06530366300408619
Oil_Rents_GDP_Pct_lag1,normalized,Oil_Rent_Intensive_Pre2016_ge1pct,Country_Holdout_CV,ElasticNet,M1_Macro,0.2232097350113659,0.3715928453228575,0.4415115955753169,0.21830186056395098
Oil_Rents_GDP_Pct_lag1,normalized,Oil_Rent_Intensive_Pre2016_ge1pct,Country_Holdout_CV,ElasticNet,M2_Macro_Oil,0.2407270353290957,0.384992526372972,0.4504369827150053,0.20970994738590962
Oil_Rents_GDP_Pct_lag1,normalized,Oil_Rent_Intensive_Pre2016_ge1pct,Country_Holdout_CV,RandomForest,M1_Macro,0.1965453281365689,0.2773873105623378,0.3671413239664823,0.17059599582991342
Oil_Rents_GDP_Pct_lag1,normalized,Oil_Rent_Intensive_Pre2016_ge1pct,Country_Holdout_CV,RandomForest,M2_Macro_Oil,0.2360176808110068,0.369255630631798,0.4282592560322549,0.1922415752212481
Oil_Rents_GDP_Pct_lag1,normalized,Oil_Rent_Intensive_Pre2016_ge1pct,Country_Holdout_CV,Ridge,M1_Macro,0.2206876793168344,0.3719323798617091,0.4438218395711649,0.2231341602543305
Oil_Rents_GDP_Pct_lag1,normalized,Oil_Rent_Intensive_Pre2016_ge1pct,Country_Holdout_CV,Ridge,M2_Macro_Oil,0.2382643041141089,0.3866332923759918,0.4519891070815357,0.21372480296742682
Oil_Rents_GDP_Pct_lag1,normalized,Oil_Rent_Intensive_Pre2016_ge1pct,Future_Period,ElasticNet,M1_Macro,0.2804473506267217,0.2993602725575122,0.3234412930158855,0.042993942389163764
Oil_Rents_GDP_Pct_lag1,normalized,Oil_Rent_Intensive_Pre2016_ge1pct,Future_Period,ElasticNet,M2_Macro_Oil,0.2901216119242137,0.3076232415534791,0.3365774452054487,0.04645583328123498
Oil_Rents_GDP_Pct_lag1,normalized,Oil_Rent_Intensive_Pre2016_ge1pct,Future_Period,RandomForest,M1_Macro,0.2708438383425535,0.2917971251494011,0.3333071336202916,0.062463295277738085
Oil_Rents_GDP_Pct_lag1,normalized,Oil_Rent_Intensive_Pre2016_ge1pct,Future_Period,RandomForest,M2_Macro_Oil,0.2751894661259298,0.2980532303296475,0.3649236481129473,0.08973418198701749
Oil_Rents_GDP_Pct_lag1,normalized,Oil_Rent_Intensive_Pre2016_ge1pct,Future_Period,Ridge,M1_Macro,0.2796359630894259,0.2991011318492818,0.3223155803497679,0.04267961726034203
Oil_Rents_GDP_Pct_lag1,normalized,Oil_Rent_Intensive_Pre2016_ge1pct,Future_Period,Ridge,M2_Macro_Oil,0.2895898002581024,0.3074830421315077,0.3356438726794665,0.04605407242136411
Oil_Rents_GDP_Pct_lag1,normalized,Oil_Rent_Intensive_Pre2016_ge5pct,Country_Holdout_CV,ElasticNet,M1_Macro,0.2725972888201485,0.3671650900775892,0.4608901401863294,0.1882928513661809
Oil_Rents_GDP_Pct_lag1,normalized,Oil_Rent_Intensive_Pre2016_ge5pct,Country_Holdout_CV,ElasticNet,M2_Macro_Oil,0.2877238716786791,0.3796482983898342,0.4433141052810934,0.1555902336024143
Oil_Rents_GDP_Pct_lag1,normalized,Oil_Rent_Intensive_Pre2016_ge5pct,Country_Holdout_CV,RandomForest,M1_Macro,0.2501126185052572,0.3302294478333663,0.3910485662189765,0.1409359477137193
Oil_Rents_GDP_Pct_lag1,normalized,Oil_Rent_Intensive_Pre2016_ge5pct,Country_Holdout_CV,RandomForest,M2_Macro_Oil,0.285176799851056,0.3248714492282404,0.3953821392004368,0.11020533934938082
Oil_Rents_GDP_Pct_lag1,normalized,Oil_Rent_Intensive_Pre2016_ge5pct,Country_Holdout_CV,Ridge,M1_Macro,0.2738663434672397,0.3671882220088983,0.465078405544149,0.19121206207690927
Oil_Rents_GDP_Pct_lag1,normalized,Oil_Rent_Intensive_Pre2016_ge5pct,Country_Holdout_CV,Ridge,M2_Macro_Oil,0.2873147028535192,0.380640978252576,0.4451860416174754,0.1578713387639562
Oil_Rents_GDP_Pct_lag1,normalized,Oil_Rent_Intensive_Pre2016_ge5pct,Future_Period,ElasticNet,M1_Macro,0.2299606100396162,0.2755003397904474,0.3017450714220748,0.07178446138245859
Oil_Rents_GDP_Pct_lag1,normalized,Oil_Rent_Intensive_Pre2016_ge5pct,Future_Period,ElasticNet,M2_Macro_Oil,0.2391935522101447,0.2805960554578166,0.3082358267920512,0.06904227458190648
Oil_Rents_GDP_Pct_lag1,normalized,Oil_Rent_Intensive_Pre2016_ge5pct,Future_Period,RandomForest,M1_Macro,0.2532582382913684,0.2602428652178805,0.3009431162908451,0.04768487799947668
Oil_Rents_GDP_Pct_lag1,normalized,Oil_Rent_Intensive_Pre2016_ge5pct,Future_Period,RandomForest,M2_Macro_Oil,0.2427635826793441,0.2734816976342428,0.3295566804440903,0.08679309776474622
Oil_Rents_GDP_Pct_lag1,normalized,Oil_Rent_Intensive_Pre2016_ge5pct,Future_Period,Ridge,M1_Macro,0.2269591649358802,0.275481280741905,0.3009012008174309,0.07394203588155068
Oil_Rents_GDP_Pct_lag1,normalized,Oil_Rent_Intensive_Pre2016_ge5pct,Future_Period,Ridge,M2_Macro_Oil,0.2360306332857772,0.2806064159811915,0.3073356064743082,0.07130497318853099
Oil_Rents_GDP_Pct_lag1,raw_ratio_stress,All_Eligible,Country_Holdout_CV,ElasticNet,M1_Macro,0.0696700110000444,0.3903595397119052,0.4691420603370694,0.399472049337025
Oil_Rents_GDP_Pct_lag1,raw_ratio_stress,All_Eligible,Country_Holdout_CV,ElasticNet,M2_Macro_Oil,0.0694065582647271,0.3906628690621104,0.4724833563084434,0.4030767980437163
Oil_Rents_GDP_Pct_lag1,raw_ratio_stress,All_Eligible,Country_Holdout_CV,RandomForest,M1_Macro,-39.91038566663989,0.3227124359664143,0.4142478985902748,40.324633565230165
Oil_Rents_GDP_Pct_lag1,raw_ratio_stress,All_Eligible,Country_Holdout_CV,RandomForest,M2_Macro_Oil,-16.556780757226054,0.3395398729632753,0.3815781249698613,16.938358882195914
Oil_Rents_GDP_Pct_lag1,raw_ratio_stress,All_Eligible,Country_Holdout_CV,Ridge,M1_Macro,0.0678982035408142,0.3904146741598858,0.4674603855916835,0.3995621820508693
Oil_Rents_GDP_Pct_lag1,raw_ratio_stress,All_Eligible,Country_Holdout_CV,Ridge,M2_Macro_Oil,0.0676283344819034,0.3907226520563412,0.4706248332875791,0.4029964988056757
Oil_Rents_GDP_Pct_lag1,raw_ratio_stress,All_Eligible,Future_Period,ElasticNet,M1_Macro,-3.636557970478596,-0.1522925854426811,0.2662191265741973,3.9027770970527933
Oil_Rents_GDP_Pct_lag1,raw_ratio_stress,All_Eligible,Future_Period,ElasticNet,M2_Macro_Oil,-3.637509722829523,-0.1522925878758516,0.2663057818672856,3.9038155046968086
Oil_Rents_GDP_Pct_lag1,raw_ratio_stress,All_Eligible,Future_Period,RandomForest,M1_Macro,-0.5752784102768591,-0.1293114227711913,0.343730529437992,0.9190089397148511
Oil_Rents_GDP_Pct_lag1,raw_ratio_stress,All_Eligible,Future_Period,RandomForest,M2_Macro_Oil,-0.7677105519432257,-0.1066692609492589,0.3572510601688228,1.1249616121120485
Oil_Rents_GDP_Pct_lag1,raw_ratio_stress,All_Eligible,Future_Period,Ridge,M1_Macro,-3.6777282076208175,-0.159250281047705,0.2637593462194638,3.941487553840281
Oil_Rents_GDP_Pct_lag1,raw_ratio_stress,All_Eligible,Future_Period,Ridge,M2_Macro_Oil,-3.6787854453601287,-0.1592540871100796,0.2638514951833617,3.9426369405434905
Regulatory_Quality_lag1,normalized,All_Eligible,Country_Holdout_CV,ElasticNet,M2_Macro_Oil,0.1856095935360937,0.4035383781956091,0.411000065846391,0.2253904723102973
Regulatory_Quality_lag1,normalized,All_Eligible,Country_Holdout_CV,ElasticNet,M3_Macro_Oil_RegQuality,0.1923672866747907,0.4095742159511084,0.4168450593271434,0.2244777726523527
Regulatory_Quality_lag1,normalized,All_Eligible,Country_Holdout_CV,RandomForest,M2_Macro_Oil,0.1749864800691986,0.353066942122196,0.3690619768650545,0.1940754967958559
Regulatory_Quality_lag1,normalized,All_Eligible,Country_Holdout_CV,RandomForest,M3_Macro_Oil_RegQuality,0.2169537505992279,0.3624266926272391,0.3826397705014084,0.16568601990218051
Regulatory_Quality_lag1,normalized,All_Eligible,Country_Holdout_CV,Ridge,M2_Macro_Oil,0.1841823902337312,0.4024595586535932,0.4116818744859563,0.22749948425222508
Regulatory_Quality_lag1,normalized,All_Eligible,Country_Holdout_CV,Ridge,M3_Macro_Oil_RegQuality,0.1925462480287236,0.4063304590232653,0.4193908683866562,0.22684462035793257
Regulatory_Quality_lag1,normalized,All_Eligible,Future_Period,ElasticNet,M2_Macro_Oil,0.1413133881644964,0.191796924308864,0.2646043238669765,0.12329093570248012
Regulatory_Quality_lag1,normalized,All_Eligible,Future_Period,ElasticNet,M3_Macro_Oil_RegQuality,0.1467959319303459,0.197200283397246,0.2703267263935336,0.12353079446318771
Regulatory_Quality_lag1,normalized,All_Eligible,Future_Period,RandomForest,M2_Macro_Oil,0.1774626872389592,0.2081551565832939,0.2628126100825285,0.08534992284356929
Regulatory_Quality_lag1,normalized,All_Eligible,Future_Period,RandomForest,M3_Macro_Oil_RegQuality,0.1838728085351146,0.1875998898038734,0.2504456578467701,0.0665728493116555
Regulatory_Quality_lag1,normalized,All_Eligible,Future_Period,Ridge,M2_Macro_Oil,0.1382027913996574,0.189876264100464,0.263427301636054,0.12522451023639658
Regulatory_Quality_lag1,normalized,All_Eligible,Future_Period,Ridge,M3_Macro_Oil_RegQuality,0.1447224593539587,0.1963767568445904,0.2704374318140682,0.12571497246010951
Regulatory_Quality_lag1,normalized,Oil_Rent_Intensive_Pre2016_ge10pct,Country_Holdout_CV,ElasticNet,M2_Macro_Oil,0.2195166153658292,0.3261544401961302,0.4532429380119158,0.2337263226460866
Regulatory_Quality_lag1,normalized,Oil_Rent_Intensive_Pre2016_ge10pct,Country_Holdout_CV,ElasticNet,M3_Macro_Oil_RegQuality,0.2195166153658292,0.3044847270611243,0.4535884736292747,0.23407185826344548
Regulatory_Quality_lag1,normalized,Oil_Rent_Intensive_Pre2016_ge10pct,Country_Holdout_CV,RandomForest,M2_Macro_Oil,0.1812195061377838,0.3228371867460896,0.4121590416983688,0.23093953556058502
Regulatory_Quality_lag1,normalized,Oil_Rent_Intensive_Pre2016_ge10pct,Country_Holdout_CV,RandomForest,M3_Macro_Oil_RegQuality,0.1886777698753826,0.2713856514233446,0.4162950294915573,0.22761725961617468
Regulatory_Quality_lag1,normalized,Oil_Rent_Intensive_Pre2016_ge10pct,Country_Holdout_CV,Ridge,M2_Macro_Oil,0.2184370594418229,0.3221130216089888,0.452568618187001,0.2341315587451781
Regulatory_Quality_lag1,normalized,Oil_Rent_Intensive_Pre2016_ge10pct,Country_Holdout_CV,Ridge,M3_Macro_Oil_RegQuality,0.2175872244891787,0.2911324921527937,0.4534675794404657,0.23588035495128698
Regulatory_Quality_lag1,normalized,Oil_Rent_Intensive_Pre2016_ge10pct,Future_Period,ElasticNet,M2_Macro_Oil,0.1756499490984475,0.2279991333187618,0.258369356648356,0.08271940754990847
Regulatory_Quality_lag1,normalized,Oil_Rent_Intensive_Pre2016_ge10pct,Future_Period,ElasticNet,M3_Macro_Oil_RegQuality,0.1756202146382093,0.2274887303365301,0.2583686303324416,0.08274841569423233
Regulatory_Quality_lag1,normalized,Oil_Rent_Intensive_Pre2016_ge10pct,Future_Period,RandomForest,M2_Macro_Oil,0.14575579610088,0.2019147679180984,0.2678732222238181,0.1221174261229381
Regulatory_Quality_lag1,normalized,Oil_Rent_Intensive_Pre2016_ge10pct,Future_Period,RandomForest,M3_Macro_Oil_RegQuality,0.1829574755576631,0.2104695094763263,0.2699531945820285,0.0869957190243654
Regulatory_Quality_lag1,normalized,Oil_Rent_Intensive_Pre2016_ge10pct,Future_Period,Ridge,M2_Macro_Oil,0.1712386022016613,0.2257752715999348,0.2558951883940932,0.08465658619243191
Regulatory_Quality_lag1,normalized,Oil_Rent_Intensive_Pre2016_ge10pct,Future_Period,Ridge,M3_Macro_Oil_RegQuality,0.1710070033274475,0.2247014772284262,0.2565521233723393,0.08554512004489179
Regulatory_Quality_lag1,normalized,Oil_Rent_Intensive_Pre2016_ge15pct,Country_Holdout_CV,ElasticNet,M2_Macro_Oil,0.1407095066411741,0.4557351460385445,0.4660782332401633,0.3253687265989892
Regulatory_Quality_lag1,normalized,Oil_Rent_Intensive_Pre2016_ge15pct,Country_Holdout_CV,ElasticNet,M3_Macro_Oil_RegQuality,0.1404922044530357,0.4553771619714266,0.4631994265504963,0.3227072220974606
Regulatory_Quality_lag1,normalized,Oil_Rent_Intensive_Pre2016_ge15pct,Country_Holdout_CV,RandomForest,M2_Macro_Oil,0.0954601533482375,0.3602043065560694,0.3865196096007346,0.29105945625249713
Regulatory_Quality_lag1,normalized,Oil_Rent_Intensive_Pre2016_ge15pct,Country_Holdout_CV,RandomForest,M3_Macro_Oil_RegQuality,0.1040353594744736,0.3932772325071343,0.4104383010029815,0.3064029415285079
Regulatory_Quality_lag1,normalized,Oil_Rent_Intensive_Pre2016_ge15pct,Country_Holdout_CV,Ridge,M2_Macro_Oil,0.1380775763448798,0.456259448302674,0.4668728398561862,0.3287952635113064
Regulatory_Quality_lag1,normalized,Oil_Rent_Intensive_Pre2016_ge15pct,Country_Holdout_CV,Ridge,M3_Macro_Oil_RegQuality,0.1361935904508033,0.4534677200137249,0.4615968573725372,0.32540326692173394
Regulatory_Quality_lag1,normalized,Oil_Rent_Intensive_Pre2016_ge15pct,Future_Period,ElasticNet,M2_Macro_Oil,0.2853944821054719,0.3034801950981809,0.3452688601139895,0.05987437800851758
Regulatory_Quality_lag1,normalized,Oil_Rent_Intensive_Pre2016_ge15pct,Future_Period,ElasticNet,M3_Macro_Oil_RegQuality,0.2853931988329654,0.3031321170409023,0.3431963022723038,0.05780310343933842
Regulatory_Quality_lag1,normalized,Oil_Rent_Intensive_Pre2016_ge15pct,Future_Period,RandomForest,M2_Macro_Oil,0.181580230127209,0.2122344759828712,0.2553400615586723,0.07375983143146328
Regulatory_Quality_lag1,normalized,Oil_Rent_Intensive_Pre2016_ge15pct,Future_Period,RandomForest,M3_Macro_Oil_RegQuality,0.1877451073740305,0.2185254883730795,0.2485282963482731,0.06078318897424259
Regulatory_Quality_lag1,normalized,Oil_Rent_Intensive_Pre2016_ge15pct,Future_Period,Ridge,M2_Macro_Oil,0.2805401219274686,0.300910541105656,0.3430120858541522,0.06247196392668364
Regulatory_Quality_lag1,normalized,Oil_Rent_Intensive_Pre2016_ge15pct,Future_Period,Ridge,M3_Macro_Oil_RegQuality,0.2805466963767973,0.3005465022421136,0.3408581213973556,0.06031142502055831
Regulatory_Quality_lag1,normalized,Oil_Rent_Intensive_Pre2016_ge1pct,Country_Holdout_CV,ElasticNet,M2_Macro_Oil,0.2220606393936265,0.3509565324459801,0.4904642288137468,0.2684035894201203
Regulatory_Quality_lag1,normalized,Oil_Rent_Intensive_Pre2016_ge1pct,Country_Holdout_CV,ElasticNet,M3_Macro_Oil_RegQuality,0.2223190570286189,0.3486418113449281,0.4904642263751955,0.2681451693465766
Regulatory_Quality_lag1,normalized,Oil_Rent_Intensive_Pre2016_ge1pct,Country_Holdout_CV,RandomForest,M2_Macro_Oil,0.2231187428587555,0.3035561231119736,0.4562718170436137,0.2331530741848582
Regulatory_Quality_lag1,normalized,Oil_Rent_Intensive_Pre2016_ge1pct,Country_Holdout_CV,RandomForest,M3_Macro_Oil_RegQuality,0.235500354923519,0.2778323384216817,0.4616442123017409,0.2261438573782219
Regulatory_Quality_lag1,normalized,Oil_Rent_Intensive_Pre2016_ge1pct,Country_Holdout_CV,Ridge,M2_Macro_Oil,0.2203017632102102,0.3478306715160381,0.4914198591849901,0.27111809597477987
Regulatory_Quality_lag1,normalized,Oil_Rent_Intensive_Pre2016_ge1pct,Country_Holdout_CV,Ridge,M3_Macro_Oil_RegQuality,0.2231264018179566,0.341201572694405,0.4949746975043576,0.271848295686401
Regulatory_Quality_lag1,normalized,Oil_Rent_Intensive_Pre2016_ge1pct,Future_Period,ElasticNet,M2_Macro_Oil,0.289784085658858,0.3061673564118117,0.335299524296982,0.04551543863812402
Regulatory_Quality_lag1,normalized,Oil_Rent_Intensive_Pre2016_ge1pct,Future_Period,ElasticNet,M3_Macro_Oil_RegQuality,0.2904292393998431,0.3061668838205195,0.3352995967576816,0.04487035735783851
Regulatory_Quality_lag1,normalized,Oil_Rent_Intensive_Pre2016_ge1pct,Future_Period,RandomForest,M2_Macro_Oil,0.2631141016400988,0.30563846785169,0.3699805646567765,0.10686646301667768
Regulatory_Quality_lag1,normalized,Oil_Rent_Intensive_Pre2016_ge1pct,Future_Period,RandomForest,M3_Macro_Oil_RegQuality,0.2689218850703891,0.2959672401319252,0.3468050251097793,0.07788314003939018
Regulatory_Quality_lag1,normalized,Oil_Rent_Intensive_Pre2016_ge1pct,Future_Period,Ridge,M2_Macro_Oil,0.288920850630736,0.305809855397981,0.333994371306672,0.04507352067593595
Regulatory_Quality_lag1,normalized,Oil_Rent_Intensive_Pre2016_ge1pct,Future_Period,Ridge,M3_Macro_Oil_RegQuality,0.2906847899326564,0.3074094587120627,0.3360327484626332,0.045347958529976806
Regulatory_Quality_lag1,normalized,Oil_Rent_Intensive_Pre2016_ge5pct,Country_Holdout_CV,ElasticNet,M2_Macro_Oil,0.2790414895721896,0.3268379969253487,0.4951215156563819,0.2160800260841923
Regulatory_Quality_lag1,normalized,Oil_Rent_Intensive_Pre2016_ge5pct,Country_Holdout_CV,ElasticNet,M3_Macro_Oil_RegQuality,0.2806595241163961,0.3151317151122571,0.4962820603530481,0.215622536236652
Regulatory_Quality_lag1,normalized,Oil_Rent_Intensive_Pre2016_ge5pct,Country_Holdout_CV,RandomForest,M2_Macro_Oil,0.2160307970087571,0.2761854195743468,0.4206538313626904,0.2046230343539333
Regulatory_Quality_lag1,normalized,Oil_Rent_Intensive_Pre2016_ge5pct,Country_Holdout_CV,RandomForest,M3_Macro_Oil_RegQuality,0.0779541859860599,0.3017676494959411,0.4422461404576581,0.3642919544715982
Regulatory_Quality_lag1,normalized,Oil_Rent_Intensive_Pre2016_ge5pct,Country_Holdout_CV,Ridge,M2_Macro_Oil,0.2774875210190837,0.322104342262025,0.4959654080418423,0.2184778870227586
Regulatory_Quality_lag1,normalized,Oil_Rent_Intensive_Pre2016_ge5pct,Country_Holdout_CV,Ridge,M3_Macro_Oil_RegQuality,0.2815676238953625,0.3098337721144746,0.4999931545686082,0.21842553067324572
Regulatory_Quality_lag1,normalized,Oil_Rent_Intensive_Pre2016_ge5pct,Future_Period,ElasticNet,M2_Macro_Oil,0.236075846917164,0.2755905863416651,0.3031484986790117,0.06707265176184773
Regulatory_Quality_lag1,normalized,Oil_Rent_Intensive_Pre2016_ge5pct,Future_Period,ElasticNet,M3_Macro_Oil_RegQuality,0.2369718679966063,0.2758594147081625,0.3034390679176262,0.0664671999210199
Regulatory_Quality_lag1,normalized,Oil_Rent_Intensive_Pre2016_ge5pct,Future_Period,RandomForest,M2_Macro_Oil,0.2539342001307335,0.2738963460296665,0.300254749998179,0.04632054986744555
Regulatory_Quality_lag1,normalized,Oil_Rent_Intensive_Pre2016_ge5pct,Future_Period,RandomForest,M3_Macro_Oil_RegQuality,0.223159201183333,0.2714527571470959,0.3322807965982817,0.1091215954149487
Regulatory_Quality_lag1,normalized,Oil_Rent_Intensive_Pre2016_ge5pct,Future_Period,Ridge,M2_Macro_Oil,0.2324027893931091,0.2750495400098095,0.3014730404622044,0.06907025106909531
Regulatory_Quality_lag1,normalized,Oil_Rent_Intensive_Pre2016_ge5pct,Future_Period,Ridge,M3_Macro_Oil_RegQuality,0.2338530991479535,0.2772364618922189,0.3035393443955329,0.06968624524757938
Regulatory_Quality_lag1,raw_ratio_stress,All_Eligible,Country_Holdout_CV,ElasticNet,M2_Macro_Oil,0.0643221924263955,0.3897849593659156,0.4494387562171583,0.38511656379076276
Regulatory_Quality_lag1,raw_ratio_stress,All_Eligible,Country_Holdout_CV,ElasticNet,M3_Macro_Oil_RegQuality,0.0649403888372429,0.3902888666237274,0.452610468237871,0.3876700794006281
Regulatory_Quality_lag1,raw_ratio_stress,All_Eligible,Country_Holdout_CV,RandomForest,M2_Macro_Oil,-8.153089853084147,0.3329103537855966,0.5236538579132177,8.676743710997364
Regulatory_Quality_lag1,raw_ratio_stress,All_Eligible,Country_Holdout_CV,RandomForest,M3_Macro_Oil_RegQuality,-13.063528075346506,0.3235528819914478,0.3875894430008194,13.451117518347326
Regulatory_Quality_lag1,raw_ratio_stress,All_Eligible,Country_Holdout_CV,Ridge,M2_Macro_Oil,0.0625486419185438,0.3898061441027491,0.4500764616543261,0.38752781973578226
Regulatory_Quality_lag1,raw_ratio_stress,All_Eligible,Country_Holdout_CV,Ridge,M3_Macro_Oil_RegQuality,0.063087255743175,0.3902197097319884,0.4497568943711265,0.38666963862795145
Regulatory_Quality_lag1,raw_ratio_stress,All_Eligible,Future_Period,ElasticNet,M2_Macro_Oil,-3.658110027968245,-0.1548665372973801,0.2662054958783326,3.9243155238465772
Regulatory_Quality_lag1,raw_ratio_stress,All_Eligible,Future_Period,ElasticNet,M3_Macro_Oil_RegQuality,-3.6598860807298967,-0.1546526549637803,0.2666195812917156,3.9265056620216123
Regulatory_Quality_lag1,raw_ratio_stress,All_Eligible,Future_Period,RandomForest,M2_Macro_Oil,-0.7282397401548397,-0.0442694571126978,0.3443257775463026,1.0725655177011424
Regulatory_Quality_lag1,raw_ratio_stress,All_Eligible,Future_Period,RandomForest,M3_Macro_Oil_RegQuality,-0.6799809424389958,0.0358627839156839,0.3596977874184704,1.0396787298574661
Regulatory_Quality_lag1,raw_ratio_stress,All_Eligible,Future_Period,Ridge,M2_Macro_Oil,-3.698346618764024,-0.1616844312213576,0.2638302361813721,3.962176854945396
Regulatory_Quality_lag1,raw_ratio_stress,All_Eligible,Future_Period,Ridge,M3_Macro_Oil_RegQuality,-3.700257062886923,-0.1615333705539445,0.2641984878332265,3.9644555507201495
