sample_id,signal,target_role,target,universe,universe_type,universe_threshold,validation,split_id,train_rows,test_rows,train_countries,test_countries,algorithm,model,r2,mae,median_ae,target_mean,target_sd,target_min,target_p01,target_median,target_p99,target_max,prediction_min,prediction_median,prediction_max,features_json,prediction_span,target_span
M1_Macro_vs_M2_Macro_Oil__raw_ratio_stress__All_Eligible,Oil_Rents_GDP_Pct_lag1,raw_ratio_stress,Inward_FDI_Net_Flow_GDP_Pct,All_Eligible,all,,Country_Holdout_CV,fold_0,4010,724,156,29,ElasticNet,M1_Macro,0.3403609562273851,3.205422334791976,1.9239907490907424,4.531011249621557,6.785407989123179,-31.55204544605841,-6.275232549159464,2.739176575463966,26.033950859722943,74.81692614872443,-15.491488277662029,4.466482421920004,51.633950402803634,"[""Inward_FDI_Net_Flow_GDP_Pct_lag1"", ""GDP_log_lag1"", ""Population_log_lag1"", ""Inflation_CPI_Annual_Pct_lag1"", ""Electricity_Access_Pct_lag1""]",67.12543868046566,106.36897159478285
M1_Macro_vs_M2_Macro_Oil__raw_ratio_stress__All_Eligible,Oil_Rents_GDP_Pct_lag1,raw_ratio_stress,Inward_FDI_Net_Flow_GDP_Pct,All_Eligible,all,,Country_Holdout_CV,fold_0,4010,724,156,29,ElasticNet,M2_Macro_Oil,0.3362788790768997,3.241646404684192,2.001852097705185,4.531011249621557,6.785407989123179,-31.55204544605841,-6.275232549159464,2.739176575463966,26.033950859722943,74.81692614872443,-15.217886198957174,4.4893488110044,51.85140229440063,"[""Inward_FDI_Net_Flow_GDP_Pct_lag1"", ""GDP_log_lag1"", ""Population_log_lag1"", ""Inflation_CPI_Annual_Pct_lag1"", ""Electricity_Access_Pct_lag1"", ""Oil_Rents_GDP_Pct_lag1""]",67.0692884933578,106.36897159478285
M1_Macro_vs_M2_Macro_Oil__raw_ratio_stress__All_Eligible,Oil_Rents_GDP_Pct_lag1,raw_ratio_stress,Inward_FDI_Net_Flow_GDP_Pct,All_Eligible,all,,Country_Holdout_CV,fold_0,4010,724,156,29,RandomForest,M1_Macro,-39.91038566663989,11.732087879986674,1.2022537461688036,4.531011249621557,6.785407989123179,-31.55204544605841,-6.275232549159464,2.739176575463966,26.033950859722943,74.81692614872443,-7.844345130863698,2.920327929716234,221.39683926235608,"[""Inward_FDI_Net_Flow_GDP_Pct_lag1"", ""GDP_log_lag1"", ""Population_log_lag1"", ""Inflation_CPI_Annual_Pct_lag1"", ""Electricity_Access_Pct_lag1""]",229.24118439321978,106.36897159478285
M1_Macro_vs_M2_Macro_Oil__raw_ratio_stress__All_Eligible,Oil_Rents_GDP_Pct_lag1,raw_ratio_stress,Inward_FDI_Net_Flow_GDP_Pct,All_Eligible,all,,Country_Holdout_CV,fold_0,4010,724,156,29,RandomForest,M2_Macro_Oil,-16.556780757226054,8.552289979070842,1.26404677987177,4.531011249621557,6.785407989123179,-31.55204544605841,-6.275232549159464,2.739176575463966,26.033950859722943,74.81692614872443,-5.510607424658996,3.0616816647083187,150.835546911712,"[""Inward_FDI_Net_Flow_GDP_Pct_lag1"", ""GDP_log_lag1"", ""Population_log_lag1"", ""Inflation_CPI_Annual_Pct_lag1"", ""Electricity_Access_Pct_lag1"", ""Oil_Rents_GDP_Pct_lag1""]",156.34615433637097,106.36897159478285
M1_Macro_vs_M2_Macro_Oil__raw_ratio_stress__All_Eligible,Oil_Rents_GDP_Pct_lag1,raw_ratio_stress,Inward_FDI_Net_Flow_GDP_Pct,All_Eligible,all,,Country_Holdout_CV,fold_0,4010,724,156,29,Ridge,M1_Macro,0.3373270452578218,3.222185300110418,1.9770801488370096,4.531011249621557,6.785407989123179,-31.55204544605841,-6.275232549159464,2.739176575463966,26.033950859722943,74.81692614872443,-15.477113960875524,4.4563594796644,51.9441718402175,"[""Inward_FDI_Net_Flow_GDP_Pct_lag1"", ""GDP_log_lag1"", ""Population_log_lag1"", ""Inflation_CPI_Annual_Pct_lag1"", ""Electricity_Access_Pct_lag1""]",67.42128580109302,106.36897159478285
M1_Macro_vs_M2_Macro_Oil__raw_ratio_stress__All_Eligible,Oil_Rents_GDP_Pct_lag1,raw_ratio_stress,Inward_FDI_Net_Flow_GDP_Pct,All_Eligible,all,,Country_Holdout_CV,fold_0,4010,724,156,29,Ridge,M2_Macro_Oil,0.3330656277699347,3.261835782562388,2.0539304991788394,4.531011249621557,6.785407989123179,-31.55204544605841,-6.275232549159464,2.739176575463966,26.033950859722943,74.81692614872443,-15.196907523099398,4.499974310541153,52.16655495235656,"[""Inward_FDI_Net_Flow_GDP_Pct_lag1"", ""GDP_log_lag1"", ""Population_log_lag1"", ""Inflation_CPI_Annual_Pct_lag1"", ""Electricity_Access_Pct_lag1"", ""Oil_Rents_GDP_Pct_lag1""]",67.36346247545596,106.36897159478285
M1_Macro_vs_M2_Macro_Oil__raw_ratio_stress__All_Eligible,Oil_Rents_GDP_Pct_lag1,raw_ratio_stress,Inward_FDI_Net_Flow_GDP_Pct,All_Eligible,all,,Country_Holdout_CV,fold_1,3580,1154,142,43,ElasticNet,M1_Macro,0.4691420603370694,3.043688234972991,2.14403826199991,4.104380071751251,6.319186726351915,-16.205300794119097,-2.805261377047512,2.3986366046527365,34.08650331568472,58.51837251032528,-7.124728247869294,4.0921503177206935,42.5735337952734,"[""Inward_FDI_Net_Flow_GDP_Pct_lag1"", ""GDP_log_lag1"", ""Population_log_lag1"", ""Inflation_CPI_Annual_Pct_lag1"", ""Electricity_Access_Pct_lag1""]",49.69826204314269,74.72367330444438
M1_Macro_vs_M2_Macro_Oil__raw_ratio_stress__All_Eligible,Oil_Rents_GDP_Pct_lag1,raw_ratio_stress,Inward_FDI_Net_Flow_GDP_Pct,All_Eligible,all,,Country_Holdout_CV,fold_1,3580,1154,142,43,ElasticNet,M2_Macro_Oil,0.4724833563084434,3.013631355690042,2.1224735617085364,4.104380071751251,6.319186726351915,-16.205300794119097,-2.805261377047512,2.3986366046527365,34.08650331568472,58.51837251032528,-7.163042383552875,4.1249582205509245,42.66845269506712,"[""Inward_FDI_Net_Flow_GDP_Pct_lag1"", ""GDP_log_lag1"", ""Population_log_lag1"", ""Inflation_CPI_Annual_Pct_lag1"", ""Electricity_Access_Pct_lag1"", ""Oil_Rents_GDP_Pct_lag1""]",49.831495078619994,74.72367330444438
M1_Macro_vs_M2_Macro_Oil__raw_ratio_stress__All_Eligible,Oil_Rents_GDP_Pct_lag1,raw_ratio_stress,Inward_FDI_Net_Flow_GDP_Pct,All_Eligible,all,,Country_Holdout_CV,fold_1,3580,1154,142,43,RandomForest,M1_Macro,0.4142478985902748,2.471165092766103,1.2798576809437514,4.104380071751251,6.319186726351915,-16.205300794119097,-2.805261377047512,2.3986366046527365,34.08650331568472,58.51837251032528,-9.093364793171482,2.875057574249568,53.76061846898303,"[""Inward_FDI_Net_Flow_GDP_Pct_lag1"", ""GDP_log_lag1"", ""Population_log_lag1"", ""Inflation_CPI_Annual_Pct_lag1"", ""Electricity_Access_Pct_lag1""]",62.853983262154514,74.72367330444438
M1_Macro_vs_M2_Macro_Oil__raw_ratio_stress__All_Eligible,Oil_Rents_GDP_Pct_lag1,raw_ratio_stress,Inward_FDI_Net_Flow_GDP_Pct,All_Eligible,all,,Country_Holdout_CV,fold_1,3580,1154,142,43,RandomForest,M2_Macro_Oil,0.3815781249698613,2.499738759480421,1.2706329890814654,4.104380071751251,6.319186726351915,-16.205300794119097,-2.805261377047512,2.3986366046527365,34.08650331568472,58.51837251032528,-4.3920605352985405,2.950741785754305,63.58514285614392,"[""Inward_FDI_Net_Flow_GDP_Pct_lag1"", ""GDP_log_lag1"", ""Population_log_lag1"", ""Inflation_CPI_Annual_Pct_lag1"", ""Electricity_Access_Pct_lag1"", ""Oil_Rents_GDP_Pct_lag1""]",67.97720339144246,74.72367330444438
M1_Macro_vs_M2_Macro_Oil__raw_ratio_stress__All_Eligible,Oil_Rents_GDP_Pct_lag1,raw_ratio_stress,Inward_FDI_Net_Flow_GDP_Pct,All_Eligible,all,,Country_Holdout_CV,fold_1,3580,1154,142,43,Ridge,M1_Macro,0.4674603855916835,3.0530704983316763,2.170491304356161,4.104380071751251,6.319186726351915,-16.205300794119097,-2.805261377047512,2.3986366046527365,34.08650331568472,58.51837251032528,-7.322503499597377,4.055598724294657,42.70993570840152,"[""Inward_FDI_Net_Flow_GDP_Pct_lag1"", ""GDP_log_lag1"", ""Population_log_lag1"", ""Inflation_CPI_Annual_Pct_lag1"", ""Electricity_Access_Pct_lag1""]",50.03243920799889,74.72367330444438
M1_Macro_vs_M2_Macro_Oil__raw_ratio_stress__All_Eligible,Oil_Rents_GDP_Pct_lag1,raw_ratio_stress,Inward_FDI_Net_Flow_GDP_Pct,All_Eligible,all,,Country_Holdout_CV,fold_1,3580,1154,142,43,Ridge,M2_Macro_Oil,0.4706248332875791,3.0254700017172738,2.135072591647594,4.104380071751251,6.319186726351915,-16.205300794119097,-2.805261377047512,2.3986366046527365,34.08650331568472,58.51837251032528,-7.363593777303616,4.097288278669967,42.80648776274165,"[""Inward_FDI_Net_Flow_GDP_Pct_lag1"", ""GDP_log_lag1"", ""Population_log_lag1"", ""Inflation_CPI_Annual_Pct_lag1"", ""Electricity_Access_Pct_lag1"", ""Oil_Rents_GDP_Pct_lag1""]",50.17008154004526,74.72367330444438
M1_Macro_vs_M2_Macro_Oil__raw_ratio_stress__All_Eligible,Oil_Rents_GDP_Pct_lag1,raw_ratio_stress,Inward_FDI_Net_Flow_GDP_Pct,All_Eligible,all,,Country_Holdout_CV,fold_2,3786,948,148,37,ElasticNet,M1_Macro,0.3903595397119052,6.768609457309431,1.8455368224698387,8.114775409608777,37.42914919419976,-391.5551190092479,-10.060308630773228,3.3825596509596885,143.24496670517232,452.2208630141506,-66.6810874600583,3.9816338456156606,287.64349607727934,"[""Inward_FDI_Net_Flow_GDP_Pct_lag1"", ""GDP_log_lag1"", ""Population_log_lag1"", ""Inflation_CPI_Annual_Pct_lag1"", ""Electricity_Access_Pct_lag1""]",354.3245835373376,843.7759820233985
M1_Macro_vs_M2_Macro_Oil__raw_ratio_stress__All_Eligible,Oil_Rents_GDP_Pct_lag1,raw_ratio_stress,Inward_FDI_Net_Flow_GDP_Pct,All_Eligible,all,,Country_Holdout_CV,fold_2,3786,948,148,37,ElasticNet,M2_Macro_Oil,0.3906628690621104,6.733871943967467,1.8649105219998128,8.114775409608777,37.42914919419976,-391.5551190092479,-10.060308630773228,3.3825596509596885,143.24496670517232,452.2208630141506,-66.5261540588887,3.9196944246482026,287.6808219844712,"[""Inward_FDI_Net_Flow_GDP_Pct_lag1"", ""GDP_log_lag1"", ""Population_log_lag1"", ""Inflation_CPI_Annual_Pct_lag1"", ""Electricity_Access_Pct_lag1"", ""Oil_Rents_GDP_Pct_lag1""]",354.2069760433599,843.7759820233985
M1_Macro_vs_M2_Macro_Oil__raw_ratio_stress__All_Eligible,Oil_Rents_GDP_Pct_lag1,raw_ratio_stress,Inward_FDI_Net_Flow_GDP_Pct,All_Eligible,all,,Country_Holdout_CV,fold_2,3786,948,148,37,RandomForest,M1_Macro,0.3227124359664143,6.597924653414816,1.3693838111861591,8.114775409608777,37.42914919419976,-391.5551190092479,-10.060308630773228,3.3825596509596885,143.24496670517232,452.2208630141506,-9.787902282076718,3.504435638838851,471.3976353311735,"[""Inward_FDI_Net_Flow_GDP_Pct_lag1"", ""GDP_log_lag1"", ""Population_log_lag1"", ""Inflation_CPI_Annual_Pct_lag1"", ""Electricity_Access_Pct_lag1""]",481.18553761325023,843.7759820233985
M1_Macro_vs_M2_Macro_Oil__raw_ratio_stress__All_Eligible,Oil_Rents_GDP_Pct_lag1,raw_ratio_stress,Inward_FDI_Net_Flow_GDP_Pct,All_Eligible,all,,Country_Holdout_CV,fold_2,3786,948,148,37,RandomForest,M2_Macro_Oil,0.3395398729632753,6.462759282866826,1.3571155209675452,8.114775409608777,37.42914919419976,-391.5551190092479,-10.060308630773228,3.3825596509596885,143.24496670517232,452.2208630141506,-5.456869186237915,3.5046436829106806,466.4524388951439,"[""Inward_FDI_Net_Flow_GDP_Pct_lag1"", ""GDP_log_lag1"", ""Population_log_lag1"", ""Inflation_CPI_Annual_Pct_lag1"", ""Electricity_Access_Pct_lag1"", ""Oil_Rents_GDP_Pct_lag1""]",471.9093080813818,843.7759820233985
M1_Macro_vs_M2_Macro_Oil__raw_ratio_stress__All_Eligible,Oil_Rents_GDP_Pct_lag1,raw_ratio_stress,Inward_FDI_Net_Flow_GDP_Pct,All_Eligible,all,,Country_Holdout_CV,fold_2,3786,948,148,37,Ridge,M1_Macro,0.3904146741598858,6.791374889677232,1.8981997709066536,8.114775409608777,37.42914919419976,-391.5551190092479,-10.060308630773228,3.3825596509596885,143.24496670517232,452.2208630141506,-66.87659396550791,3.955057615319068,289.02689302226673,"[""Inward_FDI_Net_Flow_GDP_Pct_lag1"", ""GDP_log_lag1"", ""Population_log_lag1"", ""Inflation_CPI_Annual_Pct_lag1"", ""Electricity_Access_Pct_lag1""]",355.9034869877746,843.7759820233985
M1_Macro_vs_M2_Macro_Oil__raw_ratio_stress__All_Eligible,Oil_Rents_GDP_Pct_lag1,raw_ratio_stress,Inward_FDI_Net_Flow_GDP_Pct,All_Eligible,all,,Country_Holdout_CV,fold_2,3786,948,148,37,Ridge,M2_Macro_Oil,0.3907226520563412,6.755792944733728,1.8909437254453296,8.114775409608777,37.42914919419976,-391.5551190092479,-10.060308630773228,3.3825596509596885,143.24496670517232,452.2208630141506,-66.71680552127653,3.888785834120265,289.06474650592565,"[""Inward_FDI_Net_Flow_GDP_Pct_lag1"", ""GDP_log_lag1"", ""Population_log_lag1"", ""Inflation_CPI_Annual_Pct_lag1"", ""Electricity_Access_Pct_lag1"", ""Oil_Rents_GDP_Pct_lag1""]",355.78155202720217,843.7759820233985
M1_Macro_vs_M2_Macro_Oil__raw_ratio_stress__All_Eligible,Oil_Rents_GDP_Pct_lag1,raw_ratio_stress,Inward_FDI_Net_Flow_GDP_Pct,All_Eligible,all,,Country_Holdout_CV,fold_3,3831,903,148,37,ElasticNet,M1_Macro,0.0696700110000444,5.438612729516255,1.6253918802137404,5.945807192200678,28.06358636491248,-296.0133334563628,-10.178476300902211,1.9897401699268915,107.6480981353161,431.7885759104592,-190.4144099889321,3.3747281125170208,287.3904806013549,"[""Inward_FDI_Net_Flow_GDP_Pct_lag1"", ""GDP_log_lag1"", ""Population_log_lag1"", ""Inflation_CPI_Annual_Pct_lag1"", ""Electricity_Access_Pct_lag1""]",477.804890590287,727.801909366822
M1_Macro_vs_M2_Macro_Oil__raw_ratio_stress__All_Eligible,Oil_Rents_GDP_Pct_lag1,raw_ratio_stress,Inward_FDI_Net_Flow_GDP_Pct,All_Eligible,all,,Country_Holdout_CV,fold_3,3831,903,148,37,ElasticNet,M2_Macro_Oil,0.0694065582647271,5.515709392579426,1.736149750843082,5.945807192200678,28.06358636491248,-296.0133334563628,-10.178476300902211,1.9897401699268915,107.6480981353161,431.7885759104592,-190.0785291290021,3.374991956779924,287.418867417758,"[""Inward_FDI_Net_Flow_GDP_Pct_lag1"", ""GDP_log_lag1"", ""Population_log_lag1"", ""Inflation_CPI_Annual_Pct_lag1"", ""Electricity_Access_Pct_lag1"", ""Oil_Rents_GDP_Pct_lag1""]",477.4973965467601,727.801909366822
M1_Macro_vs_M2_Macro_Oil__raw_ratio_stress__All_Eligible,Oil_Rents_GDP_Pct_lag1,raw_ratio_stress,Inward_FDI_Net_Flow_GDP_Pct,All_Eligible,all,,Country_Holdout_CV,fold_3,3831,903,148,37,RandomForest,M1_Macro,0.058326957397866,5.078237194561976,1.102983955933917,5.945807192200678,28.06358636491248,-296.0133334563628,-10.178476300902211,1.9897401699268915,107.6480981353161,431.7885759104592,-5.783390912878636,2.508179461205321,348.72727130452574,"[""Inward_FDI_Net_Flow_GDP_Pct_lag1"", ""GDP_log_lag1"", ""Population_log_lag1"", ""Inflation_CPI_Annual_Pct_lag1"", ""Electricity_Access_Pct_lag1""]",354.5106622174044,727.801909366822
M1_Macro_vs_M2_Macro_Oil__raw_ratio_stress__All_Eligible,Oil_Rents_GDP_Pct_lag1,raw_ratio_stress,Inward_FDI_Net_Flow_GDP_Pct,All_Eligible,all,,Country_Holdout_CV,fold_3,3831,903,148,37,RandomForest,M2_Macro_Oil,0.1071122693212469,5.153724053649302,1.2510178671685344,5.945807192200678,28.06358636491248,-296.0133334563628,-10.178476300902211,1.9897401699268915,107.6480981353161,431.7885759104592,-26.27549628407564,2.591838687890176,315.62697389349404,"[""Inward_FDI_Net_Flow_GDP_Pct_lag1"", ""GDP_log_lag1"", ""Population_log_lag1"", ""Inflation_CPI_Annual_Pct_lag1"", ""Electricity_Access_Pct_lag1"", ""Oil_Rents_GDP_Pct_lag1""]",341.9024701775697,727.801909366822
M1_Macro_vs_M2_Macro_Oil__raw_ratio_stress__All_Eligible,Oil_Rents_GDP_Pct_lag1,raw_ratio_stress,Inward_FDI_Net_Flow_GDP_Pct,All_Eligible,all,,Country_Holdout_CV,fold_3,3831,903,148,37,Ridge,M1_Macro,0.0678982035408142,5.440429321998024,1.635013299790473,5.945807192200678,28.06358636491248,-296.0133334563628,-10.178476300902211,1.9897401699268915,107.6480981353161,431.7885759104592,-191.3454914059741,3.358680490193889,288.7491835945338,"[""Inward_FDI_Net_Flow_GDP_Pct_lag1"", ""GDP_log_lag1"", ""Population_log_lag1"", ""Inflation_CPI_Annual_Pct_lag1"", ""Electricity_Access_Pct_lag1""]",480.0946750005079,727.801909366822
M1_Macro_vs_M2_Macro_Oil__raw_ratio_stress__All_Eligible,Oil_Rents_GDP_Pct_lag1,raw_ratio_stress,Inward_FDI_Net_Flow_GDP_Pct,All_Eligible,all,,Country_Holdout_CV,fold_3,3831,903,148,37,Ridge,M2_Macro_Oil,0.0676283344819034,5.5191870671978185,1.7537108265361052,5.945807192200678,28.06358636491248,-296.0133334563628,-10.178476300902211,1.9897401699268915,107.6480981353161,431.7885759104592,-191.00271541011176,3.381272579164431,288.776613983071,"[""Inward_FDI_Net_Flow_GDP_Pct_lag1"", ""GDP_log_lag1"", ""Population_log_lag1"", ""Inflation_CPI_Annual_Pct_lag1"", ""Electricity_Access_Pct_lag1"", ""Oil_Rents_GDP_Pct_lag1""]",479.77932939318276,727.801909366822
M1_Macro_vs_M2_Macro_Oil__raw_ratio_stress__All_Eligible,Oil_Rents_GDP_Pct_lag1,raw_ratio_stress,Inward_FDI_Net_Flow_GDP_Pct,All_Eligible,all,,Country_Holdout_CV,fold_4,3729,1005,146,39,ElasticNet,M1_Macro,0.4507145983195698,6.505878343561367,1.4919157373154004,9.30341208180284,73.22429223314211,-40.10824601697438,-4.019254920771766,2.814135578124266,59.38149858093247,1709.8272317393,-19.48769781158608,4.250941002308755,955.1761810185318,"[""Inward_FDI_Net_Flow_GDP_Pct_lag1"", ""GDP_log_lag1"", ""Population_log_lag1"", ""Inflation_CPI_Annual_Pct_lag1"", ""Electricity_Access_Pct_lag1""]",974.6638788301178,1749.9354777562744
M1_Macro_vs_M2_Macro_Oil__raw_ratio_stress__All_Eligible,Oil_Rents_GDP_Pct_lag1,raw_ratio_stress,Inward_FDI_Net_Flow_GDP_Pct,All_Eligible,all,,Country_Holdout_CV,fold_4,3729,1005,146,39,ElasticNet,M2_Macro_Oil,0.4506729451935055,6.518301127883447,1.5287690721147251,9.30341208180284,73.22429223314211,-40.10824601697438,-4.019254920771766,2.814135578124266,59.38149858093247,1709.8272317393,-19.28261468808589,4.327816326685953,954.065474129774,"[""Inward_FDI_Net_Flow_GDP_Pct_lag1"", ""GDP_log_lag1"", ""Population_log_lag1"", ""Inflation_CPI_Annual_Pct_lag1"", ""Electricity_Access_Pct_lag1"", ""Oil_Rents_GDP_Pct_lag1""]",973.3480888178599,1749.9354777562744
M1_Macro_vs_M2_Macro_Oil__raw_ratio_stress__All_Eligible,Oil_Rents_GDP_Pct_lag1,raw_ratio_stress,Inward_FDI_Net_Flow_GDP_Pct,All_Eligible,all,,Country_Holdout_CV,fold_4,3729,1005,146,39,RandomForest,M1_Macro,0.3876937440475659,6.455757559927081,1.209551012800511,9.30341208180284,73.22429223314211,-40.10824601697438,-4.019254920771766,2.814135578124266,59.38149858093247,1709.8272317393,-4.812330612879237,3.1447034824718,279.7107222636181,"[""Inward_FDI_Net_Flow_GDP_Pct_lag1"", ""GDP_log_lag1"", ""Population_log_lag1"", ""Inflation_CPI_Annual_Pct_lag1"", ""Electricity_Access_Pct_lag1""]",284.52305287649733,1749.9354777562744
M1_Macro_vs_M2_Macro_Oil__raw_ratio_stress__All_Eligible,Oil_Rents_GDP_Pct_lag1,raw_ratio_stress,Inward_FDI_Net_Flow_GDP_Pct,All_Eligible,all,,Country_Holdout_CV,fold_4,3729,1005,146,39,RandomForest,M2_Macro_Oil,0.3799681892290563,6.449974233567364,1.2188798171558872,9.30341208180284,73.22429223314211,-40.10824601697438,-4.019254920771766,2.814135578124266,59.38149858093247,1709.8272317393,-4.764175798613291,3.2152569930781416,276.51928188307886,"[""Inward_FDI_Net_Flow_GDP_Pct_lag1"", ""GDP_log_lag1"", ""Population_log_lag1"", ""Inflation_CPI_Annual_Pct_lag1"", ""Electricity_Access_Pct_lag1"", ""Oil_Rents_GDP_Pct_lag1""]",281.28345768169214,1749.9354777562744
M1_Macro_vs_M2_Macro_Oil__raw_ratio_stress__All_Eligible,Oil_Rents_GDP_Pct_lag1,raw_ratio_stress,Inward_FDI_Net_Flow_GDP_Pct,All_Eligible,all,,Country_Holdout_CV,fold_4,3729,1005,146,39,Ridge,M1_Macro,0.4513493625672056,6.502433490004169,1.4847073162344406,9.30341208180284,73.22429223314211,-40.10824601697438,-4.019254920771766,2.814135578124266,59.38149858093247,1709.8272317393,-19.59220718717608,4.222512200060658,959.855072950524,"[""Inward_FDI_Net_Flow_GDP_Pct_lag1"", ""GDP_log_lag1"", ""Population_log_lag1"", ""Inflation_CPI_Annual_Pct_lag1"", ""Electricity_Access_Pct_lag1""]",979.4472801377001,1749.9354777562744
M1_Macro_vs_M2_Macro_Oil__raw_ratio_stress__All_Eligible,Oil_Rents_GDP_Pct_lag1,raw_ratio_stress,Inward_FDI_Net_Flow_GDP_Pct,All_Eligible,all,,Country_Holdout_CV,fold_4,3729,1005,146,39,Ridge,M2_Macro_Oil,0.4513091198627145,6.516200285913085,1.5479105480165056,9.30341208180284,73.22429223314211,-40.10824601697438,-4.019254920771766,2.814135578124266,59.38149858093247,1709.8272317393,-19.381758465351098,4.32674896707292,958.7081019762408,"[""Inward_FDI_Net_Flow_GDP_Pct_lag1"", ""GDP_log_lag1"", ""Population_log_lag1"", ""Inflation_CPI_Annual_Pct_lag1"", ""Electricity_Access_Pct_lag1"", ""Oil_Rents_GDP_Pct_lag1""]",978.0898604415919,1749.9354777562744
M1_Macro_vs_M2_Macro_Oil__raw_ratio_stress__All_Eligible,Oil_Rents_GDP_Pct_lag1,raw_ratio_stress,Inward_FDI_Net_Flow_GDP_Pct,All_Eligible,all,,Future_Period,train_to_2012__test_from_2013,2969,1765,182,184,ElasticNet,M1_Macro,0.2662191265741973,6.86523484017839,1.225168129412435,7.5043949582300895,57.79455301143855,-391.5551190092479,-11.051484637953848,2.712798351386624,75.10964137527645,1709.8272317393,-253.1990201716517,3.274118092417156,1475.4175112588127,"[""Inward_FDI_Net_Flow_GDP_Pct_lag1"", ""GDP_log_lag1"", ""Population_log_lag1"", ""Inflation_CPI_Annual_Pct_lag1"", ""Electricity_Access_Pct_lag1""]",1728.6165314304644,2101.382350748548
M1_Macro_vs_M2_Macro_Oil__raw_ratio_stress__All_Eligible,Oil_Rents_GDP_Pct_lag1,raw_ratio_stress,Inward_FDI_Net_Flow_GDP_Pct,All_Eligible,all,,Future_Period,train_to_2012__test_from_2013,2969,1765,182,184,ElasticNet,M2_Macro_Oil,0.2663057818672856,6.864825233706316,1.211877821968509,7.5043949582300895,57.79455301143855,-391.5551190092479,-11.051484637953848,2.712798351386624,75.10964137527645,1709.8272317393,-253.1134647114856,3.28762132991472,1475.202708590826,"[""Inward_FDI_Net_Flow_GDP_Pct_lag1"", ""GDP_log_lag1"", ""Population_log_lag1"", ""Inflation_CPI_Annual_Pct_lag1"", ""Electricity_Access_Pct_lag1"", ""Oil_Rents_GDP_Pct_lag1""]",1728.3161733023117,2101.382350748548
M1_Macro_vs_M2_Macro_Oil__raw_ratio_stress__All_Eligible,Oil_Rents_GDP_Pct_lag1,raw_ratio_stress,Inward_FDI_Net_Flow_GDP_Pct,All_Eligible,all,,Future_Period,train_to_2012__test_from_2013,2969,1765,182,184,RandomForest,M1_Macro,0.343730529437992,6.57270889962247,1.2731159828568483,7.5043949582300895,57.79455301143855,-391.5551190092479,-11.051484637953848,2.712798351386624,75.10964137527645,1709.8272317393,-2.6106170476427155,3.317187379468261,299.2069581073121,"[""Inward_FDI_Net_Flow_GDP_Pct_lag1"", ""GDP_log_lag1"", ""Population_log_lag1"", ""Inflation_CPI_Annual_Pct_lag1"", ""Electricity_Access_Pct_lag1""]",301.81757515495485,2101.382350748548
M1_Macro_vs_M2_Macro_Oil__raw_ratio_stress__All_Eligible,Oil_Rents_GDP_Pct_lag1,raw_ratio_stress,Inward_FDI_Net_Flow_GDP_Pct,All_Eligible,all,,Future_Period,train_to_2012__test_from_2013,2969,1765,182,184,RandomForest,M2_Macro_Oil,0.3572510601688228,6.506266979133102,1.257349927232443,7.5043949582300895,57.79455301143855,-391.5551190092479,-11.051484637953848,2.712798351386624,75.10964137527645,1709.8272317393,-2.3838936271333315,3.2583229656817245,320.24762467173946,"[""Inward_FDI_Net_Flow_GDP_Pct_lag1"", ""GDP_log_lag1"", ""Population_log_lag1"", ""Inflation_CPI_Annual_Pct_lag1"", ""Electricity_Access_Pct_lag1"", ""Oil_Rents_GDP_Pct_lag1""]",322.6315182988728,2101.382350748548
M1_Macro_vs_M2_Macro_Oil__raw_ratio_stress__All_Eligible,Oil_Rents_GDP_Pct_lag1,raw_ratio_stress,Inward_FDI_Net_Flow_GDP_Pct,All_Eligible,all,,Future_Period,train_to_2012__test_from_2013,2969,1765,182,184,Ridge,M1_Macro,0.2637593462194638,6.870465251849192,1.2220016936512972,7.5043949582300895,57.79455301143855,-391.5551190092479,-11.051484637953848,2.712798351386624,75.10964137527645,1709.8272317393,-254.4519360797628,3.2792582040051967,1482.5936854994936,"[""Inward_FDI_Net_Flow_GDP_Pct_lag1"", ""GDP_log_lag1"", ""Population_log_lag1"", ""Inflation_CPI_Annual_Pct_lag1"", ""Electricity_Access_Pct_lag1""]",1737.0456215792565,2101.382350748548
M1_Macro_vs_M2_Macro_Oil__raw_ratio_stress__All_Eligible,Oil_Rents_GDP_Pct_lag1,raw_ratio_stress,Inward_FDI_Net_Flow_GDP_Pct,All_Eligible,all,,Future_Period,train_to_2012__test_from_2013,2969,1765,182,184,Ridge,M2_Macro_Oil,0.2638514951833617,6.870099132177203,1.1988843300722047,7.5043949582300895,57.79455301143855,-391.5551190092479,-11.051484637953848,2.712798351386624,75.10964137527645,1709.8272317393,-254.36193128062763,3.2814258181580804,1482.366995067465,"[""Inward_FDI_Net_Flow_GDP_Pct_lag1"", ""GDP_log_lag1"", ""Population_log_lag1"", ""Inflation_CPI_Annual_Pct_lag1"", ""Electricity_Access_Pct_lag1"", ""Oil_Rents_GDP_Pct_lag1""]",1736.7289263480927,2101.382350748548
M1_Macro_vs_M2_Macro_Oil__raw_ratio_stress__All_Eligible,Oil_Rents_GDP_Pct_lag1,raw_ratio_stress,Inward_FDI_Net_Flow_GDP_Pct,All_Eligible,all,,Future_Period,train_to_2014__test_from_2015,3330,1404,183,184,ElasticNet,M1_Macro,-0.1522925854426811,7.601826742545547,1.0687830450819935,6.736614557525994,54.651507198626106,-391.5551190092479,-16.150129027070133,2.641183360482157,74.35974484576498,1709.8272317393,-300.9510658788474,2.794871567771436,1743.1798256243744,"[""Inward_FDI_Net_Flow_GDP_Pct_lag1"", ""GDP_log_lag1"", ""Population_log_lag1"", ""Inflation_CPI_Annual_Pct_lag1"", ""Electricity_Access_Pct_lag1""]",2044.1308915032218,2101.382350748548
M1_Macro_vs_M2_Macro_Oil__raw_ratio_stress__All_Eligible,Oil_Rents_GDP_Pct_lag1,raw_ratio_stress,Inward_FDI_Net_Flow_GDP_Pct,All_Eligible,all,,Future_Period,train_to_2014__test_from_2015,3330,1404,183,184,ElasticNet,M2_Macro_Oil,-0.1522925878758516,7.60182671010034,1.0687835418285263,6.736614557525994,54.651507198626106,-391.5551190092479,-16.150129027070133,2.641183360482157,74.35974484576498,1709.8272317393,-300.95106704716494,2.794871372238916,1743.1798287565837,"[""Inward_FDI_Net_Flow_GDP_Pct_lag1"", ""GDP_log_lag1"", ""Population_log_lag1"", ""Inflation_CPI_Annual_Pct_lag1"", ""Electricity_Access_Pct_lag1"", ""Oil_Rents_GDP_Pct_lag1""]",2044.1308958037487,2101.382350748548
M1_Macro_vs_M2_Macro_Oil__raw_ratio_stress__All_Eligible,Oil_Rents_GDP_Pct_lag1,raw_ratio_stress,Inward_FDI_Net_Flow_GDP_Pct,All_Eligible,all,,Future_Period,train_to_2014__test_from_2015,3330,1404,183,184,RandomForest,M1_Macro,0.2985015650061272,6.860008195881244,1.2298275128154827,6.736614557525994,54.651507198626106,-391.5551190092479,-16.150129027070133,2.641183360482157,74.35974484576498,1709.8272317393,-1.4935899689607557,3.1474040340411875,492.76252579011526,"[""Inward_FDI_Net_Flow_GDP_Pct_lag1"", ""GDP_log_lag1"", ""Population_log_lag1"", ""Inflation_CPI_Annual_Pct_lag1"", ""Electricity_Access_Pct_lag1""]",494.256115759076,2101.382350748548
M1_Macro_vs_M2_Macro_Oil__raw_ratio_stress__All_Eligible,Oil_Rents_GDP_Pct_lag1,raw_ratio_stress,Inward_FDI_Net_Flow_GDP_Pct,All_Eligible,all,,Future_Period,train_to_2014__test_from_2015,3330,1404,183,184,RandomForest,M2_Macro_Oil,0.3069822888159488,6.944626632137612,1.1579131971398429,6.736614557525994,54.651507198626106,-391.5551190092479,-16.150129027070133,2.641183360482157,74.35974484576498,1709.8272317393,-2.185997878458841,3.1872395753565206,495.6790871242896,"[""Inward_FDI_Net_Flow_GDP_Pct_lag1"", ""GDP_log_lag1"", ""Population_log_lag1"", ""Inflation_CPI_Annual_Pct_lag1"", ""Electricity_Access_Pct_lag1"", ""Oil_Rents_GDP_Pct_lag1""]",497.86508500274846,2101.382350748548
M1_Macro_vs_M2_Macro_Oil__raw_ratio_stress__All_Eligible,Oil_Rents_GDP_Pct_lag1,raw_ratio_stress,Inward_FDI_Net_Flow_GDP_Pct,All_Eligible,all,,Future_Period,train_to_2014__test_from_2015,3330,1404,183,184,Ridge,M1_Macro,-0.159250281047705,7.616044484892356,1.0662768704575902,6.736614557525994,54.651507198626106,-391.5551190092479,-16.150129027070133,2.641183360482157,74.35974484576498,1709.8272317393,-302.4624865195803,2.7852960812461287,1751.688381576346,"[""Inward_FDI_Net_Flow_GDP_Pct_lag1"", ""GDP_log_lag1"", ""Population_log_lag1"", ""Inflation_CPI_Annual_Pct_lag1"", ""Electricity_Access_Pct_lag1""]",2054.1508680959264,2101.382350748548
M1_Macro_vs_M2_Macro_Oil__raw_ratio_stress__All_Eligible,Oil_Rents_GDP_Pct_lag1,raw_ratio_stress,Inward_FDI_Net_Flow_GDP_Pct,All_Eligible,all,,Future_Period,train_to_2014__test_from_2015,3330,1404,183,184,Ridge,M2_Macro_Oil,-0.1592540871100796,7.616023905397966,1.0666761872781552,6.736614557525994,54.651507198626106,-391.5551190092479,-16.150129027070133,2.641183360482157,74.35974484576498,1709.8272317393,-302.46445962325583,2.7843056384620706,1751.6929541948673,"[""Inward_FDI_Net_Flow_GDP_Pct_lag1"", ""GDP_log_lag1"", ""Population_log_lag1"", ""Inflation_CPI_Annual_Pct_lag1"", ""Electricity_Access_Pct_lag1"", ""Oil_Rents_GDP_Pct_lag1""]",2054.157413818123,2101.382350748548
M1_Macro_vs_M2_Macro_Oil__raw_ratio_stress__All_Eligible,Oil_Rents_GDP_Pct_lag1,raw_ratio_stress,Inward_FDI_Net_Flow_GDP_Pct,All_Eligible,all,,Future_Period,train_to_2015__test_from_2016,3510,1224,183,181,ElasticNet,M1_Macro,-3.636557970478596,8.500386172096984,1.1777290388599748,5.444229171601157,31.97890558733052,-391.5551190092479,-19.65589424181113,2.641183360482157,54.485490723858014,452.2208630141506,-357.208215740009,2.4301512418324545,2057.3424793820523,"[""Inward_FDI_Net_Flow_GDP_Pct_lag1"", ""GDP_log_lag1"", ""Population_log_lag1"", ""Inflation_CPI_Annual_Pct_lag1"", ""Electricity_Access_Pct_lag1""]",2414.5506951220614,843.7759820233985
M1_Macro_vs_M2_Macro_Oil__raw_ratio_stress__All_Eligible,Oil_Rents_GDP_Pct_lag1,raw_ratio_stress,Inward_FDI_Net_Flow_GDP_Pct,All_Eligible,all,,Future_Period,train_to_2015__test_from_2016,3510,1224,183,181,ElasticNet,M2_Macro_Oil,-3.637509722829523,8.501618617948061,1.1930257177368715,5.444229171601157,31.97890558733052,-391.5551190092479,-19.65589424181113,2.641183360482157,54.485490723858014,452.2208630141506,-357.3307500983237,2.384775325582356,2057.5895064157253,"[""Inward_FDI_Net_Flow_GDP_Pct_lag1"", ""GDP_log_lag1"", ""Population_log_lag1"", ""Inflation_CPI_Annual_Pct_lag1"", ""Electricity_Access_Pct_lag1"", ""Oil_Rents_GDP_Pct_lag1""]",2414.920256514049,843.7759820233985
M1_Macro_vs_M2_Macro_Oil__raw_ratio_stress__All_Eligible,Oil_Rents_GDP_Pct_lag1,raw_ratio_stress,Inward_FDI_Net_Flow_GDP_Pct,All_Eligible,all,,Future_Period,train_to_2015__test_from_2016,3510,1224,183,181,RandomForest,M1_Macro,-0.5752784102768591,6.861926317278703,1.2481748588569392,5.444229171601157,31.97890558733052,-391.5551190092479,-19.65589424181113,2.641183360482157,54.485490723858014,452.2208630141506,-1.8201967270739108,3.0955632151334465,632.7979946370303,"[""Inward_FDI_Net_Flow_GDP_Pct_lag1"", ""GDP_log_lag1"", ""Population_log_lag1"", ""Inflation_CPI_Annual_Pct_lag1"", ""Electricity_Access_Pct_lag1""]",634.6181913641043,843.7759820233985
M1_Macro_vs_M2_Macro_Oil__raw_ratio_stress__All_Eligible,Oil_Rents_GDP_Pct_lag1,raw_ratio_stress,Inward_FDI_Net_Flow_GDP_Pct,All_Eligible,all,,Future_Period,train_to_2015__test_from_2016,3510,1224,183,181,RandomForest,M2_Macro_Oil,-0.7677105519432257,6.816709756707401,1.149867699352302,5.444229171601157,31.97890558733052,-391.5551190092479,-19.65589424181113,2.641183360482157,54.485490723858014,452.2208630141506,-2.033380247568837,3.228746254345013,661.8316312889486,"[""Inward_FDI_Net_Flow_GDP_Pct_lag1"", ""GDP_log_lag1"", ""Population_log_lag1"", ""Inflation_CPI_Annual_Pct_lag1"", ""Electricity_Access_Pct_lag1"", ""Oil_Rents_GDP_Pct_lag1""]",663.8650115365175,843.7759820233985
M1_Macro_vs_M2_Macro_Oil__raw_ratio_stress__All_Eligible,Oil_Rents_GDP_Pct_lag1,raw_ratio_stress,Inward_FDI_Net_Flow_GDP_Pct,All_Eligible,all,,Future_Period,train_to_2015__test_from_2016,3510,1224,183,181,Ridge,M1_Macro,-3.6777282076208175,8.530894429163284,1.1842205201030782,5.444229171601157,31.97890558733052,-391.5551190092479,-19.65589424181113,2.641183360482157,54.485490723858014,452.2208630141506,-359.06993285665783,2.4095809309527625,2067.5127795465587,"[""Inward_FDI_Net_Flow_GDP_Pct_lag1"", ""GDP_log_lag1"", ""Population_log_lag1"", ""Inflation_CPI_Annual_Pct_lag1"", ""Electricity_Access_Pct_lag1""]",2426.5827124032166,843.7759820233985
M1_Macro_vs_M2_Macro_Oil__raw_ratio_stress__All_Eligible,Oil_Rents_GDP_Pct_lag1,raw_ratio_stress,Inward_FDI_Net_Flow_GDP_Pct,All_Eligible,all,,Future_Period,train_to_2015__test_from_2016,3510,1224,183,181,Ridge,M2_Macro_Oil,-3.6787854453601287,8.532660825181983,1.213476408693002,5.444229171601157,31.97890558733052,-391.5551190092479,-19.65589424181113,2.641183360482157,54.485490723858014,452.2208630141506,-359.20471631163485,2.369807318336988,2067.785675023808,"[""Inward_FDI_Net_Flow_GDP_Pct_lag1"", ""GDP_log_lag1"", ""Population_log_lag1"", ""Inflation_CPI_Annual_Pct_lag1"", ""Electricity_Access_Pct_lag1"", ""Oil_Rents_GDP_Pct_lag1""]",2426.990391335443,843.7759820233985
M1_Macro_vs_M2_Macro_Oil__raw_ratio_stress__All_Eligible,Oil_Rents_GDP_Pct_lag1,raw_ratio_stress,Inward_FDI_Net_Flow_GDP_Pct,All_Eligible,all,,Future_Period,train_to_2016__test_from_2017,3688,1046,184,181,ElasticNet,M1_Macro,0.0809490663300215,6.562963891563021,1.7507679457435277,5.526765434453584,34.401765329500925,-391.5551190092479,-21.175833623004785,2.599649814371629,84.90956277177874,452.2208630141506,-193.32830090199508,3.84043377772512,307.3337969802131,"[""Inward_FDI_Net_Flow_GDP_Pct_lag1"", ""GDP_log_lag1"", ""Population_log_lag1"", ""Inflation_CPI_Annual_Pct_lag1"", ""Electricity_Access_Pct_lag1""]",500.6620978822082,843.7759820233985
M1_Macro_vs_M2_Macro_Oil__raw_ratio_stress__All_Eligible,Oil_Rents_GDP_Pct_lag1,raw_ratio_stress,Inward_FDI_Net_Flow_GDP_Pct,All_Eligible,all,,Future_Period,train_to_2016__test_from_2017,3688,1046,184,181,ElasticNet,M2_Macro_Oil,0.0811439002453661,6.5756208862547725,1.775969451928708,5.526765434453584,34.401765329500925,-391.5551190092479,-21.175833623004785,2.599649814371629,84.90956277177874,452.2208630141506,-193.07575976472992,3.857469306705553,307.36341612491645,"[""Inward_FDI_Net_Flow_GDP_Pct_lag1"", ""GDP_log_lag1"", ""Population_log_lag1"", ""Inflation_CPI_Annual_Pct_lag1"", ""Electricity_Access_Pct_lag1"", ""Oil_Rents_GDP_Pct_lag1""]",500.4391758896464,843.7759820233985
M1_Macro_vs_M2_Macro_Oil__raw_ratio_stress__All_Eligible,Oil_Rents_GDP_Pct_lag1,raw_ratio_stress,Inward_FDI_Net_Flow_GDP_Pct,All_Eligible,all,,Future_Period,train_to_2016__test_from_2017,3688,1046,184,181,RandomForest,M1_Macro,-0.1293114227711913,6.42934813927995,1.2329219514308922,5.526765434453584,34.401765329500925,-391.5551190092479,-21.175833623004785,2.599649814371629,84.90956277177874,452.2208630141506,-2.20237459690804,3.1590833070883693,492.15836120057656,"[""Inward_FDI_Net_Flow_GDP_Pct_lag1"", ""GDP_log_lag1"", ""Population_log_lag1"", ""Inflation_CPI_Annual_Pct_lag1"", ""Electricity_Access_Pct_lag1""]",494.3607357974846,843.7759820233985
M1_Macro_vs_M2_Macro_Oil__raw_ratio_stress__All_Eligible,Oil_Rents_GDP_Pct_lag1,raw_ratio_stress,Inward_FDI_Net_Flow_GDP_Pct,All_Eligible,all,,Future_Period,train_to_2016__test_from_2017,3688,1046,184,181,RandomForest,M2_Macro_Oil,-0.1066692609492589,6.395527598446362,1.1964562354272317,5.526765434453584,34.401765329500925,-391.5551190092479,-21.175833623004785,2.599649814371629,84.90956277177874,452.2208630141506,-1.9146235261511664,3.147721473903213,474.79651401385047,"[""Inward_FDI_Net_Flow_GDP_Pct_lag1"", ""GDP_log_lag1"", ""Population_log_lag1"", ""Inflation_CPI_Annual_Pct_lag1"", ""Electricity_Access_Pct_lag1"", ""Oil_Rents_GDP_Pct_lag1""]",476.71113754000163,843.7759820233985
M1_Macro_vs_M2_Macro_Oil__raw_ratio_stress__All_Eligible,Oil_Rents_GDP_Pct_lag1,raw_ratio_stress,Inward_FDI_Net_Flow_GDP_Pct,All_Eligible,all,,Future_Period,train_to_2016__test_from_2017,3688,1046,184,181,Ridge,M1_Macro,0.0793196530878395,6.575243113305703,1.7942391169063918,5.526765434453584,34.401765329500925,-391.5551190092479,-21.175833623004785,2.599649814371629,84.90956277177874,452.2208630141506,-194.25263435660224,3.809173565837181,308.80077807540005,"[""Inward_FDI_Net_Flow_GDP_Pct_lag1"", ""GDP_log_lag1"", ""Population_log_lag1"", ""Inflation_CPI_Annual_Pct_lag1"", ""Electricity_Access_Pct_lag1""]",503.0534124320023,843.7759820233985
M1_Macro_vs_M2_Macro_Oil__raw_ratio_stress__All_Eligible,Oil_Rents_GDP_Pct_lag1,raw_ratio_stress,Inward_FDI_Net_Flow_GDP_Pct,All_Eligible,all,,Future_Period,train_to_2016__test_from_2017,3688,1046,184,181,Ridge,M2_Macro_Oil,0.0795148691796355,6.589677187810646,1.8247320703447047,5.526765434453584,34.401765329500925,-391.5551190092479,-21.175833623004785,2.599649814371629,84.90956277177874,452.2208630141506,-193.9930617659816,3.8575800347521687,308.8304648763897,"[""Inward_FDI_Net_Flow_GDP_Pct_lag1"", ""GDP_log_lag1"", ""Population_log_lag1"", ""Inflation_CPI_Annual_Pct_lag1"", ""Electricity_Access_Pct_lag1"", ""Oil_Rents_GDP_Pct_lag1""]",502.82352664237135,843.7759820233985
M1_Macro_vs_M2_Macro_Oil__raw_ratio_stress__All_Eligible,Oil_Rents_GDP_Pct_lag1,raw_ratio_stress,Inward_FDI_Net_Flow_GDP_Pct,All_Eligible,all,,Future_Period,train_to_2018__test_from_2019,4041,693,184,177,ElasticNet,M1_Macro,-0.1636052451232932,6.865430481387614,1.7608131333228565,4.970453735912439,33.824136705117475,-391.5551190092479,-16.292246098863394,2.501992272937718,63.26220587625321,433.6068398798668,-198.29926638814143,3.5696143604334765,314.6344871981144,"[""Inward_FDI_Net_Flow_GDP_Pct_lag1"", ""GDP_log_lag1"", ""Population_log_lag1"", ""Inflation_CPI_Annual_Pct_lag1"", ""Electricity_Access_Pct_lag1""]",512.9337535862559,825.1619588891147
M1_Macro_vs_M2_Macro_Oil__raw_ratio_stress__All_Eligible,Oil_Rents_GDP_Pct_lag1,raw_ratio_stress,Inward_FDI_Net_Flow_GDP_Pct,All_Eligible,all,,Future_Period,train_to_2018__test_from_2019,4041,693,184,177,ElasticNet,M2_Macro_Oil,-0.1632971292844112,6.872344250794025,1.7532062064458422,4.970453735912439,33.824136705117475,-391.5551190092479,-16.292246098863394,2.501992272937718,63.26220587625321,433.6068398798668,-198.05812763876008,3.563677028478188,314.6557120147088,"[""Inward_FDI_Net_Flow_GDP_Pct_lag1"", ""GDP_log_lag1"", ""Population_log_lag1"", ""Inflation_CPI_Annual_Pct_lag1"", ""Electricity_Access_Pct_lag1"", ""Oil_Rents_GDP_Pct_lag1""]",512.7138396534689,825.1619588891147
M1_Macro_vs_M2_Macro_Oil__raw_ratio_stress__All_Eligible,Oil_Rents_GDP_Pct_lag1,raw_ratio_stress,Inward_FDI_Net_Flow_GDP_Pct,All_Eligible,all,,Future_Period,train_to_2018__test_from_2019,4041,693,184,177,RandomForest,M1_Macro,-0.408719612662346,6.493150412783432,1.311552547950365,4.970453735912439,33.824136705117475,-391.5551190092479,-16.292246098863394,2.501992272937718,63.26220587625321,433.6068398798668,-11.857418937223551,2.779624110603197,465.5186199303083,"[""Inward_FDI_Net_Flow_GDP_Pct_lag1"", ""GDP_log_lag1"", ""Population_log_lag1"", ""Inflation_CPI_Annual_Pct_lag1"", ""Electricity_Access_Pct_lag1""]",477.37603886753186,825.1619588891147
M1_Macro_vs_M2_Macro_Oil__raw_ratio_stress__All_Eligible,Oil_Rents_GDP_Pct_lag1,raw_ratio_stress,Inward_FDI_Net_Flow_GDP_Pct,All_Eligible,all,,Future_Period,train_to_2018__test_from_2019,4041,693,184,177,RandomForest,M2_Macro_Oil,-0.5362356088505087,6.968047791794242,1.1876283681228774,4.970453735912439,33.824136705117475,-391.5551190092479,-16.292246098863394,2.501992272937718,63.26220587625321,433.6068398798668,-13.11225724452834,2.9396886866844487,490.2821453689882,"[""Inward_FDI_Net_Flow_GDP_Pct_lag1"", ""GDP_log_lag1"", ""Population_log_lag1"", ""Inflation_CPI_Annual_Pct_lag1"", ""Electricity_Access_Pct_lag1"", ""Oil_Rents_GDP_Pct_lag1""]",503.39440261351655,825.1619588891147
M1_Macro_vs_M2_Macro_Oil__raw_ratio_stress__All_Eligible,Oil_Rents_GDP_Pct_lag1,raw_ratio_stress,Inward_FDI_Net_Flow_GDP_Pct,All_Eligible,all,,Future_Period,train_to_2018__test_from_2019,4041,693,184,177,Ridge,M1_Macro,-0.167196376599976,6.878438047387276,1.7724903652126942,4.970453735912439,33.824136705117475,-391.5551190092479,-16.292246098863394,2.501992272937718,63.26220587625321,433.6068398798668,-199.2582283160493,3.630197628832676,316.1432603023502,"[""Inward_FDI_Net_Flow_GDP_Pct_lag1"", ""GDP_log_lag1"", ""Population_log_lag1"", ""Inflation_CPI_Annual_Pct_lag1"", ""Electricity_Access_Pct_lag1""]",515.4014886183995,825.1619588891147
M1_Macro_vs_M2_Macro_Oil__raw_ratio_stress__All_Eligible,Oil_Rents_GDP_Pct_lag1,raw_ratio_stress,Inward_FDI_Net_Flow_GDP_Pct,All_Eligible,all,,Future_Period,train_to_2018__test_from_2019,4041,693,184,177,Ridge,M2_Macro_Oil,-0.1668836878890178,6.887236717541238,1.7797253898862504,4.970453735912439,33.824136705117475,-391.5551190092479,-16.292246098863394,2.501992272937718,63.26220587625321,433.6068398798668,-199.0106241496342,3.575798234220985,316.16432944462053,"[""Inward_FDI_Net_Flow_GDP_Pct_lag1"", ""GDP_log_lag1"", ""Population_log_lag1"", ""Inflation_CPI_Annual_Pct_lag1"", ""Electricity_Access_Pct_lag1"", ""Oil_Rents_GDP_Pct_lag1""]",515.1749535942547,825.1619588891147
M2_Macro_Oil_vs_M3_Macro_Oil_RegQuality__raw_ratio_stress__All_Eligible,Regulatory_Quality_lag1,raw_ratio_stress,Inward_FDI_Net_Flow_GDP_Pct,All_Eligible,all,,Country_Holdout_CV,fold_0,3252,576,155,29,ElasticNet,M2_Macro_Oil,0.2770539096541005,3.6847626364534594,2.3993351814795068,4.724993806296859,7.12632173806584,-31.55204544605841,-7.248856442205997,2.9289644455512693,26.547143960620232,74.81692614872443,-14.517783248842854,5.035623168554233,52.41065036168102,"[""Inward_FDI_Net_Flow_GDP_Pct_lag1"", ""GDP_log_lag1"", ""Population_log_lag1"", ""Inflation_CPI_Annual_Pct_lag1"", ""Electricity_Access_Pct_lag1"", ""Oil_Rents_GDP_Pct_lag1""]",66.92843361052388,106.36897159478285
M2_Macro_Oil_vs_M3_Macro_Oil_RegQuality__raw_ratio_stress__All_Eligible,Regulatory_Quality_lag1,raw_ratio_stress,Inward_FDI_Net_Flow_GDP_Pct,All_Eligible,all,,Country_Holdout_CV,fold_0,3252,576,155,29,ElasticNet,M3_Macro_Oil_RegQuality,0.2700841568253537,3.7710443569406777,2.459683592820414,4.724993806296859,7.12632173806584,-31.55204544605841,-7.248856442205997,2.9289644455512693,26.547143960620232,74.81692614872443,-14.610218346274396,5.135199671805514,52.65754721423296,"[""Inward_FDI_Net_Flow_GDP_Pct_lag1"", ""GDP_log_lag1"", ""Population_log_lag1"", ""Inflation_CPI_Annual_Pct_lag1"", ""Electricity_Access_Pct_lag1"", ""Oil_Rents_GDP_Pct_lag1"", ""Regulatory_Quality_lag1""]",67.26776556050736,106.36897159478285
M2_Macro_Oil_vs_M3_Macro_Oil_RegQuality__raw_ratio_stress__All_Eligible,Regulatory_Quality_lag1,raw_ratio_stress,Inward_FDI_Net_Flow_GDP_Pct,All_Eligible,all,,Country_Holdout_CV,fold_0,3252,576,155,29,RandomForest,M2_Macro_Oil,-8.153089853084147,6.780454290573277,1.4029083198317682,4.724993806296859,7.12632173806584,-31.55204544605841,-7.248856442205997,2.9289644455512693,26.547143960620232,74.81692614872443,-7.296500072352579,3.0691142105405085,136.93861367460653,"[""Inward_FDI_Net_Flow_GDP_Pct_lag1"", ""GDP_log_lag1"", ""Population_log_lag1"", ""Inflation_CPI_Annual_Pct_lag1"", ""Electricity_Access_Pct_lag1"", ""Oil_Rents_GDP_Pct_lag1""]",144.23511374695912,106.36897159478285
M2_Macro_Oil_vs_M3_Macro_Oil_RegQuality__raw_ratio_stress__All_Eligible,Regulatory_Quality_lag1,raw_ratio_stress,Inward_FDI_Net_Flow_GDP_Pct,All_Eligible,all,,Country_Holdout_CV,fold_0,3252,576,155,29,RandomForest,M3_Macro_Oil_RegQuality,-13.063528075346506,7.589521869321176,1.279017139985238,4.724993806296859,7.12632173806584,-31.55204544605841,-7.248856442205997,2.9289644455512693,26.547143960620232,74.81692614872443,-10.5957165172881,3.189970046025787,190.8882977421605,"[""Inward_FDI_Net_Flow_GDP_Pct_lag1"", ""GDP_log_lag1"", ""Population_log_lag1"", ""Inflation_CPI_Annual_Pct_lag1"", ""Electricity_Access_Pct_lag1"", ""Oil_Rents_GDP_Pct_lag1"", ""Regulatory_Quality_lag1""]",201.4840142594486,106.36897159478285
M2_Macro_Oil_vs_M3_Macro_Oil_RegQuality__raw_ratio_stress__All_Eligible,Regulatory_Quality_lag1,raw_ratio_stress,Inward_FDI_Net_Flow_GDP_Pct,All_Eligible,all,,Country_Holdout_CV,fold_0,3252,576,155,29,Ridge,M2_Macro_Oil,0.2733244621378631,3.7079475702579976,2.436121142793464,4.724993806296859,7.12632173806584,-31.55204544605841,-7.248856442205997,2.9289644455512693,26.547143960620232,74.81692614872443,-14.488846057964803,5.033570005779016,52.72519118462864,"[""Inward_FDI_Net_Flow_GDP_Pct_lag1"", ""GDP_log_lag1"", ""Population_log_lag1"", ""Inflation_CPI_Annual_Pct_lag1"", ""Electricity_Access_Pct_lag1"", ""Oil_Rents_GDP_Pct_lag1""]",67.21403724259345,106.36897159478285
M2_Macro_Oil_vs_M3_Macro_Oil_RegQuality__raw_ratio_stress__All_Eligible,Regulatory_Quality_lag1,raw_ratio_stress,Inward_FDI_Net_Flow_GDP_Pct,All_Eligible,all,,Country_Holdout_CV,fold_0,3252,576,155,29,Ridge,M3_Macro_Oil_RegQuality,0.2691040032786549,3.7744981582087656,2.4219138486818803,4.724993806296859,7.12632173806584,-31.55204544605841,-7.248856442205997,2.9289644455512693,26.547143960620232,74.81692614872443,-14.633870652717992,5.092911274877819,52.91026997545858,"[""Inward_FDI_Net_Flow_GDP_Pct_lag1"", ""GDP_log_lag1"", ""Population_log_lag1"", ""Inflation_CPI_Annual_Pct_lag1"", ""Electricity_Access_Pct_lag1"", ""Oil_Rents_GDP_Pct_lag1"", ""Regulatory_Quality_lag1""]",67.54414062817658,106.36897159478285
M2_Macro_Oil_vs_M3_Macro_Oil_RegQuality__raw_ratio_stress__All_Eligible,Regulatory_Quality_lag1,raw_ratio_stress,Inward_FDI_Net_Flow_GDP_Pct,All_Eligible,all,,Country_Holdout_CV,fold_1,2911,917,141,43,ElasticNet,M2_Macro_Oil,0.4364874735568111,3.3692996993727737,2.4721201907863994,4.286714692628523,6.606491068284394,-16.205300794119097,-3.073944997365809,2.540392123062229,35.84714254671436,58.51837251032528,-6.55763205917884,4.661604273147288,44.06762830815008,"[""Inward_FDI_Net_Flow_GDP_Pct_lag1"", ""GDP_log_lag1"", ""Population_log_lag1"", ""Inflation_CPI_Annual_Pct_lag1"", ""Electricity_Access_Pct_lag1"", ""Oil_Rents_GDP_Pct_lag1""]",50.62526036732892,74.72367330444438
M2_Macro_Oil_vs_M3_Macro_Oil_RegQuality__raw_ratio_stress__All_Eligible,Regulatory_Quality_lag1,raw_ratio_stress,Inward_FDI_Net_Flow_GDP_Pct,All_Eligible,all,,Country_Holdout_CV,fold_1,2911,917,141,43,ElasticNet,M3_Macro_Oil_RegQuality,0.452610468237871,3.3138977895148,2.507579311842634,4.286714692628523,6.606491068284394,-16.205300794119097,-3.073944997365809,2.540392123062229,35.84714254671436,58.51837251032528,-6.880651556782455,4.545003249976031,43.720719152687,"[""Inward_FDI_Net_Flow_GDP_Pct_lag1"", ""GDP_log_lag1"", ""Population_log_lag1"", ""Inflation_CPI_Annual_Pct_lag1"", ""Electricity_Access_Pct_lag1"", ""Oil_Rents_GDP_Pct_lag1"", ""Regulatory_Quality_lag1""]",50.60137070946946,74.72367330444438
M2_Macro_Oil_vs_M3_Macro_Oil_RegQuality__raw_ratio_stress__All_Eligible,Regulatory_Quality_lag1,raw_ratio_stress,Inward_FDI_Net_Flow_GDP_Pct,All_Eligible,all,,Country_Holdout_CV,fold_1,2911,917,141,43,RandomForest,M2_Macro_Oil,0.5236538579132177,2.453463333454317,1.2020402409158948,4.286714692628523,6.606491068284394,-16.205300794119097,-3.073944997365809,2.540392123062229,35.84714254671436,58.51837251032528,-3.273369074871743,2.9832143430007707,40.41213799900108,"[""Inward_FDI_Net_Flow_GDP_Pct_lag1"", ""GDP_log_lag1"", ""Population_log_lag1"", ""Inflation_CPI_Annual_Pct_lag1"", ""Electricity_Access_Pct_lag1"", ""Oil_Rents_GDP_Pct_lag1""]",43.68550707387283,74.72367330444438
M2_Macro_Oil_vs_M3_Macro_Oil_RegQuality__raw_ratio_stress__All_Eligible,Regulatory_Quality_lag1,raw_ratio_stress,Inward_FDI_Net_Flow_GDP_Pct,All_Eligible,all,,Country_Holdout_CV,fold_1,2911,917,141,43,RandomForest,M3_Macro_Oil_RegQuality,0.3266276426619673,2.611990845292503,1.2625192869792334,4.286714692628523,6.606491068284394,-16.205300794119097,-3.073944997365809,2.540392123062229,35.84714254671436,58.51837251032528,-8.661683944552328,2.889149874925678,41.4934821861978,"[""Inward_FDI_Net_Flow_GDP_Pct_lag1"", ""GDP_log_lag1"", ""Population_log_lag1"", ""Inflation_CPI_Annual_Pct_lag1"", ""Electricity_Access_Pct_lag1"", ""Oil_Rents_GDP_Pct_lag1"", ""Regulatory_Quality_lag1""]",50.15516613075013,74.72367330444438
M2_Macro_Oil_vs_M3_Macro_Oil_RegQuality__raw_ratio_stress__All_Eligible,Regulatory_Quality_lag1,raw_ratio_stress,Inward_FDI_Net_Flow_GDP_Pct,All_Eligible,all,,Country_Holdout_CV,fold_1,2911,917,141,43,Ridge,M2_Macro_Oil,0.434935434702807,3.377282864653901,2.501006635588359,4.286714692628523,6.606491068284394,-16.205300794119097,-3.073944997365809,2.540392123062229,35.84714254671436,58.51837251032528,-6.780330517172265,4.625017150772836,44.19511044490288,"[""Inward_FDI_Net_Flow_GDP_Pct_lag1"", ""GDP_log_lag1"", ""Population_log_lag1"", ""Inflation_CPI_Annual_Pct_lag1"", ""Electricity_Access_Pct_lag1"", ""Oil_Rents_GDP_Pct_lag1""]",50.97544096207515,74.72367330444438
M2_Macro_Oil_vs_M3_Macro_Oil_RegQuality__raw_ratio_stress__All_Eligible,Regulatory_Quality_lag1,raw_ratio_stress,Inward_FDI_Net_Flow_GDP_Pct,All_Eligible,all,,Country_Holdout_CV,fold_1,2911,917,141,43,Ridge,M3_Macro_Oil_RegQuality,0.4497568943711265,3.3257899825244883,2.5165656671682823,4.286714692628523,6.606491068284394,-16.205300794119097,-3.073944997365809,2.540392123062229,35.84714254671436,58.51837251032528,-7.031131252344581,4.55301141836609,43.89492360384615,"[""Inward_FDI_Net_Flow_GDP_Pct_lag1"", ""GDP_log_lag1"", ""Population_log_lag1"", ""Inflation_CPI_Annual_Pct_lag1"", ""Electricity_Access_Pct_lag1"", ""Oil_Rents_GDP_Pct_lag1"", ""Regulatory_Quality_lag1""]",50.92605485619073,74.72367330444438
M2_Macro_Oil_vs_M3_Macro_Oil_RegQuality__raw_ratio_stress__All_Eligible,Regulatory_Quality_lag1,raw_ratio_stress,Inward_FDI_Net_Flow_GDP_Pct,All_Eligible,all,,Country_Holdout_CV,fold_2,3057,771,147,37,ElasticNet,M2_Macro_Oil,0.3897849593659156,7.771730078324167,2.0931026167311515,9.222160273717869,41.36053664851495,-391.5551190092479,-9.520975258188525,3.647667731417533,193.80520175350864,452.2208630141506,-65.20211096516466,4.156945504550728,287.7444067053896,"[""Inward_FDI_Net_Flow_GDP_Pct_lag1"", ""GDP_log_lag1"", ""Population_log_lag1"", ""Inflation_CPI_Annual_Pct_lag1"", ""Electricity_Access_Pct_lag1"", ""Oil_Rents_GDP_Pct_lag1""]",352.9465176705543,843.7759820233985
M2_Macro_Oil_vs_M3_Macro_Oil_RegQuality__raw_ratio_stress__All_Eligible,Regulatory_Quality_lag1,raw_ratio_stress,Inward_FDI_Net_Flow_GDP_Pct,All_Eligible,all,,Country_Holdout_CV,fold_2,3057,771,147,37,ElasticNet,M3_Macro_Oil_RegQuality,0.3902888666237274,7.755994044770742,2.0907236034799497,9.222160273717869,41.36053664851495,-391.5551190092479,-9.520975258188525,3.647667731417533,193.80520175350864,452.2208630141506,-65.22684460275973,4.287156548706582,287.8563948873812,"[""Inward_FDI_Net_Flow_GDP_Pct_lag1"", ""GDP_log_lag1"", ""Population_log_lag1"", ""Inflation_CPI_Annual_Pct_lag1"", ""Electricity_Access_Pct_lag1"", ""Oil_Rents_GDP_Pct_lag1"", ""Regulatory_Quality_lag1""]",353.08323949014095,843.7759820233985
M2_Macro_Oil_vs_M3_Macro_Oil_RegQuality__raw_ratio_stress__All_Eligible,Regulatory_Quality_lag1,raw_ratio_stress,Inward_FDI_Net_Flow_GDP_Pct,All_Eligible,all,,Country_Holdout_CV,fold_2,3057,771,147,37,RandomForest,M2_Macro_Oil,0.3329103537855966,7.510845266314513,1.493615729886315,9.222160273717869,41.36053664851495,-391.5551190092479,-9.520975258188525,3.647667731417533,193.80520175350864,452.2208630141506,-4.5850921852644735,3.738307827516528,463.8228945100442,"[""Inward_FDI_Net_Flow_GDP_Pct_lag1"", ""GDP_log_lag1"", ""Population_log_lag1"", ""Inflation_CPI_Annual_Pct_lag1"", ""Electricity_Access_Pct_lag1"", ""Oil_Rents_GDP_Pct_lag1""]",468.4079866953087,843.7759820233985
M2_Macro_Oil_vs_M3_Macro_Oil_RegQuality__raw_ratio_stress__All_Eligible,Regulatory_Quality_lag1,raw_ratio_stress,Inward_FDI_Net_Flow_GDP_Pct,All_Eligible,all,,Country_Holdout_CV,fold_2,3057,771,147,37,RandomForest,M3_Macro_Oil_RegQuality,0.3235528819914478,7.529383559410313,1.4375735994938834,9.222160273717869,41.36053664851495,-391.5551190092479,-9.520975258188525,3.647667731417533,193.80520175350864,452.2208630141506,-8.60895262931096,3.782589934855359,474.00357056038285,"[""Inward_FDI_Net_Flow_GDP_Pct_lag1"", ""GDP_log_lag1"", ""Population_log_lag1"", ""Inflation_CPI_Annual_Pct_lag1"", ""Electricity_Access_Pct_lag1"", ""Oil_Rents_GDP_Pct_lag1"", ""Regulatory_Quality_lag1""]",482.61252318969383,843.7759820233985
M2_Macro_Oil_vs_M3_Macro_Oil_RegQuality__raw_ratio_stress__All_Eligible,Regulatory_Quality_lag1,raw_ratio_stress,Inward_FDI_Net_Flow_GDP_Pct,All_Eligible,all,,Country_Holdout_CV,fold_2,3057,771,147,37,Ridge,M2_Macro_Oil,0.3898061441027491,7.796463082867509,2.122669862799289,9.222160273717869,41.36053664851495,-391.5551190092479,-9.520975258188525,3.647667731417533,193.80520175350864,452.2208630141506,-65.36816110415528,4.117289563806118,289.10011011901247,"[""Inward_FDI_Net_Flow_GDP_Pct_lag1"", ""GDP_log_lag1"", ""Population_log_lag1"", ""Inflation_CPI_Annual_Pct_lag1"", ""Electricity_Access_Pct_lag1"", ""Oil_Rents_GDP_Pct_lag1""]",354.46827122316773,843.7759820233985
M2_Macro_Oil_vs_M3_Macro_Oil_RegQuality__raw_ratio_stress__All_Eligible,Regulatory_Quality_lag1,raw_ratio_stress,Inward_FDI_Net_Flow_GDP_Pct,All_Eligible,all,,Country_Holdout_CV,fold_2,3057,771,147,37,Ridge,M3_Macro_Oil_RegQuality,0.3902197097319884,7.777140757596836,2.095753468522765,9.222160273717869,41.36053664851495,-391.5551190092479,-9.520975258188525,3.647667731417533,193.80520175350864,452.2208630141506,-65.42024889393392,4.191256359873388,289.1831951603834,"[""Inward_FDI_Net_Flow_GDP_Pct_lag1"", ""GDP_log_lag1"", ""Population_log_lag1"", ""Inflation_CPI_Annual_Pct_lag1"", ""Electricity_Access_Pct_lag1"", ""Oil_Rents_GDP_Pct_lag1"", ""Regulatory_Quality_lag1""]",354.60344405431726,843.7759820233985
M2_Macro_Oil_vs_M3_Macro_Oil_RegQuality__raw_ratio_stress__All_Eligible,Regulatory_Quality_lag1,raw_ratio_stress,Inward_FDI_Net_Flow_GDP_Pct,All_Eligible,all,,Country_Holdout_CV,fold_3,3073,755,148,36,ElasticNet,M2_Macro_Oil,0.0643221924263955,6.249729089575734,1.8349219063743407,6.619658873027509,30.54572690592269,-296.0133334563628,-10.56336082222868,2.317057410035104,130.76882129502377,431.7885759104592,-189.09415479061,3.7899305927790863,287.41231752721035,"[""Inward_FDI_Net_Flow_GDP_Pct_lag1"", ""GDP_log_lag1"", ""Population_log_lag1"", ""Inflation_CPI_Annual_Pct_lag1"", ""Electricity_Access_Pct_lag1"", ""Oil_Rents_GDP_Pct_lag1""]",476.50647231782034,727.801909366822
M2_Macro_Oil_vs_M3_Macro_Oil_RegQuality__raw_ratio_stress__All_Eligible,Regulatory_Quality_lag1,raw_ratio_stress,Inward_FDI_Net_Flow_GDP_Pct,All_Eligible,all,,Country_Holdout_CV,fold_3,3073,755,148,36,ElasticNet,M3_Macro_Oil_RegQuality,0.0649403888372429,6.234720763507177,1.7864176915633667,6.619658873027509,30.54572690592269,-296.0133334563628,-10.56336082222868,2.317057410035104,130.76882129502377,431.7885759104592,-189.1002180154049,3.473190088697046,287.567835335224,"[""Inward_FDI_Net_Flow_GDP_Pct_lag1"", ""GDP_log_lag1"", ""Population_log_lag1"", ""Inflation_CPI_Annual_Pct_lag1"", ""Electricity_Access_Pct_lag1"", ""Oil_Rents_GDP_Pct_lag1"", ""Regulatory_Quality_lag1""]",476.6680533506289,727.801909366822
M2_Macro_Oil_vs_M3_Macro_Oil_RegQuality__raw_ratio_stress__All_Eligible,Regulatory_Quality_lag1,raw_ratio_stress,Inward_FDI_Net_Flow_GDP_Pct,All_Eligible,all,,Country_Holdout_CV,fold_3,3073,755,148,36,RandomForest,M2_Macro_Oil,-0.1987192584718284,6.087866684919789,1.4198638648160653,6.619658873027509,30.54572690592269,-296.0133334563628,-10.56336082222868,2.317057410035104,130.76882129502377,431.7885759104592,-4.891486152987048,2.863681142887976,413.7058514214556,"[""Inward_FDI_Net_Flow_GDP_Pct_lag1"", ""GDP_log_lag1"", ""Population_log_lag1"", ""Inflation_CPI_Annual_Pct_lag1"", ""Electricity_Access_Pct_lag1"", ""Oil_Rents_GDP_Pct_lag1""]",418.59733757444263,727.801909366822
M2_Macro_Oil_vs_M3_Macro_Oil_RegQuality__raw_ratio_stress__All_Eligible,Regulatory_Quality_lag1,raw_ratio_stress,Inward_FDI_Net_Flow_GDP_Pct,All_Eligible,all,,Country_Holdout_CV,fold_3,3073,755,148,36,RandomForest,M3_Macro_Oil_RegQuality,-0.2731598336939678,6.244754691090457,1.4344458584285849,6.619658873027509,30.54572690592269,-296.0133334563628,-10.56336082222868,2.317057410035104,130.76882129502377,431.7885759104592,-2.080868418880435,2.873355873174245,436.0046232912031,"[""Inward_FDI_Net_Flow_GDP_Pct_lag1"", ""GDP_log_lag1"", ""Population_log_lag1"", ""Inflation_CPI_Annual_Pct_lag1"", ""Electricity_Access_Pct_lag1"", ""Oil_Rents_GDP_Pct_lag1"", ""Regulatory_Quality_lag1""]",438.0854917100835,727.801909366822
M2_Macro_Oil_vs_M3_Macro_Oil_RegQuality__raw_ratio_stress__All_Eligible,Regulatory_Quality_lag1,raw_ratio_stress,Inward_FDI_Net_Flow_GDP_Pct,All_Eligible,all,,Country_Holdout_CV,fold_3,3073,755,148,36,Ridge,M2_Macro_Oil,0.0625486419185438,6.250952019721535,1.850662935525308,6.619658873027509,30.54572690592269,-296.0133334563628,-10.56336082222868,2.317057410035104,130.76882129502377,431.7885759104592,-190.01240225589183,3.79531447130921,288.74033987568515,"[""Inward_FDI_Net_Flow_GDP_Pct_lag1"", ""GDP_log_lag1"", ""Population_log_lag1"", ""Inflation_CPI_Annual_Pct_lag1"", ""Electricity_Access_Pct_lag1"", ""Oil_Rents_GDP_Pct_lag1""]",478.75274213157695,727.801909366822
M2_Macro_Oil_vs_M3_Macro_Oil_RegQuality__raw_ratio_stress__All_Eligible,Regulatory_Quality_lag1,raw_ratio_stress,Inward_FDI_Net_Flow_GDP_Pct,All_Eligible,all,,Country_Holdout_CV,fold_3,3073,755,148,36,Ridge,M3_Macro_Oil_RegQuality,0.063087255743175,6.233781625056752,1.7828571955820802,6.619658873027509,30.54572690592269,-296.0133334563628,-10.56336082222868,2.317057410035104,130.76882129502377,431.7885759104592,-190.0441017063844,3.489931542412404,288.88855659502315,"[""Inward_FDI_Net_Flow_GDP_Pct_lag1"", ""GDP_log_lag1"", ""Population_log_lag1"", ""Inflation_CPI_Annual_Pct_lag1"", ""Electricity_Access_Pct_lag1"", ""Oil_Rents_GDP_Pct_lag1"", ""Regulatory_Quality_lag1""]",478.9326583014075,727.801909366822
M2_Macro_Oil_vs_M3_Macro_Oil_RegQuality__raw_ratio_stress__All_Eligible,Regulatory_Quality_lag1,raw_ratio_stress,Inward_FDI_Net_Flow_GDP_Pct,All_Eligible,all,,Country_Holdout_CV,fold_4,3019,809,145,39,ElasticNet,M2_Macro_Oil,0.4494387562171583,7.760331416539842,1.694994960083464,10.839879184455803,81.52795894437985,-40.10824601697438,-4.356484565287888,3.0603319991015674,81.15993346855036,1709.8272317393,-18.82193110045278,4.80181003090759,949.1332470033916,"[""Inward_FDI_Net_Flow_GDP_Pct_lag1"", ""GDP_log_lag1"", ""Population_log_lag1"", ""Inflation_CPI_Annual_Pct_lag1"", ""Electricity_Access_Pct_lag1"", ""Oil_Rents_GDP_Pct_lag1""]",967.9551781038443,1749.9354777562744
M2_Macro_Oil_vs_M3_Macro_Oil_RegQuality__raw_ratio_stress__All_Eligible,Regulatory_Quality_lag1,raw_ratio_stress,Inward_FDI_Net_Flow_GDP_Pct,All_Eligible,all,,Country_Holdout_CV,fold_4,3019,809,145,39,ElasticNet,M3_Macro_Oil_RegQuality,0.4480542182360476,7.988386350039636,1.8482978063895048,10.839879184455803,81.52795894437985,-40.10824601697438,-4.356484565287888,3.0603319991015674,81.15993346855036,1709.8272317393,-19.36916353121803,5.120428348320592,941.9727333943588,"[""Inward_FDI_Net_Flow_GDP_Pct_lag1"", ""GDP_log_lag1"", ""Population_log_lag1"", ""Inflation_CPI_Annual_Pct_lag1"", ""Electricity_Access_Pct_lag1"", ""Oil_Rents_GDP_Pct_lag1"", ""Regulatory_Quality_lag1""]",961.3418969255769,1749.9354777562744
M2_Macro_Oil_vs_M3_Macro_Oil_RegQuality__raw_ratio_stress__All_Eligible,Regulatory_Quality_lag1,raw_ratio_stress,Inward_FDI_Net_Flow_GDP_Pct,All_Eligible,all,,Country_Holdout_CV,fold_4,3019,809,145,39,RandomForest,M2_Macro_Oil,0.3821194592412659,7.544628930505412,1.2507019525103815,10.839879184455803,81.52795894437985,-40.10824601697438,-4.356484565287888,3.0603319991015674,81.15993346855036,1709.8272317393,-3.022760105650362,3.41939023035345,274.08567773887506,"[""Inward_FDI_Net_Flow_GDP_Pct_lag1"", ""GDP_log_lag1"", ""Population_log_lag1"", ""Inflation_CPI_Annual_Pct_lag1"", ""Electricity_Access_Pct_lag1"", ""Oil_Rents_GDP_Pct_lag1""]",277.10843784452544,1749.9354777562744
M2_Macro_Oil_vs_M3_Macro_Oil_RegQuality__raw_ratio_stress__All_Eligible,Regulatory_Quality_lag1,raw_ratio_stress,Inward_FDI_Net_Flow_GDP_Pct,All_Eligible,all,,Country_Holdout_CV,fold_4,3019,809,145,39,RandomForest,M3_Macro_Oil_RegQuality,0.3875894430008194,7.716537099310726,1.335112455646153,10.839879184455803,81.52795894437985,-40.10824601697438,-4.356484565287888,3.0603319991015674,81.15993346855036,1709.8272317393,-3.109478049976388,3.7749095476473817,277.63075856368465,"[""Inward_FDI_Net_Flow_GDP_Pct_lag1"", ""GDP_log_lag1"", ""Population_log_lag1"", ""Inflation_CPI_Annual_Pct_lag1"", ""Electricity_Access_Pct_lag1"", ""Oil_Rents_GDP_Pct_lag1"", ""Regulatory_Quality_lag1""]",280.740236613661,1749.9354777562744
M2_Macro_Oil_vs_M3_Macro_Oil_RegQuality__raw_ratio_stress__All_Eligible,Regulatory_Quality_lag1,raw_ratio_stress,Inward_FDI_Net_Flow_GDP_Pct,All_Eligible,all,,Country_Holdout_CV,fold_4,3019,809,145,39,Ridge,M2_Macro_Oil,0.4500764616543261,7.758167717099472,1.7101627545229263,10.839879184455803,81.52795894437985,-40.10824601697438,-4.356484565287888,3.0603319991015674,81.15993346855036,1709.8272317393,-18.92167491137644,4.796473562500857,953.6673684863129,"[""Inward_FDI_Net_Flow_GDP_Pct_lag1"", ""GDP_log_lag1"", ""Population_log_lag1"", ""Inflation_CPI_Annual_Pct_lag1"", ""Electricity_Access_Pct_lag1"", ""Oil_Rents_GDP_Pct_lag1""]",972.5890433976892,1749.9354777562744
M2_Macro_Oil_vs_M3_Macro_Oil_RegQuality__raw_ratio_stress__All_Eligible,Regulatory_Quality_lag1,raw_ratio_stress,Inward_FDI_Net_Flow_GDP_Pct,All_Eligible,all,,Country_Holdout_CV,fold_4,3019,809,145,39,Ridge,M3_Macro_Oil_RegQuality,0.4486102842946414,7.988725528169812,1.853868011230736,10.839879184455803,81.52795894437985,-40.10824601697438,-4.356484565287888,3.0603319991015674,81.15993346855036,1709.8272317393,-19.55791884590188,5.153006979769718,946.4974359251364,"[""Inward_FDI_Net_Flow_GDP_Pct_lag1"", ""GDP_log_lag1"", ""Population_log_lag1"", ""Inflation_CPI_Annual_Pct_lag1"", ""Electricity_Access_Pct_lag1"", ""Oil_Rents_GDP_Pct_lag1"", ""Regulatory_Quality_lag1""]",966.0553547710383,1749.9354777562744
M2_Macro_Oil_vs_M3_Macro_Oil_RegQuality__raw_ratio_stress__All_Eligible,Regulatory_Quality_lag1,raw_ratio_stress,Inward_FDI_Net_Flow_GDP_Pct,All_Eligible,all,,Future_Period,train_to_2012__test_from_2013,2068,1760,181,183,ElasticNet,M2_Macro_Oil,0.2662054958783326,6.988646049672994,1.3892685243626586,7.48808490022457,57.87506086611221,-391.5551190092479,-11.062441648931154,2.7005006084691647,75.15029626785329,1709.8272317393,-252.56911714996608,3.477001195679782,1475.7329415238162,"[""Inward_FDI_Net_Flow_GDP_Pct_lag1"", ""GDP_log_lag1"", ""Population_log_lag1"", ""Inflation_CPI_Annual_Pct_lag1"", ""Electricity_Access_Pct_lag1"", ""Oil_Rents_GDP_Pct_lag1""]",1728.3020586737823,2101.382350748548
M2_Macro_Oil_vs_M3_Macro_Oil_RegQuality__raw_ratio_stress__All_Eligible,Regulatory_Quality_lag1,raw_ratio_stress,Inward_FDI_Net_Flow_GDP_Pct,All_Eligible,all,,Future_Period,train_to_2012__test_from_2013,2068,1760,181,183,ElasticNet,M3_Macro_Oil_RegQuality,0.2666195812917156,6.940913522442594,1.294600984226686,7.48808490022457,57.87506086611221,-391.5551190092479,-11.062441648931154,2.7005006084691647,75.15029626785329,1709.8272317393,-252.4713639457255,3.334254771836571,1474.472780775197,"[""Inward_FDI_Net_Flow_GDP_Pct_lag1"", ""GDP_log_lag1"", ""Population_log_lag1"", ""Inflation_CPI_Annual_Pct_lag1"", ""Electricity_Access_Pct_lag1"", ""Oil_Rents_GDP_Pct_lag1"", ""Regulatory_Quality_lag1""]",1726.9441447209224,2101.382350748548
M2_Macro_Oil_vs_M3_Macro_Oil_RegQuality__raw_ratio_stress__All_Eligible,Regulatory_Quality_lag1,raw_ratio_stress,Inward_FDI_Net_Flow_GDP_Pct,All_Eligible,all,,Future_Period,train_to_2012__test_from_2013,2068,1760,181,183,RandomForest,M2_Macro_Oil,0.3443257775463026,6.750619562292143,1.262421456372795,7.48808490022457,57.87506086611221,-391.5551190092479,-11.062441648931154,2.7005006084691647,75.15029626785329,1709.8272317393,-1.0656445745117258,3.344737049692755,331.9976943022955,"[""Inward_FDI_Net_Flow_GDP_Pct_lag1"", ""GDP_log_lag1"", ""Population_log_lag1"", ""Inflation_CPI_Annual_Pct_lag1"", ""Electricity_Access_Pct_lag1"", ""Oil_Rents_GDP_Pct_lag1""]",333.0633388768072,2101.382350748548
M2_Macro_Oil_vs_M3_Macro_Oil_RegQuality__raw_ratio_stress__All_Eligible,Regulatory_Quality_lag1,raw_ratio_stress,Inward_FDI_Net_Flow_GDP_Pct,All_Eligible,all,,Future_Period,train_to_2012__test_from_2013,2068,1760,181,183,RandomForest,M3_Macro_Oil_RegQuality,0.3596977874184704,6.561089286945669,1.269878664678959,7.48808490022457,57.87506086611221,-391.5551190092479,-11.062441648931154,2.7005006084691647,75.15029626785329,1709.8272317393,-1.5531369054489976,3.319678924105858,337.1153884729413,"[""Inward_FDI_Net_Flow_GDP_Pct_lag1"", ""GDP_log_lag1"", ""Population_log_lag1"", ""Inflation_CPI_Annual_Pct_lag1"", ""Electricity_Access_Pct_lag1"", ""Oil_Rents_GDP_Pct_lag1"", ""Regulatory_Quality_lag1""]",338.66852537839026,2101.382350748548
M2_Macro_Oil_vs_M3_Macro_Oil_RegQuality__raw_ratio_stress__All_Eligible,Regulatory_Quality_lag1,raw_ratio_stress,Inward_FDI_Net_Flow_GDP_Pct,All_Eligible,all,,Future_Period,train_to_2012__test_from_2013,2068,1760,181,183,Ridge,M2_Macro_Oil,0.2638302361813721,6.99121227905109,1.3837362375469202,7.48808490022457,57.87506086611221,-391.5551190092479,-11.062441648931154,2.7005006084691647,75.15029626785329,1709.8272317393,-253.78964696664383,3.4694047551180955,1482.6495854617565,"[""Inward_FDI_Net_Flow_GDP_Pct_lag1"", ""GDP_log_lag1"", ""Population_log_lag1"", ""Inflation_CPI_Annual_Pct_lag1"", ""Electricity_Access_Pct_lag1"", ""Oil_Rents_GDP_Pct_lag1""]",1736.4392324284004,2101.382350748548
M2_Macro_Oil_vs_M3_Macro_Oil_RegQuality__raw_ratio_stress__All_Eligible,Regulatory_Quality_lag1,raw_ratio_stress,Inward_FDI_Net_Flow_GDP_Pct,All_Eligible,all,,Future_Period,train_to_2012__test_from_2013,2068,1760,181,183,Ridge,M3_Macro_Oil_RegQuality,0.2641984878332265,6.940859174644269,1.2868104896879606,7.48808490022457,57.87506086611221,-391.5551190092479,-11.062441648931154,2.7005006084691647,75.15029626785329,1709.8272317393,-253.7570667522757,3.311502409758441,1481.50889492767,"[""Inward_FDI_Net_Flow_GDP_Pct_lag1"", ""GDP_log_lag1"", ""Population_log_lag1"", ""Inflation_CPI_Annual_Pct_lag1"", ""Electricity_Access_Pct_lag1"", ""Oil_Rents_GDP_Pct_lag1"", ""Regulatory_Quality_lag1""]",1735.2659616799458,2101.382350748548
M2_Macro_Oil_vs_M3_Macro_Oil_RegQuality__raw_ratio_stress__All_Eligible,Regulatory_Quality_lag1,raw_ratio_stress,Inward_FDI_Net_Flow_GDP_Pct,All_Eligible,all,,Future_Period,train_to_2014__test_from_2015,2427,1401,182,183,ElasticNet,M2_Macro_Oil,-0.1548665372973801,7.662543776260489,1.156377083183749,6.73079611709268,54.70965140235924,-391.5551190092479,-16.205300794119097,2.612756432084593,74.81692614872443,1709.8272317393,-301.20762373626064,2.786300178014644,1746.356564668516,"[""Inward_FDI_Net_Flow_GDP_Pct_lag1"", ""GDP_log_lag1"", ""Population_log_lag1"", ""Inflation_CPI_Annual_Pct_lag1"", ""Electricity_Access_Pct_lag1"", ""Oil_Rents_GDP_Pct_lag1""]",2047.5641884047768,2101.382350748548
M2_Macro_Oil_vs_M3_Macro_Oil_RegQuality__raw_ratio_stress__All_Eligible,Regulatory_Quality_lag1,raw_ratio_stress,Inward_FDI_Net_Flow_GDP_Pct,All_Eligible,all,,Future_Period,train_to_2014__test_from_2015,2427,1401,182,183,ElasticNet,M3_Macro_Oil_RegQuality,-0.1546526549637803,7.664025387611073,1.138996597666884,6.73079611709268,54.70965140235924,-391.5551190092479,-16.205300794119097,2.612756432084593,74.81692614872443,1709.8272317393,-301.19089430138524,2.753579619058674,1746.0530943120891,"[""Inward_FDI_Net_Flow_GDP_Pct_lag1"", ""GDP_log_lag1"", ""Population_log_lag1"", ""Inflation_CPI_Annual_Pct_lag1"", ""Electricity_Access_Pct_lag1"", ""Oil_Rents_GDP_Pct_lag1"", ""Regulatory_Quality_lag1""]",2047.2439886134744,2101.382350748548
M2_Macro_Oil_vs_M3_Macro_Oil_RegQuality__raw_ratio_stress__All_Eligible,Regulatory_Quality_lag1,raw_ratio_stress,Inward_FDI_Net_Flow_GDP_Pct,All_Eligible,all,,Future_Period,train_to_2014__test_from_2015,2427,1401,182,183,RandomForest,M2_Macro_Oil,0.2684197941361083,6.920518864942972,1.1674481954970024,6.73079611709268,54.70965140235924,-391.5551190092479,-16.205300794119097,2.612756432084593,74.81692614872443,1709.8272317393,-0.9725406069277662,3.1770052874428503,475.90858399835554,"[""Inward_FDI_Net_Flow_GDP_Pct_lag1"", ""GDP_log_lag1"", ""Population_log_lag1"", ""Inflation_CPI_Annual_Pct_lag1"", ""Electricity_Access_Pct_lag1"", ""Oil_Rents_GDP_Pct_lag1""]",476.88112460528333,2101.382350748548
M2_Macro_Oil_vs_M3_Macro_Oil_RegQuality__raw_ratio_stress__All_Eligible,Regulatory_Quality_lag1,raw_ratio_stress,Inward_FDI_Net_Flow_GDP_Pct,All_Eligible,all,,Future_Period,train_to_2014__test_from_2015,2427,1401,182,183,RandomForest,M3_Macro_Oil_RegQuality,0.2723727089902726,7.043795441810225,1.1436194158853916,6.73079611709268,54.70965140235924,-391.5551190092479,-16.205300794119097,2.612756432084593,74.81692614872443,1709.8272317393,-1.4681828058753863,3.016892855141615,442.87161417949983,"[""Inward_FDI_Net_Flow_GDP_Pct_lag1"", ""GDP_log_lag1"", ""Population_log_lag1"", ""Inflation_CPI_Annual_Pct_lag1"", ""Electricity_Access_Pct_lag1"", ""Oil_Rents_GDP_Pct_lag1"", ""Regulatory_Quality_lag1""]",444.3397969853752,2101.382350748548
M2_Macro_Oil_vs_M3_Macro_Oil_RegQuality__raw_ratio_stress__All_Eligible,Regulatory_Quality_lag1,raw_ratio_stress,Inward_FDI_Net_Flow_GDP_Pct,All_Eligible,all,,Future_Period,train_to_2014__test_from_2015,2427,1401,182,183,Ridge,M2_Macro_Oil,-0.1616844312213576,7.675357414525712,1.156512290333669,6.73079611709268,54.70965140235924,-391.5551190092479,-16.205300794119097,2.612756432084593,74.81692614872443,1709.8272317393,-302.7030082197396,2.7820322760617184,1754.6671411601883,"[""Inward_FDI_Net_Flow_GDP_Pct_lag1"", ""GDP_log_lag1"", ""Population_log_lag1"", ""Inflation_CPI_Annual_Pct_lag1"", ""Electricity_Access_Pct_lag1"", ""Oil_Rents_GDP_Pct_lag1""]",2057.370149379928,2101.382350748548
M2_Macro_Oil_vs_M3_Macro_Oil_RegQuality__raw_ratio_stress__All_Eligible,Regulatory_Quality_lag1,raw_ratio_stress,Inward_FDI_Net_Flow_GDP_Pct,All_Eligible,all,,Future_Period,train_to_2014__test_from_2015,2427,1401,182,183,Ridge,M3_Macro_Oil_RegQuality,-0.1615333705539445,7.675972304758846,1.144112399961083,6.73079611709268,54.70965140235924,-391.5551190092479,-16.205300794119097,2.612756432084593,74.81692614872443,1709.8272317393,-302.7049197121687,2.7413204889942167,1754.4496427658644,"[""Inward_FDI_Net_Flow_GDP_Pct_lag1"", ""GDP_log_lag1"", ""Population_log_lag1"", ""Inflation_CPI_Annual_Pct_lag1"", ""Electricity_Access_Pct_lag1"", ""Oil_Rents_GDP_Pct_lag1"", ""Regulatory_Quality_lag1""]",2057.154562478033,2101.382350748548
M2_Macro_Oil_vs_M3_Macro_Oil_RegQuality__raw_ratio_stress__All_Eligible,Regulatory_Quality_lag1,raw_ratio_stress,Inward_FDI_Net_Flow_GDP_Pct,All_Eligible,all,,Future_Period,train_to_2015__test_from_2016,2606,1222,182,180,ElasticNet,M2_Macro_Oil,-3.658110027968245,8.555684817543636,1.25001507910822,5.441204915949188,32.00489676223985,-391.5551190092479,-19.71729105060044,2.6264496300145685,54.5020810367244,452.2208630141506,-358.3342648168868,2.261433398266345,2062.699586027266,"[""Inward_FDI_Net_Flow_GDP_Pct_lag1"", ""GDP_log_lag1"", ""Population_log_lag1"", ""Inflation_CPI_Annual_Pct_lag1"", ""Electricity_Access_Pct_lag1"", ""Oil_Rents_GDP_Pct_lag1""]",2421.0338508441528,843.7759820233985
M2_Macro_Oil_vs_M3_Macro_Oil_RegQuality__raw_ratio_stress__All_Eligible,Regulatory_Quality_lag1,raw_ratio_stress,Inward_FDI_Net_Flow_GDP_Pct,All_Eligible,all,,Future_Period,train_to_2015__test_from_2016,2606,1222,182,180,ElasticNet,M3_Macro_Oil_RegQuality,-3.6598860807298967,8.527987524991696,1.243346121812262,5.441204915949188,32.00489676223985,-391.5551190092479,-19.71729105060044,2.6264496300145685,54.5020810367244,452.2208630141506,-358.3350178553762,2.3896106074527967,2063.189052118422,"[""Inward_FDI_Net_Flow_GDP_Pct_lag1"", ""GDP_log_lag1"", ""Population_log_lag1"", ""Inflation_CPI_Annual_Pct_lag1"", ""Electricity_Access_Pct_lag1"", ""Oil_Rents_GDP_Pct_lag1"", ""Regulatory_Quality_lag1""]",2421.524069973798,843.7759820233985
M2_Macro_Oil_vs_M3_Macro_Oil_RegQuality__raw_ratio_stress__All_Eligible,Regulatory_Quality_lag1,raw_ratio_stress,Inward_FDI_Net_Flow_GDP_Pct,All_Eligible,all,,Future_Period,train_to_2015__test_from_2016,2606,1222,182,180,RandomForest,M2_Macro_Oil,-0.7282397401548397,6.962068876863572,1.173024044548208,5.441204915949188,32.00489676223985,-391.5551190092479,-19.71729105060044,2.6264496300145685,54.5020810367244,452.2208630141506,-1.9352206595893195,3.1359188103610807,694.6132270161785,"[""Inward_FDI_Net_Flow_GDP_Pct_lag1"", ""GDP_log_lag1"", ""Population_log_lag1"", ""Inflation_CPI_Annual_Pct_lag1"", ""Electricity_Access_Pct_lag1"", ""Oil_Rents_GDP_Pct_lag1""]",696.5484476757678,843.7759820233985
M2_Macro_Oil_vs_M3_Macro_Oil_RegQuality__raw_ratio_stress__All_Eligible,Regulatory_Quality_lag1,raw_ratio_stress,Inward_FDI_Net_Flow_GDP_Pct,All_Eligible,all,,Future_Period,train_to_2015__test_from_2016,2606,1222,182,180,RandomForest,M3_Macro_Oil_RegQuality,-0.6799809424389958,6.950503295311577,1.146621306707819,5.441204915949188,32.00489676223985,-391.5551190092479,-19.71729105060044,2.6264496300145685,54.5020810367244,452.2208630141506,-2.7193646334721264,2.9951069033557625,715.6853810477292,"[""Inward_FDI_Net_Flow_GDP_Pct_lag1"", ""GDP_log_lag1"", ""Population_log_lag1"", ""Inflation_CPI_Annual_Pct_lag1"", ""Electricity_Access_Pct_lag1"", ""Oil_Rents_GDP_Pct_lag1"", ""Regulatory_Quality_lag1""]",718.4047456812012,843.7759820233985
M2_Macro_Oil_vs_M3_Macro_Oil_RegQuality__raw_ratio_stress__All_Eligible,Regulatory_Quality_lag1,raw_ratio_stress,Inward_FDI_Net_Flow_GDP_Pct,All_Eligible,all,,Future_Period,train_to_2015__test_from_2016,2606,1222,182,180,Ridge,M2_Macro_Oil,-3.698346618764024,8.589060002215424,1.260479101638884,5.441204915949188,32.00489676223985,-391.5551190092479,-19.71729105060044,2.6264496300145685,54.5020810367244,452.2208630141506,-360.1532253018556,2.234952460342311,2072.6057770402263,"[""Inward_FDI_Net_Flow_GDP_Pct_lag1"", ""GDP_log_lag1"", ""Population_log_lag1"", ""Inflation_CPI_Annual_Pct_lag1"", ""Electricity_Access_Pct_lag1"", ""Oil_Rents_GDP_Pct_lag1""]",2432.7590023420817,843.7759820233985
M2_Macro_Oil_vs_M3_Macro_Oil_RegQuality__raw_ratio_stress__All_Eligible,Regulatory_Quality_lag1,raw_ratio_stress,Inward_FDI_Net_Flow_GDP_Pct,All_Eligible,all,,Future_Period,train_to_2015__test_from_2016,2606,1222,182,180,Ridge,M3_Macro_Oil_RegQuality,-3.700257062886923,8.559411675919101,1.2582943224046266,5.441204915949188,32.00489676223985,-391.5551190092479,-19.71729105060044,2.6264496300145685,54.5020810367244,452.2208630141506,-360.1237169983117,2.388827180662484,2073.1272363543803,"[""Inward_FDI_Net_Flow_GDP_Pct_lag1"", ""GDP_log_lag1"", ""Population_log_lag1"", ""Inflation_CPI_Annual_Pct_lag1"", ""Electricity_Access_Pct_lag1"", ""Oil_Rents_GDP_Pct_lag1"", ""Regulatory_Quality_lag1""]",2433.250953352692,843.7759820233985
M2_Macro_Oil_vs_M3_Macro_Oil_RegQuality__raw_ratio_stress__All_Eligible,Regulatory_Quality_lag1,raw_ratio_stress,Inward_FDI_Net_Flow_GDP_Pct,All_Eligible,all,,Future_Period,train_to_2016__test_from_2017,2783,1045,183,180,ElasticNet,M2_Macro_Oil,0.0801678536552498,6.927907999114678,2.126596736695374,5.526980499413393,34.418236623744285,-391.5551190092479,-21.190631369916,2.593667330232196,85.37014483338533,452.2208630141506,-191.3754538018497,4.293971311127363,307.5466869601506,"[""Inward_FDI_Net_Flow_GDP_Pct_lag1"", ""GDP_log_lag1"", ""Population_log_lag1"", ""Inflation_CPI_Annual_Pct_lag1"", ""Electricity_Access_Pct_lag1"", ""Oil_Rents_GDP_Pct_lag1""]",498.9221407620003,843.7759820233985
M2_Macro_Oil_vs_M3_Macro_Oil_RegQuality__raw_ratio_stress__All_Eligible,Regulatory_Quality_lag1,raw_ratio_stress,Inward_FDI_Net_Flow_GDP_Pct,All_Eligible,all,,Future_Period,train_to_2016__test_from_2017,2783,1045,183,180,ElasticNet,M3_Macro_Oil_RegQuality,0.0806264248949222,6.875634653025909,2.0764548075410896,5.526980499413393,34.418236623744285,-391.5551190092479,-21.190631369916,2.593667330232196,85.37014483338533,452.2208630141506,-191.41724385757672,4.116206764314367,307.62969383443294,"[""Inward_FDI_Net_Flow_GDP_Pct_lag1"", ""GDP_log_lag1"", ""Population_log_lag1"", ""Inflation_CPI_Annual_Pct_lag1"", ""Electricity_Access_Pct_lag1"", ""Oil_Rents_GDP_Pct_lag1"", ""Regulatory_Quality_lag1""]",499.0469376920097,843.7759820233985
M2_Macro_Oil_vs_M3_Macro_Oil_RegQuality__raw_ratio_stress__All_Eligible,Regulatory_Quality_lag1,raw_ratio_stress,Inward_FDI_Net_Flow_GDP_Pct,All_Eligible,all,,Future_Period,train_to_2016__test_from_2017,2783,1045,183,180,RandomForest,M2_Macro_Oil,-0.0442694571126978,6.371925619782413,1.2118166294956825,5.526980499413393,34.418236623744285,-391.5551190092479,-21.190631369916,2.593667330232196,85.37014483338533,452.2208630141506,-1.2757973653202324,3.253964673695968,456.0037283599572,"[""Inward_FDI_Net_Flow_GDP_Pct_lag1"", ""GDP_log_lag1"", ""Population_log_lag1"", ""Inflation_CPI_Annual_Pct_lag1"", ""Electricity_Access_Pct_lag1"", ""Oil_Rents_GDP_Pct_lag1""]",457.27952572527744,843.7759820233985
M2_Macro_Oil_vs_M3_Macro_Oil_RegQuality__raw_ratio_stress__All_Eligible,Regulatory_Quality_lag1,raw_ratio_stress,Inward_FDI_Net_Flow_GDP_Pct,All_Eligible,all,,Future_Period,train_to_2016__test_from_2017,2783,1045,183,180,RandomForest,M3_Macro_Oil_RegQuality,0.0358627839156839,6.39439708709038,1.1749527947734808,5.526980499413393,34.418236623744285,-391.5551190092479,-21.190631369916,2.593667330232196,85.37014483338533,452.2208630141506,-1.335540786125501,3.0787438001388314,418.5612334369953,"[""Inward_FDI_Net_Flow_GDP_Pct_lag1"", ""GDP_log_lag1"", ""Population_log_lag1"", ""Inflation_CPI_Annual_Pct_lag1"", ""Electricity_Access_Pct_lag1"", ""Oil_Rents_GDP_Pct_lag1"", ""Regulatory_Quality_lag1""]",419.89677422312076,843.7759820233985
M2_Macro_Oil_vs_M3_Macro_Oil_RegQuality__raw_ratio_stress__All_Eligible,Regulatory_Quality_lag1,raw_ratio_stress,Inward_FDI_Net_Flow_GDP_Pct,All_Eligible,all,,Future_Period,train_to_2016__test_from_2017,2783,1045,183,180,Ridge,M2_Macro_Oil,0.0785219448050171,6.943840177327187,2.149920951705843,5.526980499413393,34.418236623744285,-391.5551190092479,-21.190631369916,2.593667330232196,85.37014483338533,452.2208630141506,-192.2751192889044,4.306997903183441,308.9716673800226,"[""Inward_FDI_Net_Flow_GDP_Pct_lag1"", ""GDP_log_lag1"", ""Population_log_lag1"", ""Inflation_CPI_Annual_Pct_lag1"", ""Electricity_Access_Pct_lag1"", ""Oil_Rents_GDP_Pct_lag1""]",501.24678666892703,843.7759820233985
M2_Macro_Oil_vs_M3_Macro_Oil_RegQuality__raw_ratio_stress__All_Eligible,Regulatory_Quality_lag1,raw_ratio_stress,Inward_FDI_Net_Flow_GDP_Pct,All_Eligible,all,,Future_Period,train_to_2016__test_from_2017,2783,1045,183,180,Ridge,M3_Macro_Oil_RegQuality,0.0789587280529064,6.89208451680773,2.092155833009845,5.526980499413393,34.418236623744285,-391.5551190092479,-21.190631369916,2.593667330232196,85.37014483338533,452.2208630141506,-192.3367258719402,4.102765308254112,309.0415607753986,"[""Inward_FDI_Net_Flow_GDP_Pct_lag1"", ""GDP_log_lag1"", ""Population_log_lag1"", ""Inflation_CPI_Annual_Pct_lag1"", ""Electricity_Access_Pct_lag1"", ""Oil_Rents_GDP_Pct_lag1"", ""Regulatory_Quality_lag1""]",501.37828664733877,843.7759820233985
M2_Macro_Oil_vs_M3_Macro_Oil_RegQuality__raw_ratio_stress__All_Eligible,Regulatory_Quality_lag1,raw_ratio_stress,Inward_FDI_Net_Flow_GDP_Pct,All_Eligible,all,,Future_Period,train_to_2018__test_from_2019,3135,693,183,177,ElasticNet,M2_Macro_Oil,-0.1643617401978883,7.18909639785413,2.0720023736093576,4.970453735912439,33.824136705117475,-391.5551190092479,-16.292246098863394,2.501992272937718,63.26220587625321,433.6068398798668,-196.55464395454155,4.048518481504164,314.817018269796,"[""Inward_FDI_Net_Flow_GDP_Pct_lag1"", ""GDP_log_lag1"", ""Population_log_lag1"", ""Inflation_CPI_Annual_Pct_lag1"", ""Electricity_Access_Pct_lag1"", ""Oil_Rents_GDP_Pct_lag1""]",511.37166222433757,825.1619588891147
M2_Macro_Oil_vs_M3_Macro_Oil_RegQuality__raw_ratio_stress__All_Eligible,Regulatory_Quality_lag1,raw_ratio_stress,Inward_FDI_Net_Flow_GDP_Pct,All_Eligible,all,,Future_Period,train_to_2018__test_from_2019,3135,693,183,177,ElasticNet,M3_Macro_Oil_RegQuality,-0.1639458133421987,7.142855362763974,2.0992793373582126,4.970453735912439,33.824136705117475,-391.5551190092479,-16.292246098863394,2.501992272937718,63.26220587625321,433.6068398798668,-196.5512270472828,3.907757630149985,314.90655894950413,"[""Inward_FDI_Net_Flow_GDP_Pct_lag1"", ""GDP_log_lag1"", ""Population_log_lag1"", ""Inflation_CPI_Annual_Pct_lag1"", ""Electricity_Access_Pct_lag1"", ""Oil_Rents_GDP_Pct_lag1"", ""Regulatory_Quality_lag1""]",511.4577859967869,825.1619588891147
M2_Macro_Oil_vs_M3_Macro_Oil_RegQuality__raw_ratio_stress__All_Eligible,Regulatory_Quality_lag1,raw_ratio_stress,Inward_FDI_Net_Flow_GDP_Pct,All_Eligible,all,,Future_Period,train_to_2018__test_from_2019,3135,693,183,177,RandomForest,M2_Macro_Oil,-0.618484864988325,7.001295739368143,1.2571113734837032,4.970453735912439,33.824136705117475,-391.5551190092479,-16.292246098863394,2.501992272937718,63.26220587625321,433.6068398798668,-10.571018388709431,2.800882027246168,523.7540795139586,"[""Inward_FDI_Net_Flow_GDP_Pct_lag1"", ""GDP_log_lag1"", ""Population_log_lag1"", ""Inflation_CPI_Annual_Pct_lag1"", ""Electricity_Access_Pct_lag1"", ""Oil_Rents_GDP_Pct_lag1""]",534.325097902668,825.1619588891147
M2_Macro_Oil_vs_M3_Macro_Oil_RegQuality__raw_ratio_stress__All_Eligible,Regulatory_Quality_lag1,raw_ratio_stress,Inward_FDI_Net_Flow_GDP_Pct,All_Eligible,all,,Future_Period,train_to_2018__test_from_2019,3135,693,183,177,RandomForest,M3_Macro_Oil_RegQuality,-0.6335221328284708,7.000728532755975,1.2940977862095546,4.970453735912439,33.824136705117475,-391.5551190092479,-16.292246098863394,2.501992272937718,63.26220587625321,433.6068398798668,-8.409283517538627,2.764640625771809,524.3691494491435,"[""Inward_FDI_Net_Flow_GDP_Pct_lag1"", ""GDP_log_lag1"", ""Population_log_lag1"", ""Inflation_CPI_Annual_Pct_lag1"", ""Electricity_Access_Pct_lag1"", ""Oil_Rents_GDP_Pct_lag1"", ""Regulatory_Quality_lag1""]",532.7784329666821,825.1619588891147
M2_Macro_Oil_vs_M3_Macro_Oil_RegQuality__raw_ratio_stress__All_Eligible,Regulatory_Quality_lag1,raw_ratio_stress,Inward_FDI_Net_Flow_GDP_Pct,All_Eligible,all,,Future_Period,train_to_2018__test_from_2019,3135,693,183,177,Ridge,M2_Macro_Oil,-0.1679161867307008,7.2061320100304975,2.089240611410426,4.970453735912439,33.824136705117475,-391.5551190092479,-16.292246098863394,2.501992272937718,63.26220587625321,433.6068398798668,-197.49309484571896,4.064211787348367,316.28923397607014,"[""Inward_FDI_Net_Flow_GDP_Pct_lag1"", ""GDP_log_lag1"", ""Population_log_lag1"", ""Inflation_CPI_Annual_Pct_lag1"", ""Electricity_Access_Pct_lag1"", ""Oil_Rents_GDP_Pct_lag1""]",513.7823288217891,825.1619588891147
M2_Macro_Oil_vs_M3_Macro_Oil_RegQuality__raw_ratio_stress__All_Eligible,Regulatory_Quality_lag1,raw_ratio_stress,Inward_FDI_Net_Flow_GDP_Pct,All_Eligible,all,,Future_Period,train_to_2018__test_from_2019,3135,693,183,177,Ridge,M3_Macro_Oil_RegQuality,-0.1675042737345997,7.157414876431429,2.1008936623014822,4.970453735912439,33.824136705117475,-391.5551190092479,-16.292246098863394,2.501992272937718,63.26220587625321,433.6068398798668,-197.5221903569866,3.921373247812444,316.3686590705572,"[""Inward_FDI_Net_Flow_GDP_Pct_lag1"", ""GDP_log_lag1"", ""Population_log_lag1"", ""Inflation_CPI_Annual_Pct_lag1"", ""Electricity_Access_Pct_lag1"", ""Oil_Rents_GDP_Pct_lag1"", ""Regulatory_Quality_lag1""]",513.8908494275438,825.1619588891147
