Country Name,ISO3,Year,Inward_FDI_Net_Flow_GDP_Pct,Inward_FDI_Net_Flow_GDP_Pct_Derived,Flow_GDP_Pct_Official_Minus_Derived,Absolute_Difference_Pct_Points
Singapore,SGP,2008,7.0232860822828584,7.023286082282858,8.881784197001252e-16,8.881784197001252e-16
Eswatini,SWZ,2022,0.28125560992427306,0.2812556099242731,-5.551115123125783e-17,5.551115123125783e-17
Aruba,ABW,1990,17.063550036522958,17.063550036522958,0.0,0.0
Aruba,ABW,1991,21.1851377322229,21.1851377322229,0.0,0.0
Aruba,ABW,1992,-3.857808857808849,-3.857808857808849,0.0,0.0
Aruba,ABW,1993,-1.6554925219185102,-1.6554925219185102,0.0,0.0
Aruba,ABW,1994,-5.874439461883404,-5.874439461883404,0.0,0.0
Aruba,ABW,1995,-0.41878172588832335,-0.41878172588832335,0.0,0.0
Aruba,ABW,1996,6.161943319838053,6.161943319838053,0.0,0.0
Aruba,ABW,1997,12.913931436907344,12.913931436907344,0.0,0.0
Aruba,ABW,1998,6.813149949681256,6.813149949681256,0.0,0.0
Aruba,ABW,1999,27.136835278858584,27.136835278858584,0.0,0.0
Aruba,ABW,2000,-6.82872717296655,-6.82872717296655,0.0,0.0
Aruba,ABW,2001,-14.075055572608495,-14.075055572608495,0.0,0.0
Aruba,ABW,2002,16.949056012757303,16.949056012757303,0.0,0.0
Aruba,ABW,2003,7.816428711983724,7.816428711983724,0.0,0.0
Aruba,ABW,2004,-4.687638978461372,-4.687638978461372,0.0,0.0
Aruba,ABW,2005,-8.804935635213596,-8.804935635213596,0.0,0.0
Aruba,ABW,2006,8.920466621148263,8.920466621148263,0.0,0.0
Aruba,ABW,2007,-17.590316500513847,-17.590316500513847,0.0,0.0
Aruba,ABW,2008,0.664175810874169,0.664175810874169,0.0,0.0
Aruba,ABW,2009,-0.41563759901471997,-0.41563759901471997,0.0,0.0
Aruba,ABW,2010,7.611672202186746,7.611672202186746,0.0,0.0
Aruba,ABW,2011,18.505780038324605,18.505780038324605,0.0,0.0
Aruba,ABW,2012,-12.033180218075469,-12.033180218075469,0.0,0.0
Aruba,ABW,2013,9.974457135174232,9.974457135174232,0.0,0.0
Aruba,ABW,2014,7.465254603358493,7.465254603358493,0.0,0.0
Aruba,ABW,2015,-0.9072643751616036,-0.9072643751616036,0.0,0.0
Aruba,ABW,2016,0.923397287531133,0.923397287531133,0.0,0.0
Aruba,ABW,2017,5.253375206272799,5.253375206272799,0.0,0.0
Aruba,ABW,2018,4.399817171772706,4.399817171772706,0.0,0.0
Aruba,ABW,2019,-2.2472039816061984,-2.2472039816061984,0.0,0.0
Aruba,ABW,2020,6.544628631062493,6.544628631062493,0.0,0.0
Aruba,ABW,2021,4.62204992644621,4.62204992644621,0.0,0.0
Aruba,ABW,2022,7.459416910668307,7.459416910668307,0.0,0.0
Aruba,ABW,2023,-3.6689355783496644,-3.6689355783496644,0.0,0.0
Aruba,ABW,2024,2.477466300856397,2.477466300856397,0.0,0.0
Afghanistan,AFG,2000,0.004827600617340383,0.004827600617340383,0.0,0.0
Afghanistan,AFG,2001,0.02416856790888892,0.02416856790888892,0.0,0.0
Afghanistan,AFG,2002,1.3069498704288407,1.3069498704288407,0.0,0.0
Afghanistan,AFG,2003,1.2784932519642351,1.2784932519642351,0.0,0.0
Afghanistan,AFG,2004,3.5771042005840017,3.5771042005840017,0.0,0.0
Afghanistan,AFG,2005,4.368673104342874,4.368673104342874,0.0,0.0
Afghanistan,AFG,2006,3.4137729732320112,3.4137729732320112,0.0,0.0
Afghanistan,AFG,2007,1.935701713916356,1.935701713916356,0.0,0.0
Afghanistan,AFG,2008,0.45536044478174004,0.45536044478174004,0.0,0.0
Afghanistan,AFG,2009,0.4518891456218896,0.4518891456218896,0.0,0.0
Afghanistan,AFG,2010,1.2031179898113904,1.2031179898113904,0.0,0.0
Afghanistan,AFG,2011,0.29302517961680297,0.29302517961680297,0.0,0.0
Afghanistan,AFG,2012,0.28544089355457103,0.28544089355457103,0.0,0.0
Afghanistan,AFG,2013,0.2398011844055509,0.2398011844055509,0.0,0.0
Afghanistan,AFG,2014,0.20966479467220256,0.20966479467220256,0.0,0.0
Afghanistan,AFG,2015,0.88400046336123,0.88400046336123,0.0,0.0
Afghanistan,AFG,2016,0.5166060845230934,0.5166060845230934,0.0,0.0
Afghanistan,AFG,2017,0.2747967915728065,0.2747967915728065,0.0,0.0
Afghanistan,AFG,2018,0.6615722177871963,0.6615722177871963,0.0,0.0
Afghanistan,AFG,2019,0.12449598529125788,0.12449598529125788,0.0,0.0
Afghanistan,AFG,2020,0.06499395718087549,0.06499395718087549,0.0,0.0
Afghanistan,AFG,2021,0.1444669466068614,0.1444669466068614,0.0,0.0
Angola,AGO,1990,-2.9814286915521793,-2.9814286915521793,0.0,0.0
Angola,AGO,1991,6.266630535714289,6.266630535714289,0.0,0.0
Angola,AGO,1992,3.4660875279354144,3.4660875279354144,0.0,0.0
Angola,AGO,1993,5.236863254251697,5.236863254251697,0.0,0.0
Angola,AGO,1994,3.837036558029789,3.837036558029789,0.0,0.0
Angola,AGO,1995,8.529488839949918,8.529488839949918,0.0,0.0
Angola,AGO,1996,2.399001963152294,2.399001963152294,0.0,0.0
Angola,AGO,1997,5.382316117560089,5.382316117560089,0.0,0.0
Angola,AGO,1998,17.121611678535096,17.121611678535096,0.0,0.0
Angola,AGO,1999,40.16724856304235,40.16724856304235,0.0,0.0
Angola,AGO,2000,9.623866150387112,9.623866150387112,0.0,0.0
Angola,AGO,2001,24.00907570013414,24.00907570013414,0.0,0.0
Angola,AGO,2002,10.071355733522934,10.071355733522934,0.0,0.0
Angola,AGO,2003,17.58405885714761,17.58405885714761,0.0,0.0
Angola,AGO,2004,8.138490328573383,8.138490328573383,0.0,0.0
Angola,AGO,2005,-3.1496204616989423,-3.1496204616989423,0.0,0.0
Angola,AGO,2006,-0.06430094901690618,-0.06430094901690618,0.0,0.0
Angola,AGO,2007,-1.2231226622549298,-1.2231226622549298,0.0,0.0
Angola,AGO,2008,1.6995279392911653,1.6995279392911653,0.0,0.0
Angola,AGO,2009,2.699092400161833,2.699092400161833,0.0,0.0
Angola,AGO,2010,-3.3776192793543096,-3.3776192793543096,0.0,0.0
Angola,AGO,2011,-2.4083883678161864,-2.4083883678161864,0.0,0.0
Angola,AGO,2012,-1.0201283905861112,-1.0201283905861112,0.0,0.0
Angola,AGO,2013,-4.783504870262637,-4.783504870262637,0.0,0.0
Angola,AGO,2014,2.383524270189495,2.383524270189495,0.0,0.0
Angola,AGO,2015,9.779515450236504,9.779515450236504,0.0,0.0
Angola,AGO,2016,-0.29540475886763645,-0.29540475886763645,0.0,0.0
Angola,AGO,2017,-8.638713161629303,-8.638713161629303,0.0,0.0
Angola,AGO,2018,-7.133308288095193,-7.133308288095193,0.0,0.0
Angola,AGO,2019,-5.047772182899712,-5.047772182899712,0.0,0.0
Angola,AGO,2020,-3.189887603746882,-3.189887603746882,0.0,0.0
Angola,AGO,2021,-5.563232341411538,-5.563232341411538,0.0,0.0
Angola,AGO,2022,-5.145791868551976,-5.145791868551976,0.0,0.0
Angola,AGO,2023,-1.998854414452103,-1.998854414452103,0.0,0.0
Angola,AGO,2024,-1.0765010719966857,-1.0765010719966857,0.0,0.0
Albania,ALB,1992,3.0666615986489645,3.0666615986489645,0.0,0.0
Albania,ALB,1993,4.893212106242993,4.893212106242993,0.0,0.0
Albania,ALB,1994,2.81772379080922,2.81772379080922,0.0,0.0
Albania,ALB,1995,2.4095615821040925,2.4095615821040925,0.0,0.0
Albania,ALB,1996,2.7856046845209343,2.7856046845209343,0.0,0.0
Albania,ALB,1997,2.0709204992734342,2.0709204992734342,0.0,0.0
